=== RARE ITEMSET TREE - RARE PATTERN MINING ===
File dữ liệu: inputITtree.txt
MinRareSupport (minsup): 0.0%
MinFrequentSupport (maxsup): 50.0%
Thời gian bắt đầu: Thu May 29 21:43:57 ICT 2025
Output folder: release/RareItemsetTree/

========== ĐỊNH NGHĨA ==========
- Rare Item: MRT < Support(X) <= MFT
- Frequent Item: Support(X) > MFT
- Infrequent Item: Support(X) <= MRT
- Định nghĩa: -1 < Support(X) <= 6

========== DATABASE INFO ==========
Số lượng giao dịch: 12

========== RARE ITEMSET TREE STRUCTURE ==========
{}   sup=12
  [1]   sup=7
    [1 3]   sup=3
      [1 3 4 6 7]   sup=1
      [1 3 5 6]   sup=1
    [1 2]   sup=3
      [1 2 4 7]   sup=1
      [1 2 3 4 6]   sup=1
      [1 2 5 8]   sup=1
    [1 9 11]   sup=1
  [9]   sup=3
    [9 12]   sup=1
    [9 10 11]   sup=1
  [2]   sup=2
    [2 3 9 11 13]   sup=1
    [2 9 11]   sup=1


========== RARE ITEMSETS ==========
Tìm itemsets với support trong khoảng (-1, 6]
Định nghĩa: MRT < Support(X) <= MFT

--- 2-itemsets HIẾM ---
2 10  #SUP: 0 (0.00%)
2 12  #SUP: 0 (0.00%)
3 8  #SUP: 0 (0.00%)
3 10  #SUP: 0 (0.00%)
3 12  #SUP: 0 (0.00%)
4 5  #SUP: 0 (0.00%)
4 8  #SUP: 0 (0.00%)
4 9  #SUP: 0 (0.00%)
4 10  #SUP: 0 (0.00%)
4 11  #SUP: 0 (0.00%)
4 12  #SUP: 0 (0.00%)
4 13  #SUP: 0 (0.00%)
5 7  #SUP: 0 (0.00%)
5 9  #SUP: 0 (0.00%)
5 10  #SUP: 0 (0.00%)
5 11  #SUP: 0 (0.00%)
5 12  #SUP: 0 (0.00%)
5 13  #SUP: 0 (0.00%)
6 8  #SUP: 0 (0.00%)
6 9  #SUP: 0 (0.00%)
6 10  #SUP: 0 (0.00%)
6 11  #SUP: 0 (0.00%)
6 12  #SUP: 0 (0.00%)
6 13  #SUP: 0 (0.00%)
7 8  #SUP: 0 (0.00%)
7 9  #SUP: 0 (0.00%)
7 10  #SUP: 0 (0.00%)
7 11  #SUP: 0 (0.00%)
7 12  #SUP: 0 (0.00%)
7 13  #SUP: 0 (0.00%)
8 9  #SUP: 0 (0.00%)
8 10  #SUP: 0 (0.00%)
8 11  #SUP: 0 (0.00%)
8 12  #SUP: 0 (0.00%)
8 13  #SUP: 0 (0.00%)
10 12  #SUP: 0 (0.00%)
10 13  #SUP: 0 (0.00%)
11 12  #SUP: 0 (0.00%)
12 13  #SUP: 0 (0.00%)

--- 3-itemsets HIẾM ---
2 3 5  #SUP: 0 (0.00%)
2 3 7  #SUP: 0 (0.00%)
2 3 8  #SUP: 0 (0.00%)
2 3 10  #SUP: 0 (0.00%)
2 3 12  #SUP: 0 (0.00%)
2 4 5  #SUP: 0 (0.00%)
2 4 8  #SUP: 0 (0.00%)
2 4 9  #SUP: 0 (0.00%)
2 4 10  #SUP: 0 (0.00%)
2 4 11  #SUP: 0 (0.00%)
2 4 12  #SUP: 0 (0.00%)
2 4 13  #SUP: 0 (0.00%)
2 5 6  #SUP: 0 (0.00%)
2 5 7  #SUP: 0 (0.00%)
2 5 9  #SUP: 0 (0.00%)
2 5 10  #SUP: 0 (0.00%)
2 5 11  #SUP: 0 (0.00%)
2 5 12  #SUP: 0 (0.00%)
2 5 13  #SUP: 0 (0.00%)
2 6 7  #SUP: 0 (0.00%)
2 6 8  #SUP: 0 (0.00%)
2 6 9  #SUP: 0 (0.00%)
2 6 10  #SUP: 0 (0.00%)
2 6 11  #SUP: 0 (0.00%)
2 6 12  #SUP: 0 (0.00%)
2 6 13  #SUP: 0 (0.00%)
2 7 8  #SUP: 0 (0.00%)
2 7 9  #SUP: 0 (0.00%)
2 7 10  #SUP: 0 (0.00%)
2 7 11  #SUP: 0 (0.00%)
2 7 12  #SUP: 0 (0.00%)
2 7 13  #SUP: 0 (0.00%)
2 8 9  #SUP: 0 (0.00%)
2 8 10  #SUP: 0 (0.00%)
2 8 11  #SUP: 0 (0.00%)
2 8 12  #SUP: 0 (0.00%)
2 8 13  #SUP: 0 (0.00%)
2 9 10  #SUP: 0 (0.00%)
2 9 12  #SUP: 0 (0.00%)
2 10 11  #SUP: 0 (0.00%)
2 10 12  #SUP: 0 (0.00%)
2 10 13  #SUP: 0 (0.00%)
2 11 12  #SUP: 0 (0.00%)
2 12 13  #SUP: 0 (0.00%)
3 4 5  #SUP: 0 (0.00%)
3 4 8  #SUP: 0 (0.00%)
3 4 9  #SUP: 0 (0.00%)
3 4 10  #SUP: 0 (0.00%)
3 4 11  #SUP: 0 (0.00%)
3 4 12  #SUP: 0 (0.00%)
3 4 13  #SUP: 0 (0.00%)
3 5 7  #SUP: 0 (0.00%)
3 5 8  #SUP: 0 (0.00%)
3 5 9  #SUP: 0 (0.00%)
3 5 10  #SUP: 0 (0.00%)
3 5 11  #SUP: 0 (0.00%)
3 5 12  #SUP: 0 (0.00%)
3 5 13  #SUP: 0 (0.00%)
3 6 8  #SUP: 0 (0.00%)
3 6 9  #SUP: 0 (0.00%)
3 6 10  #SUP: 0 (0.00%)
3 6 11  #SUP: 0 (0.00%)
3 6 12  #SUP: 0 (0.00%)
3 6 13  #SUP: 0 (0.00%)
3 7 8  #SUP: 0 (0.00%)
3 7 9  #SUP: 0 (0.00%)
3 7 10  #SUP: 0 (0.00%)
3 7 11  #SUP: 0 (0.00%)
3 7 12  #SUP: 0 (0.00%)
3 7 13  #SUP: 0 (0.00%)
3 8 9  #SUP: 0 (0.00%)
3 8 10  #SUP: 0 (0.00%)
3 8 11  #SUP: 0 (0.00%)
3 8 12  #SUP: 0 (0.00%)
3 8 13  #SUP: 0 (0.00%)
3 9 10  #SUP: 0 (0.00%)
3 9 12  #SUP: 0 (0.00%)
3 10 11  #SUP: 0 (0.00%)
3 10 12  #SUP: 0 (0.00%)
3 10 13  #SUP: 0 (0.00%)
3 11 12  #SUP: 0 (0.00%)
3 12 13  #SUP: 0 (0.00%)
4 5 6  #SUP: 0 (0.00%)
4 5 7  #SUP: 0 (0.00%)
4 5 8  #SUP: 0 (0.00%)
4 5 9  #SUP: 0 (0.00%)
4 5 10  #SUP: 0 (0.00%)
4 5 11  #SUP: 0 (0.00%)
4 5 12  #SUP: 0 (0.00%)
4 5 13  #SUP: 0 (0.00%)
4 6 8  #SUP: 0 (0.00%)
4 6 9  #SUP: 0 (0.00%)
4 6 10  #SUP: 0 (0.00%)
4 6 11  #SUP: 0 (0.00%)
4 6 12  #SUP: 0 (0.00%)
4 6 13  #SUP: 0 (0.00%)
4 7 8  #SUP: 0 (0.00%)
4 7 9  #SUP: 0 (0.00%)
4 7 10  #SUP: 0 (0.00%)
4 7 11  #SUP: 0 (0.00%)
4 7 12  #SUP: 0 (0.00%)
4 7 13  #SUP: 0 (0.00%)
4 8 9  #SUP: 0 (0.00%)
4 8 10  #SUP: 0 (0.00%)
4 8 11  #SUP: 0 (0.00%)
4 8 12  #SUP: 0 (0.00%)
4 8 13  #SUP: 0 (0.00%)
4 9 10  #SUP: 0 (0.00%)
4 9 11  #SUP: 0 (0.00%)
4 9 12  #SUP: 0 (0.00%)
4 9 13  #SUP: 0 (0.00%)
4 10 11  #SUP: 0 (0.00%)
4 10 12  #SUP: 0 (0.00%)
4 10 13  #SUP: 0 (0.00%)
4 11 12  #SUP: 0 (0.00%)
4 11 13  #SUP: 0 (0.00%)
4 12 13  #SUP: 0 (0.00%)
5 6 7  #SUP: 0 (0.00%)
5 6 8  #SUP: 0 (0.00%)
5 6 9  #SUP: 0 (0.00%)
5 6 10  #SUP: 0 (0.00%)
5 6 11  #SUP: 0 (0.00%)
5 6 12  #SUP: 0 (0.00%)
5 6 13  #SUP: 0 (0.00%)
5 7 8  #SUP: 0 (0.00%)
5 7 9  #SUP: 0 (0.00%)
5 7 10  #SUP: 0 (0.00%)
5 7 11  #SUP: 0 (0.00%)
5 7 12  #SUP: 0 (0.00%)
5 7 13  #SUP: 0 (0.00%)
5 8 9  #SUP: 0 (0.00%)
5 8 10  #SUP: 0 (0.00%)
5 8 11  #SUP: 0 (0.00%)
5 8 12  #SUP: 0 (0.00%)
5 8 13  #SUP: 0 (0.00%)
5 9 10  #SUP: 0 (0.00%)
5 9 11  #SUP: 0 (0.00%)
5 9 12  #SUP: 0 (0.00%)
5 9 13  #SUP: 0 (0.00%)
5 10 11  #SUP: 0 (0.00%)
5 10 12  #SUP: 0 (0.00%)
5 10 13  #SUP: 0 (0.00%)
5 11 12  #SUP: 0 (0.00%)
5 11 13  #SUP: 0 (0.00%)
5 12 13  #SUP: 0 (0.00%)
6 7 8  #SUP: 0 (0.00%)
6 7 9  #SUP: 0 (0.00%)
6 7 10  #SUP: 0 (0.00%)
6 7 11  #SUP: 0 (0.00%)
6 7 12  #SUP: 0 (0.00%)
6 7 13  #SUP: 0 (0.00%)
6 8 9  #SUP: 0 (0.00%)
6 8 10  #SUP: 0 (0.00%)
6 8 11  #SUP: 0 (0.00%)
6 8 12  #SUP: 0 (0.00%)
6 8 13  #SUP: 0 (0.00%)
6 9 10  #SUP: 0 (0.00%)
6 9 11  #SUP: 0 (0.00%)
6 9 12  #SUP: 0 (0.00%)
6 9 13  #SUP: 0 (0.00%)
6 10 11  #SUP: 0 (0.00%)
6 10 12  #SUP: 0 (0.00%)
6 10 13  #SUP: 0 (0.00%)
6 11 12  #SUP: 0 (0.00%)
6 11 13  #SUP: 0 (0.00%)
6 12 13  #SUP: 0 (0.00%)
7 8 9  #SUP: 0 (0.00%)
7 8 10  #SUP: 0 (0.00%)
7 8 11  #SUP: 0 (0.00%)
7 8 12  #SUP: 0 (0.00%)
7 8 13  #SUP: 0 (0.00%)
7 9 10  #SUP: 0 (0.00%)
7 9 11  #SUP: 0 (0.00%)
7 9 12  #SUP: 0 (0.00%)
7 9 13  #SUP: 0 (0.00%)
7 10 11  #SUP: 0 (0.00%)
7 10 12  #SUP: 0 (0.00%)
7 10 13  #SUP: 0 (0.00%)
7 11 12  #SUP: 0 (0.00%)
7 11 13  #SUP: 0 (0.00%)
7 12 13  #SUP: 0 (0.00%)
8 9 10  #SUP: 0 (0.00%)
8 9 11  #SUP: 0 (0.00%)
8 9 12  #SUP: 0 (0.00%)
8 9 13  #SUP: 0 (0.00%)
8 10 11  #SUP: 0 (0.00%)
8 10 12  #SUP: 0 (0.00%)
8 10 13  #SUP: 0 (0.00%)
8 11 12  #SUP: 0 (0.00%)
8 11 13  #SUP: 0 (0.00%)
8 12 13  #SUP: 0 (0.00%)
9 10 12  #SUP: 0 (0.00%)
9 10 13  #SUP: 0 (0.00%)
9 11 12  #SUP: 0 (0.00%)
9 12 13  #SUP: 0 (0.00%)
10 11 12  #SUP: 0 (0.00%)
10 11 13  #SUP: 0 (0.00%)
10 12 13  #SUP: 0 (0.00%)
11 12 13  #SUP: 0 (0.00%)

--- 4-itemsets HIẾM ---
2 3 4 5  #SUP: 0 (0.00%)
2 3 4 7  #SUP: 0 (0.00%)
2 3 4 8  #SUP: 0 (0.00%)
2 3 4 9  #SUP: 0 (0.00%)
2 3 4 10  #SUP: 0 (0.00%)
2 3 4 11  #SUP: 0 (0.00%)
2 3 4 12  #SUP: 0 (0.00%)
2 3 4 13  #SUP: 0 (0.00%)
2 3 5 6  #SUP: 0 (0.00%)
2 3 5 7  #SUP: 0 (0.00%)
2 3 5 8  #SUP: 0 (0.00%)
2 3 5 9  #SUP: 0 (0.00%)
2 3 5 10  #SUP: 0 (0.00%)
2 3 5 11  #SUP: 0 (0.00%)
2 3 5 12  #SUP: 0 (0.00%)
2 3 5 13  #SUP: 0 (0.00%)
2 3 6 7  #SUP: 0 (0.00%)
2 3 6 8  #SUP: 0 (0.00%)
2 3 6 9  #SUP: 0 (0.00%)
2 3 6 10  #SUP: 0 (0.00%)
2 3 6 11  #SUP: 0 (0.00%)
2 3 6 12  #SUP: 0 (0.00%)
2 3 6 13  #SUP: 0 (0.00%)
2 3 7 8  #SUP: 0 (0.00%)
2 3 7 9  #SUP: 0 (0.00%)
2 3 7 10  #SUP: 0 (0.00%)
2 3 7 11  #SUP: 0 (0.00%)
2 3 7 12  #SUP: 0 (0.00%)
2 3 7 13  #SUP: 0 (0.00%)
2 3 8 9  #SUP: 0 (0.00%)
2 3 8 10  #SUP: 0 (0.00%)
2 3 8 11  #SUP: 0 (0.00%)
2 3 8 12  #SUP: 0 (0.00%)
2 3 8 13  #SUP: 0 (0.00%)
2 3 9 10  #SUP: 0 (0.00%)
2 3 9 12  #SUP: 0 (0.00%)
2 3 10 11  #SUP: 0 (0.00%)
2 3 10 12  #SUP: 0 (0.00%)
2 3 10 13  #SUP: 0 (0.00%)
2 3 11 12  #SUP: 0 (0.00%)
2 3 12 13  #SUP: 0 (0.00%)
2 4 5 6  #SUP: 0 (0.00%)
2 4 5 7  #SUP: 0 (0.00%)
2 4 5 8  #SUP: 0 (0.00%)
2 4 5 9  #SUP: 0 (0.00%)
2 4 5 10  #SUP: 0 (0.00%)
2 4 5 11  #SUP: 0 (0.00%)
2 4 5 12  #SUP: 0 (0.00%)
2 4 5 13  #SUP: 0 (0.00%)
2 4 6 7  #SUP: 0 (0.00%)
2 4 6 8  #SUP: 0 (0.00%)
2 4 6 9  #SUP: 0 (0.00%)
2 4 6 10  #SUP: 0 (0.00%)
2 4 6 11  #SUP: 0 (0.00%)
2 4 6 12  #SUP: 0 (0.00%)
2 4 6 13  #SUP: 0 (0.00%)
2 4 7 8  #SUP: 0 (0.00%)
2 4 7 9  #SUP: 0 (0.00%)
2 4 7 10  #SUP: 0 (0.00%)
2 4 7 11  #SUP: 0 (0.00%)
2 4 7 12  #SUP: 0 (0.00%)
2 4 7 13  #SUP: 0 (0.00%)
2 4 8 9  #SUP: 0 (0.00%)
2 4 8 10  #SUP: 0 (0.00%)
2 4 8 11  #SUP: 0 (0.00%)
2 4 8 12  #SUP: 0 (0.00%)
2 4 8 13  #SUP: 0 (0.00%)
2 4 9 10  #SUP: 0 (0.00%)
2 4 9 11  #SUP: 0 (0.00%)
2 4 9 12  #SUP: 0 (0.00%)
2 4 9 13  #SUP: 0 (0.00%)
2 4 10 11  #SUP: 0 (0.00%)
2 4 10 12  #SUP: 0 (0.00%)
2 4 10 13  #SUP: 0 (0.00%)
2 4 11 12  #SUP: 0 (0.00%)
2 4 11 13  #SUP: 0 (0.00%)
2 4 12 13  #SUP: 0 (0.00%)
2 5 6 7  #SUP: 0 (0.00%)
2 5 6 8  #SUP: 0 (0.00%)
2 5 6 9  #SUP: 0 (0.00%)
2 5 6 10  #SUP: 0 (0.00%)
2 5 6 11  #SUP: 0 (0.00%)
2 5 6 12  #SUP: 0 (0.00%)
2 5 6 13  #SUP: 0 (0.00%)
2 5 7 8  #SUP: 0 (0.00%)
2 5 7 9  #SUP: 0 (0.00%)
2 5 7 10  #SUP: 0 (0.00%)
2 5 7 11  #SUP: 0 (0.00%)
2 5 7 12  #SUP: 0 (0.00%)
2 5 7 13  #SUP: 0 (0.00%)
2 5 8 9  #SUP: 0 (0.00%)
2 5 8 10  #SUP: 0 (0.00%)
2 5 8 11  #SUP: 0 (0.00%)
2 5 8 12  #SUP: 0 (0.00%)
2 5 8 13  #SUP: 0 (0.00%)
2 5 9 10  #SUP: 0 (0.00%)
2 5 9 11  #SUP: 0 (0.00%)
2 5 9 12  #SUP: 0 (0.00%)
2 5 9 13  #SUP: 0 (0.00%)
2 5 10 11  #SUP: 0 (0.00%)
2 5 10 12  #SUP: 0 (0.00%)
2 5 10 13  #SUP: 0 (0.00%)
2 5 11 12  #SUP: 0 (0.00%)
2 5 11 13  #SUP: 0 (0.00%)
2 5 12 13  #SUP: 0 (0.00%)
2 6 7 8  #SUP: 0 (0.00%)
2 6 7 9  #SUP: 0 (0.00%)
2 6 7 10  #SUP: 0 (0.00%)
2 6 7 11  #SUP: 0 (0.00%)
2 6 7 12  #SUP: 0 (0.00%)
2 6 7 13  #SUP: 0 (0.00%)
2 6 8 9  #SUP: 0 (0.00%)
2 6 8 10  #SUP: 0 (0.00%)
2 6 8 11  #SUP: 0 (0.00%)
2 6 8 12  #SUP: 0 (0.00%)
2 6 8 13  #SUP: 0 (0.00%)
2 6 9 10  #SUP: 0 (0.00%)
2 6 9 11  #SUP: 0 (0.00%)
2 6 9 12  #SUP: 0 (0.00%)
2 6 9 13  #SUP: 0 (0.00%)
2 6 10 11  #SUP: 0 (0.00%)
2 6 10 12  #SUP: 0 (0.00%)
2 6 10 13  #SUP: 0 (0.00%)
2 6 11 12  #SUP: 0 (0.00%)
2 6 11 13  #SUP: 0 (0.00%)
2 6 12 13  #SUP: 0 (0.00%)
2 7 8 9  #SUP: 0 (0.00%)
2 7 8 10  #SUP: 0 (0.00%)
2 7 8 11  #SUP: 0 (0.00%)
2 7 8 12  #SUP: 0 (0.00%)
2 7 8 13  #SUP: 0 (0.00%)
2 7 9 10  #SUP: 0 (0.00%)
2 7 9 11  #SUP: 0 (0.00%)
2 7 9 12  #SUP: 0 (0.00%)
2 7 9 13  #SUP: 0 (0.00%)
2 7 10 11  #SUP: 0 (0.00%)
2 7 10 12  #SUP: 0 (0.00%)
2 7 10 13  #SUP: 0 (0.00%)
2 7 11 12  #SUP: 0 (0.00%)
2 7 11 13  #SUP: 0 (0.00%)
2 7 12 13  #SUP: 0 (0.00%)
2 8 9 10  #SUP: 0 (0.00%)
2 8 9 11  #SUP: 0 (0.00%)
2 8 9 12  #SUP: 0 (0.00%)
2 8 9 13  #SUP: 0 (0.00%)
2 8 10 11  #SUP: 0 (0.00%)
2 8 10 12  #SUP: 0 (0.00%)
2 8 10 13  #SUP: 0 (0.00%)
2 8 11 12  #SUP: 0 (0.00%)
2 8 11 13  #SUP: 0 (0.00%)
2 8 12 13  #SUP: 0 (0.00%)
2 9 10 11  #SUP: 0 (0.00%)
2 9 10 12  #SUP: 0 (0.00%)
2 9 10 13  #SUP: 0 (0.00%)
2 9 11 12  #SUP: 0 (0.00%)
2 9 12 13  #SUP: 0 (0.00%)
2 10 11 12  #SUP: 0 (0.00%)
2 10 11 13  #SUP: 0 (0.00%)
2 10 12 13  #SUP: 0 (0.00%)
2 11 12 13  #SUP: 0 (0.00%)
3 4 5 6  #SUP: 0 (0.00%)
3 4 5 7  #SUP: 0 (0.00%)
3 4 5 8  #SUP: 0 (0.00%)
3 4 5 9  #SUP: 0 (0.00%)
3 4 5 10  #SUP: 0 (0.00%)
3 4 5 11  #SUP: 0 (0.00%)
3 4 5 12  #SUP: 0 (0.00%)
3 4 5 13  #SUP: 0 (0.00%)
3 4 6 8  #SUP: 0 (0.00%)
3 4 6 9  #SUP: 0 (0.00%)
3 4 6 10  #SUP: 0 (0.00%)
3 4 6 11  #SUP: 0 (0.00%)
3 4 6 12  #SUP: 0 (0.00%)
3 4 6 13  #SUP: 0 (0.00%)
3 4 7 8  #SUP: 0 (0.00%)
3 4 7 9  #SUP: 0 (0.00%)
3 4 7 10  #SUP: 0 (0.00%)
3 4 7 11  #SUP: 0 (0.00%)
3 4 7 12  #SUP: 0 (0.00%)
3 4 7 13  #SUP: 0 (0.00%)
3 4 8 9  #SUP: 0 (0.00%)
3 4 8 10  #SUP: 0 (0.00%)
3 4 8 11  #SUP: 0 (0.00%)
3 4 8 12  #SUP: 0 (0.00%)
3 4 8 13  #SUP: 0 (0.00%)
3 4 9 10  #SUP: 0 (0.00%)
3 4 9 11  #SUP: 0 (0.00%)
3 4 9 12  #SUP: 0 (0.00%)
3 4 9 13  #SUP: 0 (0.00%)
3 4 10 11  #SUP: 0 (0.00%)
3 4 10 12  #SUP: 0 (0.00%)
3 4 10 13  #SUP: 0 (0.00%)
3 4 11 12  #SUP: 0 (0.00%)
3 4 11 13  #SUP: 0 (0.00%)
3 4 12 13  #SUP: 0 (0.00%)
3 5 6 7  #SUP: 0 (0.00%)
3 5 6 8  #SUP: 0 (0.00%)
3 5 6 9  #SUP: 0 (0.00%)
3 5 6 10  #SUP: 0 (0.00%)
3 5 6 11  #SUP: 0 (0.00%)
3 5 6 12  #SUP: 0 (0.00%)
3 5 6 13  #SUP: 0 (0.00%)
3 5 7 8  #SUP: 0 (0.00%)
3 5 7 9  #SUP: 0 (0.00%)
3 5 7 10  #SUP: 0 (0.00%)
3 5 7 11  #SUP: 0 (0.00%)
3 5 7 12  #SUP: 0 (0.00%)
3 5 7 13  #SUP: 0 (0.00%)
3 5 8 9  #SUP: 0 (0.00%)
3 5 8 10  #SUP: 0 (0.00%)
3 5 8 11  #SUP: 0 (0.00%)
3 5 8 12  #SUP: 0 (0.00%)
3 5 8 13  #SUP: 0 (0.00%)
3 5 9 10  #SUP: 0 (0.00%)
3 5 9 11  #SUP: 0 (0.00%)
3 5 9 12  #SUP: 0 (0.00%)
3 5 9 13  #SUP: 0 (0.00%)
3 5 10 11  #SUP: 0 (0.00%)
3 5 10 12  #SUP: 0 (0.00%)
3 5 10 13  #SUP: 0 (0.00%)
3 5 11 12  #SUP: 0 (0.00%)
3 5 11 13  #SUP: 0 (0.00%)
3 5 12 13  #SUP: 0 (0.00%)
3 6 7 8  #SUP: 0 (0.00%)
3 6 7 9  #SUP: 0 (0.00%)
3 6 7 10  #SUP: 0 (0.00%)
3 6 7 11  #SUP: 0 (0.00%)
3 6 7 12  #SUP: 0 (0.00%)
3 6 7 13  #SUP: 0 (0.00%)
3 6 8 9  #SUP: 0 (0.00%)
3 6 8 10  #SUP: 0 (0.00%)
3 6 8 11  #SUP: 0 (0.00%)
3 6 8 12  #SUP: 0 (0.00%)
3 6 8 13  #SUP: 0 (0.00%)
3 6 9 10  #SUP: 0 (0.00%)
3 6 9 11  #SUP: 0 (0.00%)
3 6 9 12  #SUP: 0 (0.00%)
3 6 9 13  #SUP: 0 (0.00%)
3 6 10 11  #SUP: 0 (0.00%)
3 6 10 12  #SUP: 0 (0.00%)
3 6 10 13  #SUP: 0 (0.00%)
3 6 11 12  #SUP: 0 (0.00%)
3 6 11 13  #SUP: 0 (0.00%)
3 6 12 13  #SUP: 0 (0.00%)
3 7 8 9  #SUP: 0 (0.00%)
3 7 8 10  #SUP: 0 (0.00%)
3 7 8 11  #SUP: 0 (0.00%)
3 7 8 12  #SUP: 0 (0.00%)
3 7 8 13  #SUP: 0 (0.00%)
3 7 9 10  #SUP: 0 (0.00%)
3 7 9 11  #SUP: 0 (0.00%)
3 7 9 12  #SUP: 0 (0.00%)
3 7 9 13  #SUP: 0 (0.00%)
3 7 10 11  #SUP: 0 (0.00%)
3 7 10 12  #SUP: 0 (0.00%)
3 7 10 13  #SUP: 0 (0.00%)
3 7 11 12  #SUP: 0 (0.00%)
3 7 11 13  #SUP: 0 (0.00%)
3 7 12 13  #SUP: 0 (0.00%)
3 8 9 10  #SUP: 0 (0.00%)
3 8 9 11  #SUP: 0 (0.00%)
3 8 9 12  #SUP: 0 (0.00%)
3 8 9 13  #SUP: 0 (0.00%)
3 8 10 11  #SUP: 0 (0.00%)
3 8 10 12  #SUP: 0 (0.00%)
3 8 10 13  #SUP: 0 (0.00%)
3 8 11 12  #SUP: 0 (0.00%)
3 8 11 13  #SUP: 0 (0.00%)
3 8 12 13  #SUP: 0 (0.00%)
3 9 10 11  #SUP: 0 (0.00%)
3 9 10 12  #SUP: 0 (0.00%)
3 9 10 13  #SUP: 0 (0.00%)
3 9 11 12  #SUP: 0 (0.00%)
3 9 12 13  #SUP: 0 (0.00%)
3 10 11 12  #SUP: 0 (0.00%)
3 10 11 13  #SUP: 0 (0.00%)
3 10 12 13  #SUP: 0 (0.00%)
3 11 12 13  #SUP: 0 (0.00%)
4 5 6 7  #SUP: 0 (0.00%)
4 5 6 8  #SUP: 0 (0.00%)
4 5 6 9  #SUP: 0 (0.00%)
4 5 6 10  #SUP: 0 (0.00%)
4 5 6 11  #SUP: 0 (0.00%)
4 5 6 12  #SUP: 0 (0.00%)
4 5 6 13  #SUP: 0 (0.00%)
4 5 7 8  #SUP: 0 (0.00%)
4 5 7 9  #SUP: 0 (0.00%)
4 5 7 10  #SUP: 0 (0.00%)
4 5 7 11  #SUP: 0 (0.00%)
4 5 7 12  #SUP: 0 (0.00%)
4 5 7 13  #SUP: 0 (0.00%)
4 5 8 9  #SUP: 0 (0.00%)
4 5 8 10  #SUP: 0 (0.00%)
4 5 8 11  #SUP: 0 (0.00%)
4 5 8 12  #SUP: 0 (0.00%)
4 5 8 13  #SUP: 0 (0.00%)
4 5 9 10  #SUP: 0 (0.00%)
4 5 9 11  #SUP: 0 (0.00%)
4 5 9 12  #SUP: 0 (0.00%)
4 5 9 13  #SUP: 0 (0.00%)
4 5 10 11  #SUP: 0 (0.00%)
4 5 10 12  #SUP: 0 (0.00%)
4 5 10 13  #SUP: 0 (0.00%)
4 5 11 12  #SUP: 0 (0.00%)
4 5 11 13  #SUP: 0 (0.00%)
4 5 12 13  #SUP: 0 (0.00%)
4 6 7 8  #SUP: 0 (0.00%)
4 6 7 9  #SUP: 0 (0.00%)
4 6 7 10  #SUP: 0 (0.00%)
4 6 7 11  #SUP: 0 (0.00%)
4 6 7 12  #SUP: 0 (0.00%)
4 6 7 13  #SUP: 0 (0.00%)
4 6 8 9  #SUP: 0 (0.00%)
4 6 8 10  #SUP: 0 (0.00%)
4 6 8 11  #SUP: 0 (0.00%)
4 6 8 12  #SUP: 0 (0.00%)
4 6 8 13  #SUP: 0 (0.00%)
4 6 9 10  #SUP: 0 (0.00%)
4 6 9 11  #SUP: 0 (0.00%)
4 6 9 12  #SUP: 0 (0.00%)
4 6 9 13  #SUP: 0 (0.00%)
4 6 10 11  #SUP: 0 (0.00%)
4 6 10 12  #SUP: 0 (0.00%)
4 6 10 13  #SUP: 0 (0.00%)
4 6 11 12  #SUP: 0 (0.00%)
4 6 11 13  #SUP: 0 (0.00%)
4 6 12 13  #SUP: 0 (0.00%)
4 7 8 9  #SUP: 0 (0.00%)
4 7 8 10  #SUP: 0 (0.00%)
4 7 8 11  #SUP: 0 (0.00%)
4 7 8 12  #SUP: 0 (0.00%)
4 7 8 13  #SUP: 0 (0.00%)
4 7 9 10  #SUP: 0 (0.00%)
4 7 9 11  #SUP: 0 (0.00%)
4 7 9 12  #SUP: 0 (0.00%)
4 7 9 13  #SUP: 0 (0.00%)
4 7 10 11  #SUP: 0 (0.00%)
4 7 10 12  #SUP: 0 (0.00%)
4 7 10 13  #SUP: 0 (0.00%)
4 7 11 12  #SUP: 0 (0.00%)
4 7 11 13  #SUP: 0 (0.00%)
4 7 12 13  #SUP: 0 (0.00%)
4 8 9 10  #SUP: 0 (0.00%)
4 8 9 11  #SUP: 0 (0.00%)
4 8 9 12  #SUP: 0 (0.00%)
4 8 9 13  #SUP: 0 (0.00%)
4 8 10 11  #SUP: 0 (0.00%)
4 8 10 12  #SUP: 0 (0.00%)
4 8 10 13  #SUP: 0 (0.00%)
4 8 11 12  #SUP: 0 (0.00%)
4 8 11 13  #SUP: 0 (0.00%)
4 8 12 13  #SUP: 0 (0.00%)
4 9 10 11  #SUP: 0 (0.00%)
4 9 10 12  #SUP: 0 (0.00%)
4 9 10 13  #SUP: 0 (0.00%)
4 9 11 12  #SUP: 0 (0.00%)
4 9 11 13  #SUP: 0 (0.00%)
4 9 12 13  #SUP: 0 (0.00%)
4 10 11 12  #SUP: 0 (0.00%)
4 10 11 13  #SUP: 0 (0.00%)
4 10 12 13  #SUP: 0 (0.00%)
4 11 12 13  #SUP: 0 (0.00%)
5 6 7 8  #SUP: 0 (0.00%)
5 6 7 9  #SUP: 0 (0.00%)
5 6 7 10  #SUP: 0 (0.00%)
5 6 7 11  #SUP: 0 (0.00%)
5 6 7 12  #SUP: 0 (0.00%)
5 6 7 13  #SUP: 0 (0.00%)
5 6 8 9  #SUP: 0 (0.00%)
5 6 8 10  #SUP: 0 (0.00%)
5 6 8 11  #SUP: 0 (0.00%)
5 6 8 12  #SUP: 0 (0.00%)
5 6 8 13  #SUP: 0 (0.00%)
5 6 9 10  #SUP: 0 (0.00%)
5 6 9 11  #SUP: 0 (0.00%)
5 6 9 12  #SUP: 0 (0.00%)
5 6 9 13  #SUP: 0 (0.00%)
5 6 10 11  #SUP: 0 (0.00%)
5 6 10 12  #SUP: 0 (0.00%)
5 6 10 13  #SUP: 0 (0.00%)
5 6 11 12  #SUP: 0 (0.00%)
5 6 11 13  #SUP: 0 (0.00%)
5 6 12 13  #SUP: 0 (0.00%)
5 7 8 9  #SUP: 0 (0.00%)
5 7 8 10  #SUP: 0 (0.00%)
5 7 8 11  #SUP: 0 (0.00%)
5 7 8 12  #SUP: 0 (0.00%)
5 7 8 13  #SUP: 0 (0.00%)
5 7 9 10  #SUP: 0 (0.00%)
5 7 9 11  #SUP: 0 (0.00%)
5 7 9 12  #SUP: 0 (0.00%)
5 7 9 13  #SUP: 0 (0.00%)
5 7 10 11  #SUP: 0 (0.00%)
5 7 10 12  #SUP: 0 (0.00%)
5 7 10 13  #SUP: 0 (0.00%)
5 7 11 12  #SUP: 0 (0.00%)
5 7 11 13  #SUP: 0 (0.00%)
5 7 12 13  #SUP: 0 (0.00%)
5 8 9 10  #SUP: 0 (0.00%)
5 8 9 11  #SUP: 0 (0.00%)
5 8 9 12  #SUP: 0 (0.00%)
5 8 9 13  #SUP: 0 (0.00%)
5 8 10 11  #SUP: 0 (0.00%)
5 8 10 12  #SUP: 0 (0.00%)
5 8 10 13  #SUP: 0 (0.00%)
5 8 11 12  #SUP: 0 (0.00%)
5 8 11 13  #SUP: 0 (0.00%)
5 8 12 13  #SUP: 0 (0.00%)
5 9 10 11  #SUP: 0 (0.00%)
5 9 10 12  #SUP: 0 (0.00%)
5 9 10 13  #SUP: 0 (0.00%)
5 9 11 12  #SUP: 0 (0.00%)
5 9 11 13  #SUP: 0 (0.00%)
5 9 12 13  #SUP: 0 (0.00%)
5 10 11 12  #SUP: 0 (0.00%)
5 10 11 13  #SUP: 0 (0.00%)
5 10 12 13  #SUP: 0 (0.00%)
5 11 12 13  #SUP: 0 (0.00%)
6 7 8 9  #SUP: 0 (0.00%)
6 7 8 10  #SUP: 0 (0.00%)
6 7 8 11  #SUP: 0 (0.00%)
6 7 8 12  #SUP: 0 (0.00%)
6 7 8 13  #SUP: 0 (0.00%)
6 7 9 10  #SUP: 0 (0.00%)
6 7 9 11  #SUP: 0 (0.00%)
6 7 9 12  #SUP: 0 (0.00%)
6 7 9 13  #SUP: 0 (0.00%)
6 7 10 11  #SUP: 0 (0.00%)
6 7 10 12  #SUP: 0 (0.00%)
6 7 10 13  #SUP: 0 (0.00%)
6 7 11 12  #SUP: 0 (0.00%)
6 7 11 13  #SUP: 0 (0.00%)
6 7 12 13  #SUP: 0 (0.00%)
6 8 9 10  #SUP: 0 (0.00%)
6 8 9 11  #SUP: 0 (0.00%)
6 8 9 12  #SUP: 0 (0.00%)
6 8 9 13  #SUP: 0 (0.00%)
6 8 10 11  #SUP: 0 (0.00%)
6 8 10 12  #SUP: 0 (0.00%)
6 8 10 13  #SUP: 0 (0.00%)
6 8 11 12  #SUP: 0 (0.00%)
6 8 11 13  #SUP: 0 (0.00%)
6 8 12 13  #SUP: 0 (0.00%)
6 9 10 11  #SUP: 0 (0.00%)
6 9 10 12  #SUP: 0 (0.00%)
6 9 10 13  #SUP: 0 (0.00%)
6 9 11 12  #SUP: 0 (0.00%)
6 9 11 13  #SUP: 0 (0.00%)
6 9 12 13  #SUP: 0 (0.00%)
6 10 11 12  #SUP: 0 (0.00%)
6 10 11 13  #SUP: 0 (0.00%)
6 10 12 13  #SUP: 0 (0.00%)
6 11 12 13  #SUP: 0 (0.00%)
7 8 9 10  #SUP: 0 (0.00%)
7 8 9 11  #SUP: 0 (0.00%)
7 8 9 12  #SUP: 0 (0.00%)
7 8 9 13  #SUP: 0 (0.00%)
7 8 10 11  #SUP: 0 (0.00%)
7 8 10 12  #SUP: 0 (0.00%)
7 8 10 13  #SUP: 0 (0.00%)
7 8 11 12  #SUP: 0 (0.00%)
7 8 11 13  #SUP: 0 (0.00%)
7 8 12 13  #SUP: 0 (0.00%)
7 9 10 11  #SUP: 0 (0.00%)
7 9 10 12  #SUP: 0 (0.00%)
7 9 10 13  #SUP: 0 (0.00%)
7 9 11 12  #SUP: 0 (0.00%)
7 9 11 13  #SUP: 0 (0.00%)
7 9 12 13  #SUP: 0 (0.00%)
7 10 11 12  #SUP: 0 (0.00%)
7 10 11 13  #SUP: 0 (0.00%)
7 10 12 13  #SUP: 0 (0.00%)
7 11 12 13  #SUP: 0 (0.00%)
8 9 10 11  #SUP: 0 (0.00%)
8 9 10 12  #SUP: 0 (0.00%)
8 9 10 13  #SUP: 0 (0.00%)
8 9 11 12  #SUP: 0 (0.00%)
8 9 11 13  #SUP: 0 (0.00%)
8 9 12 13  #SUP: 0 (0.00%)
8 10 11 12  #SUP: 0 (0.00%)
8 10 11 13  #SUP: 0 (0.00%)
8 10 12 13  #SUP: 0 (0.00%)
8 11 12 13  #SUP: 0 (0.00%)
9 10 11 12  #SUP: 0 (0.00%)
9 10 11 13  #SUP: 0 (0.00%)
9 10 12 13  #SUP: 0 (0.00%)
9 11 12 13  #SUP: 0 (0.00%)
10 11 12 13  #SUP: 0 (0.00%)

--- 5-itemsets HIẾM ---
2 3 4 5 6  #SUP: 0 (0.00%)
2 3 4 5 7  #SUP: 0 (0.00%)
2 3 4 5 8  #SUP: 0 (0.00%)
2 3 4 5 9  #SUP: 0 (0.00%)
2 3 4 5 10  #SUP: 0 (0.00%)
2 3 4 5 11  #SUP: 0 (0.00%)
2 3 4 5 12  #SUP: 0 (0.00%)
2 3 4 5 13  #SUP: 0 (0.00%)
2 3 4 6 7  #SUP: 0 (0.00%)
2 3 4 6 8  #SUP: 0 (0.00%)
2 3 4 6 9  #SUP: 0 (0.00%)
2 3 4 6 10  #SUP: 0 (0.00%)
2 3 4 6 11  #SUP: 0 (0.00%)
2 3 4 6 12  #SUP: 0 (0.00%)
2 3 4 6 13  #SUP: 0 (0.00%)
2 3 4 7 8  #SUP: 0 (0.00%)
2 3 4 7 9  #SUP: 0 (0.00%)
2 3 4 7 10  #SUP: 0 (0.00%)
2 3 4 7 11  #SUP: 0 (0.00%)
2 3 4 7 12  #SUP: 0 (0.00%)
2 3 4 7 13  #SUP: 0 (0.00%)
2 3 4 8 9  #SUP: 0 (0.00%)
2 3 4 8 10  #SUP: 0 (0.00%)
2 3 4 8 11  #SUP: 0 (0.00%)
2 3 4 8 12  #SUP: 0 (0.00%)
2 3 4 8 13  #SUP: 0 (0.00%)
2 3 4 9 10  #SUP: 0 (0.00%)
2 3 4 9 11  #SUP: 0 (0.00%)
2 3 4 9 12  #SUP: 0 (0.00%)
2 3 4 9 13  #SUP: 0 (0.00%)
2 3 4 10 11  #SUP: 0 (0.00%)
2 3 4 10 12  #SUP: 0 (0.00%)
2 3 4 10 13  #SUP: 0 (0.00%)
2 3 4 11 12  #SUP: 0 (0.00%)
2 3 4 11 13  #SUP: 0 (0.00%)
2 3 4 12 13  #SUP: 0 (0.00%)
2 3 5 6 7  #SUP: 0 (0.00%)
2 3 5 6 8  #SUP: 0 (0.00%)
2 3 5 6 9  #SUP: 0 (0.00%)
2 3 5 6 10  #SUP: 0 (0.00%)
2 3 5 6 11  #SUP: 0 (0.00%)
2 3 5 6 12  #SUP: 0 (0.00%)
2 3 5 6 13  #SUP: 0 (0.00%)
2 3 5 7 8  #SUP: 0 (0.00%)
2 3 5 7 9  #SUP: 0 (0.00%)
2 3 5 7 10  #SUP: 0 (0.00%)
2 3 5 7 11  #SUP: 0 (0.00%)
2 3 5 7 12  #SUP: 0 (0.00%)
2 3 5 7 13  #SUP: 0 (0.00%)
2 3 5 8 9  #SUP: 0 (0.00%)
2 3 5 8 10  #SUP: 0 (0.00%)
2 3 5 8 11  #SUP: 0 (0.00%)
2 3 5 8 12  #SUP: 0 (0.00%)
2 3 5 8 13  #SUP: 0 (0.00%)
2 3 5 9 10  #SUP: 0 (0.00%)
2 3 5 9 11  #SUP: 0 (0.00%)
2 3 5 9 12  #SUP: 0 (0.00%)
2 3 5 9 13  #SUP: 0 (0.00%)
2 3 5 10 11  #SUP: 0 (0.00%)
2 3 5 10 12  #SUP: 0 (0.00%)
2 3 5 10 13  #SUP: 0 (0.00%)
2 3 5 11 12  #SUP: 0 (0.00%)
2 3 5 11 13  #SUP: 0 (0.00%)
2 3 5 12 13  #SUP: 0 (0.00%)
2 3 6 7 8  #SUP: 0 (0.00%)
2 3 6 7 9  #SUP: 0 (0.00%)
2 3 6 7 10  #SUP: 0 (0.00%)
2 3 6 7 11  #SUP: 0 (0.00%)
2 3 6 7 12  #SUP: 0 (0.00%)
2 3 6 7 13  #SUP: 0 (0.00%)
2 3 6 8 9  #SUP: 0 (0.00%)
2 3 6 8 10  #SUP: 0 (0.00%)
2 3 6 8 11  #SUP: 0 (0.00%)
2 3 6 8 12  #SUP: 0 (0.00%)
2 3 6 8 13  #SUP: 0 (0.00%)
2 3 6 9 10  #SUP: 0 (0.00%)
2 3 6 9 11  #SUP: 0 (0.00%)
2 3 6 9 12  #SUP: 0 (0.00%)
2 3 6 9 13  #SUP: 0 (0.00%)
2 3 6 10 11  #SUP: 0 (0.00%)
2 3 6 10 12  #SUP: 0 (0.00%)
2 3 6 10 13  #SUP: 0 (0.00%)
2 3 6 11 12  #SUP: 0 (0.00%)
2 3 6 11 13  #SUP: 0 (0.00%)
2 3 6 12 13  #SUP: 0 (0.00%)
2 3 7 8 9  #SUP: 0 (0.00%)
2 3 7 8 10  #SUP: 0 (0.00%)
2 3 7 8 11  #SUP: 0 (0.00%)
2 3 7 8 12  #SUP: 0 (0.00%)
2 3 7 8 13  #SUP: 0 (0.00%)
2 3 7 9 10  #SUP: 0 (0.00%)
2 3 7 9 11  #SUP: 0 (0.00%)
2 3 7 9 12  #SUP: 0 (0.00%)
2 3 7 9 13  #SUP: 0 (0.00%)
2 3 7 10 11  #SUP: 0 (0.00%)
2 3 7 10 12  #SUP: 0 (0.00%)
2 3 7 10 13  #SUP: 0 (0.00%)
2 3 7 11 12  #SUP: 0 (0.00%)
2 3 7 11 13  #SUP: 0 (0.00%)
2 3 7 12 13  #SUP: 0 (0.00%)
2 3 8 9 10  #SUP: 0 (0.00%)
2 3 8 9 11  #SUP: 0 (0.00%)
2 3 8 9 12  #SUP: 0 (0.00%)
2 3 8 9 13  #SUP: 0 (0.00%)
2 3 8 10 11  #SUP: 0 (0.00%)
2 3 8 10 12  #SUP: 0 (0.00%)
2 3 8 10 13  #SUP: 0 (0.00%)
2 3 8 11 12  #SUP: 0 (0.00%)
2 3 8 11 13  #SUP: 0 (0.00%)
2 3 8 12 13  #SUP: 0 (0.00%)
2 3 9 10 11  #SUP: 0 (0.00%)
2 3 9 10 12  #SUP: 0 (0.00%)
2 3 9 10 13  #SUP: 0 (0.00%)
2 3 9 11 12  #SUP: 0 (0.00%)
2 3 9 12 13  #SUP: 0 (0.00%)
2 3 10 11 12  #SUP: 0 (0.00%)
2 3 10 11 13  #SUP: 0 (0.00%)
2 3 10 12 13  #SUP: 0 (0.00%)
2 3 11 12 13  #SUP: 0 (0.00%)
2 4 5 6 7  #SUP: 0 (0.00%)
2 4 5 6 8  #SUP: 0 (0.00%)
2 4 5 6 9  #SUP: 0 (0.00%)
2 4 5 6 10  #SUP: 0 (0.00%)
2 4 5 6 11  #SUP: 0 (0.00%)
2 4 5 6 12  #SUP: 0 (0.00%)
2 4 5 6 13  #SUP: 0 (0.00%)
2 4 5 7 8  #SUP: 0 (0.00%)
2 4 5 7 9  #SUP: 0 (0.00%)
2 4 5 7 10  #SUP: 0 (0.00%)
2 4 5 7 11  #SUP: 0 (0.00%)
2 4 5 7 12  #SUP: 0 (0.00%)
2 4 5 7 13  #SUP: 0 (0.00%)
2 4 5 8 9  #SUP: 0 (0.00%)
2 4 5 8 10  #SUP: 0 (0.00%)
2 4 5 8 11  #SUP: 0 (0.00%)
2 4 5 8 12  #SUP: 0 (0.00%)
2 4 5 8 13  #SUP: 0 (0.00%)
2 4 5 9 10  #SUP: 0 (0.00%)
2 4 5 9 11  #SUP: 0 (0.00%)
2 4 5 9 12  #SUP: 0 (0.00%)
2 4 5 9 13  #SUP: 0 (0.00%)
2 4 5 10 11  #SUP: 0 (0.00%)
2 4 5 10 12  #SUP: 0 (0.00%)
2 4 5 10 13  #SUP: 0 (0.00%)
2 4 5 11 12  #SUP: 0 (0.00%)
2 4 5 11 13  #SUP: 0 (0.00%)
2 4 5 12 13  #SUP: 0 (0.00%)
2 4 6 7 8  #SUP: 0 (0.00%)
2 4 6 7 9  #SUP: 0 (0.00%)
2 4 6 7 10  #SUP: 0 (0.00%)
2 4 6 7 11  #SUP: 0 (0.00%)
2 4 6 7 12  #SUP: 0 (0.00%)
2 4 6 7 13  #SUP: 0 (0.00%)
2 4 6 8 9  #SUP: 0 (0.00%)
2 4 6 8 10  #SUP: 0 (0.00%)
2 4 6 8 11  #SUP: 0 (0.00%)
2 4 6 8 12  #SUP: 0 (0.00%)
2 4 6 8 13  #SUP: 0 (0.00%)
2 4 6 9 10  #SUP: 0 (0.00%)
2 4 6 9 11  #SUP: 0 (0.00%)
2 4 6 9 12  #SUP: 0 (0.00%)
2 4 6 9 13  #SUP: 0 (0.00%)
2 4 6 10 11  #SUP: 0 (0.00%)
2 4 6 10 12  #SUP: 0 (0.00%)
2 4 6 10 13  #SUP: 0 (0.00%)
2 4 6 11 12  #SUP: 0 (0.00%)
2 4 6 11 13  #SUP: 0 (0.00%)
2 4 6 12 13  #SUP: 0 (0.00%)
2 4 7 8 9  #SUP: 0 (0.00%)
2 4 7 8 10  #SUP: 0 (0.00%)
2 4 7 8 11  #SUP: 0 (0.00%)
2 4 7 8 12  #SUP: 0 (0.00%)
2 4 7 8 13  #SUP: 0 (0.00%)
2 4 7 9 10  #SUP: 0 (0.00%)
2 4 7 9 11  #SUP: 0 (0.00%)
2 4 7 9 12  #SUP: 0 (0.00%)
2 4 7 9 13  #SUP: 0 (0.00%)
2 4 7 10 11  #SUP: 0 (0.00%)
2 4 7 10 12  #SUP: 0 (0.00%)
2 4 7 10 13  #SUP: 0 (0.00%)
2 4 7 11 12  #SUP: 0 (0.00%)
2 4 7 11 13  #SUP: 0 (0.00%)
2 4 7 12 13  #SUP: 0 (0.00%)
2 4 8 9 10  #SUP: 0 (0.00%)
2 4 8 9 11  #SUP: 0 (0.00%)
2 4 8 9 12  #SUP: 0 (0.00%)
2 4 8 9 13  #SUP: 0 (0.00%)
2 4 8 10 11  #SUP: 0 (0.00%)
2 4 8 10 12  #SUP: 0 (0.00%)
2 4 8 10 13  #SUP: 0 (0.00%)
2 4 8 11 12  #SUP: 0 (0.00%)
2 4 8 11 13  #SUP: 0 (0.00%)
2 4 8 12 13  #SUP: 0 (0.00%)
2 4 9 10 11  #SUP: 0 (0.00%)
2 4 9 10 12  #SUP: 0 (0.00%)
2 4 9 10 13  #SUP: 0 (0.00%)
2 4 9 11 12  #SUP: 0 (0.00%)
2 4 9 11 13  #SUP: 0 (0.00%)
2 4 9 12 13  #SUP: 0 (0.00%)
2 4 10 11 12  #SUP: 0 (0.00%)
2 4 10 11 13  #SUP: 0 (0.00%)
2 4 10 12 13  #SUP: 0 (0.00%)
2 4 11 12 13  #SUP: 0 (0.00%)
2 5 6 7 8  #SUP: 0 (0.00%)
2 5 6 7 9  #SUP: 0 (0.00%)
2 5 6 7 10  #SUP: 0 (0.00%)
2 5 6 7 11  #SUP: 0 (0.00%)
2 5 6 7 12  #SUP: 0 (0.00%)
2 5 6 7 13  #SUP: 0 (0.00%)
2 5 6 8 9  #SUP: 0 (0.00%)
2 5 6 8 10  #SUP: 0 (0.00%)
2 5 6 8 11  #SUP: 0 (0.00%)
2 5 6 8 12  #SUP: 0 (0.00%)
2 5 6 8 13  #SUP: 0 (0.00%)
2 5 6 9 10  #SUP: 0 (0.00%)
2 5 6 9 11  #SUP: 0 (0.00%)
2 5 6 9 12  #SUP: 0 (0.00%)
2 5 6 9 13  #SUP: 0 (0.00%)
2 5 6 10 11  #SUP: 0 (0.00%)
2 5 6 10 12  #SUP: 0 (0.00%)
2 5 6 10 13  #SUP: 0 (0.00%)
2 5 6 11 12  #SUP: 0 (0.00%)
2 5 6 11 13  #SUP: 0 (0.00%)
2 5 6 12 13  #SUP: 0 (0.00%)
2 5 7 8 9  #SUP: 0 (0.00%)
2 5 7 8 10  #SUP: 0 (0.00%)
2 5 7 8 11  #SUP: 0 (0.00%)
2 5 7 8 12  #SUP: 0 (0.00%)
2 5 7 8 13  #SUP: 0 (0.00%)
2 5 7 9 10  #SUP: 0 (0.00%)
2 5 7 9 11  #SUP: 0 (0.00%)
2 5 7 9 12  #SUP: 0 (0.00%)
2 5 7 9 13  #SUP: 0 (0.00%)
2 5 7 10 11  #SUP: 0 (0.00%)
2 5 7 10 12  #SUP: 0 (0.00%)
2 5 7 10 13  #SUP: 0 (0.00%)
2 5 7 11 12  #SUP: 0 (0.00%)
2 5 7 11 13  #SUP: 0 (0.00%)
2 5 7 12 13  #SUP: 0 (0.00%)
2 5 8 9 10  #SUP: 0 (0.00%)
2 5 8 9 11  #SUP: 0 (0.00%)
2 5 8 9 12  #SUP: 0 (0.00%)
2 5 8 9 13  #SUP: 0 (0.00%)
2 5 8 10 11  #SUP: 0 (0.00%)
2 5 8 10 12  #SUP: 0 (0.00%)
2 5 8 10 13  #SUP: 0 (0.00%)
2 5 8 11 12  #SUP: 0 (0.00%)
2 5 8 11 13  #SUP: 0 (0.00%)
2 5 8 12 13  #SUP: 0 (0.00%)
2 5 9 10 11  #SUP: 0 (0.00%)
2 5 9 10 12  #SUP: 0 (0.00%)
2 5 9 10 13  #SUP: 0 (0.00%)
2 5 9 11 12  #SUP: 0 (0.00%)
2 5 9 11 13  #SUP: 0 (0.00%)
2 5 9 12 13  #SUP: 0 (0.00%)
2 5 10 11 12  #SUP: 0 (0.00%)
2 5 10 11 13  #SUP: 0 (0.00%)
2 5 10 12 13  #SUP: 0 (0.00%)
2 5 11 12 13  #SUP: 0 (0.00%)
2 6 7 8 9  #SUP: 0 (0.00%)
2 6 7 8 10  #SUP: 0 (0.00%)
2 6 7 8 11  #SUP: 0 (0.00%)
2 6 7 8 12  #SUP: 0 (0.00%)
2 6 7 8 13  #SUP: 0 (0.00%)
2 6 7 9 10  #SUP: 0 (0.00%)
2 6 7 9 11  #SUP: 0 (0.00%)
2 6 7 9 12  #SUP: 0 (0.00%)
2 6 7 9 13  #SUP: 0 (0.00%)
2 6 7 10 11  #SUP: 0 (0.00%)
2 6 7 10 12  #SUP: 0 (0.00%)
2 6 7 10 13  #SUP: 0 (0.00%)
2 6 7 11 12  #SUP: 0 (0.00%)
2 6 7 11 13  #SUP: 0 (0.00%)
2 6 7 12 13  #SUP: 0 (0.00%)
2 6 8 9 10  #SUP: 0 (0.00%)
2 6 8 9 11  #SUP: 0 (0.00%)
2 6 8 9 12  #SUP: 0 (0.00%)
2 6 8 9 13  #SUP: 0 (0.00%)
2 6 8 10 11  #SUP: 0 (0.00%)
2 6 8 10 12  #SUP: 0 (0.00%)
2 6 8 10 13  #SUP: 0 (0.00%)
2 6 8 11 12  #SUP: 0 (0.00%)
2 6 8 11 13  #SUP: 0 (0.00%)
2 6 8 12 13  #SUP: 0 (0.00%)
2 6 9 10 11  #SUP: 0 (0.00%)
2 6 9 10 12  #SUP: 0 (0.00%)
2 6 9 10 13  #SUP: 0 (0.00%)
2 6 9 11 12  #SUP: 0 (0.00%)
2 6 9 11 13  #SUP: 0 (0.00%)
2 6 9 12 13  #SUP: 0 (0.00%)
2 6 10 11 12  #SUP: 0 (0.00%)
2 6 10 11 13  #SUP: 0 (0.00%)
2 6 10 12 13  #SUP: 0 (0.00%)
2 6 11 12 13  #SUP: 0 (0.00%)
2 7 8 9 10  #SUP: 0 (0.00%)
2 7 8 9 11  #SUP: 0 (0.00%)
2 7 8 9 12  #SUP: 0 (0.00%)
2 7 8 9 13  #SUP: 0 (0.00%)
2 7 8 10 11  #SUP: 0 (0.00%)
2 7 8 10 12  #SUP: 0 (0.00%)
2 7 8 10 13  #SUP: 0 (0.00%)
2 7 8 11 12  #SUP: 0 (0.00%)
2 7 8 11 13  #SUP: 0 (0.00%)
2 7 8 12 13  #SUP: 0 (0.00%)
2 7 9 10 11  #SUP: 0 (0.00%)
2 7 9 10 12  #SUP: 0 (0.00%)
2 7 9 10 13  #SUP: 0 (0.00%)
2 7 9 11 12  #SUP: 0 (0.00%)
2 7 9 11 13  #SUP: 0 (0.00%)
2 7 9 12 13  #SUP: 0 (0.00%)
2 7 10 11 12  #SUP: 0 (0.00%)
2 7 10 11 13  #SUP: 0 (0.00%)
2 7 10 12 13  #SUP: 0 (0.00%)
2 7 11 12 13  #SUP: 0 (0.00%)
2 8 9 10 11  #SUP: 0 (0.00%)
2 8 9 10 12  #SUP: 0 (0.00%)
2 8 9 10 13  #SUP: 0 (0.00%)
2 8 9 11 12  #SUP: 0 (0.00%)
2 8 9 11 13  #SUP: 0 (0.00%)
2 8 9 12 13  #SUP: 0 (0.00%)
2 8 10 11 12  #SUP: 0 (0.00%)
2 8 10 11 13  #SUP: 0 (0.00%)
2 8 10 12 13  #SUP: 0 (0.00%)
2 8 11 12 13  #SUP: 0 (0.00%)
2 9 10 11 12  #SUP: 0 (0.00%)
2 9 10 11 13  #SUP: 0 (0.00%)
2 9 10 12 13  #SUP: 0 (0.00%)
2 9 11 12 13  #SUP: 0 (0.00%)
2 10 11 12 13  #SUP: 0 (0.00%)
3 4 5 6 7  #SUP: 0 (0.00%)
3 4 5 6 8  #SUP: 0 (0.00%)
3 4 5 6 9  #SUP: 0 (0.00%)
3 4 5 6 10  #SUP: 0 (0.00%)
3 4 5 6 11  #SUP: 0 (0.00%)
3 4 5 6 12  #SUP: 0 (0.00%)
3 4 5 6 13  #SUP: 0 (0.00%)
3 4 5 7 8  #SUP: 0 (0.00%)
3 4 5 7 9  #SUP: 0 (0.00%)
3 4 5 7 10  #SUP: 0 (0.00%)
3 4 5 7 11  #SUP: 0 (0.00%)
3 4 5 7 12  #SUP: 0 (0.00%)
3 4 5 7 13  #SUP: 0 (0.00%)
3 4 5 8 9  #SUP: 0 (0.00%)
3 4 5 8 10  #SUP: 0 (0.00%)
3 4 5 8 11  #SUP: 0 (0.00%)
3 4 5 8 12  #SUP: 0 (0.00%)
3 4 5 8 13  #SUP: 0 (0.00%)
3 4 5 9 10  #SUP: 0 (0.00%)
3 4 5 9 11  #SUP: 0 (0.00%)
3 4 5 9 12  #SUP: 0 (0.00%)
3 4 5 9 13  #SUP: 0 (0.00%)
3 4 5 10 11  #SUP: 0 (0.00%)
3 4 5 10 12  #SUP: 0 (0.00%)
3 4 5 10 13  #SUP: 0 (0.00%)
3 4 5 11 12  #SUP: 0 (0.00%)
3 4 5 11 13  #SUP: 0 (0.00%)
3 4 5 12 13  #SUP: 0 (0.00%)
3 4 6 7 8  #SUP: 0 (0.00%)
3 4 6 7 9  #SUP: 0 (0.00%)
3 4 6 7 10  #SUP: 0 (0.00%)
3 4 6 7 11  #SUP: 0 (0.00%)
3 4 6 7 12  #SUP: 0 (0.00%)
3 4 6 7 13  #SUP: 0 (0.00%)
3 4 6 8 9  #SUP: 0 (0.00%)
3 4 6 8 10  #SUP: 0 (0.00%)
3 4 6 8 11  #SUP: 0 (0.00%)
3 4 6 8 12  #SUP: 0 (0.00%)
3 4 6 8 13  #SUP: 0 (0.00%)
3 4 6 9 10  #SUP: 0 (0.00%)
3 4 6 9 11  #SUP: 0 (0.00%)
3 4 6 9 12  #SUP: 0 (0.00%)
3 4 6 9 13  #SUP: 0 (0.00%)
3 4 6 10 11  #SUP: 0 (0.00%)
3 4 6 10 12  #SUP: 0 (0.00%)
3 4 6 10 13  #SUP: 0 (0.00%)
3 4 6 11 12  #SUP: 0 (0.00%)
3 4 6 11 13  #SUP: 0 (0.00%)
3 4 6 12 13  #SUP: 0 (0.00%)
3 4 7 8 9  #SUP: 0 (0.00%)
3 4 7 8 10  #SUP: 0 (0.00%)
3 4 7 8 11  #SUP: 0 (0.00%)
3 4 7 8 12  #SUP: 0 (0.00%)
3 4 7 8 13  #SUP: 0 (0.00%)
3 4 7 9 10  #SUP: 0 (0.00%)
3 4 7 9 11  #SUP: 0 (0.00%)
3 4 7 9 12  #SUP: 0 (0.00%)
3 4 7 9 13  #SUP: 0 (0.00%)
3 4 7 10 11  #SUP: 0 (0.00%)
3 4 7 10 12  #SUP: 0 (0.00%)
3 4 7 10 13  #SUP: 0 (0.00%)
3 4 7 11 12  #SUP: 0 (0.00%)
3 4 7 11 13  #SUP: 0 (0.00%)
3 4 7 12 13  #SUP: 0 (0.00%)
3 4 8 9 10  #SUP: 0 (0.00%)
3 4 8 9 11  #SUP: 0 (0.00%)
3 4 8 9 12  #SUP: 0 (0.00%)
3 4 8 9 13  #SUP: 0 (0.00%)
3 4 8 10 11  #SUP: 0 (0.00%)
3 4 8 10 12  #SUP: 0 (0.00%)
3 4 8 10 13  #SUP: 0 (0.00%)
3 4 8 11 12  #SUP: 0 (0.00%)
3 4 8 11 13  #SUP: 0 (0.00%)
3 4 8 12 13  #SUP: 0 (0.00%)
3 4 9 10 11  #SUP: 0 (0.00%)
3 4 9 10 12  #SUP: 0 (0.00%)
3 4 9 10 13  #SUP: 0 (0.00%)
3 4 9 11 12  #SUP: 0 (0.00%)
3 4 9 11 13  #SUP: 0 (0.00%)
3 4 9 12 13  #SUP: 0 (0.00%)
3 4 10 11 12  #SUP: 0 (0.00%)
3 4 10 11 13  #SUP: 0 (0.00%)
3 4 10 12 13  #SUP: 0 (0.00%)
3 4 11 12 13  #SUP: 0 (0.00%)
3 5 6 7 8  #SUP: 0 (0.00%)
3 5 6 7 9  #SUP: 0 (0.00%)
3 5 6 7 10  #SUP: 0 (0.00%)
3 5 6 7 11  #SUP: 0 (0.00%)
3 5 6 7 12  #SUP: 0 (0.00%)
3 5 6 7 13  #SUP: 0 (0.00%)
3 5 6 8 9  #SUP: 0 (0.00%)
3 5 6 8 10  #SUP: 0 (0.00%)
3 5 6 8 11  #SUP: 0 (0.00%)
3 5 6 8 12  #SUP: 0 (0.00%)
3 5 6 8 13  #SUP: 0 (0.00%)
3 5 6 9 10  #SUP: 0 (0.00%)
3 5 6 9 11  #SUP: 0 (0.00%)
3 5 6 9 12  #SUP: 0 (0.00%)
3 5 6 9 13  #SUP: 0 (0.00%)
3 5 6 10 11  #SUP: 0 (0.00%)
3 5 6 10 12  #SUP: 0 (0.00%)
3 5 6 10 13  #SUP: 0 (0.00%)
3 5 6 11 12  #SUP: 0 (0.00%)
3 5 6 11 13  #SUP: 0 (0.00%)
3 5 6 12 13  #SUP: 0 (0.00%)
3 5 7 8 9  #SUP: 0 (0.00%)
3 5 7 8 10  #SUP: 0 (0.00%)
3 5 7 8 11  #SUP: 0 (0.00%)
3 5 7 8 12  #SUP: 0 (0.00%)
3 5 7 8 13  #SUP: 0 (0.00%)
3 5 7 9 10  #SUP: 0 (0.00%)
3 5 7 9 11  #SUP: 0 (0.00%)
3 5 7 9 12  #SUP: 0 (0.00%)
3 5 7 9 13  #SUP: 0 (0.00%)
3 5 7 10 11  #SUP: 0 (0.00%)
3 5 7 10 12  #SUP: 0 (0.00%)
3 5 7 10 13  #SUP: 0 (0.00%)
3 5 7 11 12  #SUP: 0 (0.00%)
3 5 7 11 13  #SUP: 0 (0.00%)
3 5 7 12 13  #SUP: 0 (0.00%)
3 5 8 9 10  #SUP: 0 (0.00%)
3 5 8 9 11  #SUP: 0 (0.00%)
3 5 8 9 12  #SUP: 0 (0.00%)
3 5 8 9 13  #SUP: 0 (0.00%)
3 5 8 10 11  #SUP: 0 (0.00%)
3 5 8 10 12  #SUP: 0 (0.00%)
3 5 8 10 13  #SUP: 0 (0.00%)
3 5 8 11 12  #SUP: 0 (0.00%)
3 5 8 11 13  #SUP: 0 (0.00%)
3 5 8 12 13  #SUP: 0 (0.00%)
3 5 9 10 11  #SUP: 0 (0.00%)
3 5 9 10 12  #SUP: 0 (0.00%)
3 5 9 10 13  #SUP: 0 (0.00%)
3 5 9 11 12  #SUP: 0 (0.00%)
3 5 9 11 13  #SUP: 0 (0.00%)
3 5 9 12 13  #SUP: 0 (0.00%)
3 5 10 11 12  #SUP: 0 (0.00%)
3 5 10 11 13  #SUP: 0 (0.00%)
3 5 10 12 13  #SUP: 0 (0.00%)
3 5 11 12 13  #SUP: 0 (0.00%)
3 6 7 8 9  #SUP: 0 (0.00%)
3 6 7 8 10  #SUP: 0 (0.00%)
3 6 7 8 11  #SUP: 0 (0.00%)
3 6 7 8 12  #SUP: 0 (0.00%)
3 6 7 8 13  #SUP: 0 (0.00%)
3 6 7 9 10  #SUP: 0 (0.00%)
3 6 7 9 11  #SUP: 0 (0.00%)
3 6 7 9 12  #SUP: 0 (0.00%)
3 6 7 9 13  #SUP: 0 (0.00%)
3 6 7 10 11  #SUP: 0 (0.00%)
3 6 7 10 12  #SUP: 0 (0.00%)
3 6 7 10 13  #SUP: 0 (0.00%)
3 6 7 11 12  #SUP: 0 (0.00%)
3 6 7 11 13  #SUP: 0 (0.00%)
3 6 7 12 13  #SUP: 0 (0.00%)
3 6 8 9 10  #SUP: 0 (0.00%)
3 6 8 9 11  #SUP: 0 (0.00%)
3 6 8 9 12  #SUP: 0 (0.00%)
3 6 8 9 13  #SUP: 0 (0.00%)
3 6 8 10 11  #SUP: 0 (0.00%)
3 6 8 10 12  #SUP: 0 (0.00%)
3 6 8 10 13  #SUP: 0 (0.00%)
3 6 8 11 12  #SUP: 0 (0.00%)
3 6 8 11 13  #SUP: 0 (0.00%)
3 6 8 12 13  #SUP: 0 (0.00%)
3 6 9 10 11  #SUP: 0 (0.00%)
3 6 9 10 12  #SUP: 0 (0.00%)
3 6 9 10 13  #SUP: 0 (0.00%)
3 6 9 11 12  #SUP: 0 (0.00%)
3 6 9 11 13  #SUP: 0 (0.00%)
3 6 9 12 13  #SUP: 0 (0.00%)
3 6 10 11 12  #SUP: 0 (0.00%)
3 6 10 11 13  #SUP: 0 (0.00%)
3 6 10 12 13  #SUP: 0 (0.00%)
3 6 11 12 13  #SUP: 0 (0.00%)
3 7 8 9 10  #SUP: 0 (0.00%)
3 7 8 9 11  #SUP: 0 (0.00%)
3 7 8 9 12  #SUP: 0 (0.00%)
3 7 8 9 13  #SUP: 0 (0.00%)
3 7 8 10 11  #SUP: 0 (0.00%)
3 7 8 10 12  #SUP: 0 (0.00%)
3 7 8 10 13  #SUP: 0 (0.00%)
3 7 8 11 12  #SUP: 0 (0.00%)
3 7 8 11 13  #SUP: 0 (0.00%)
3 7 8 12 13  #SUP: 0 (0.00%)
3 7 9 10 11  #SUP: 0 (0.00%)
3 7 9 10 12  #SUP: 0 (0.00%)
3 7 9 10 13  #SUP: 0 (0.00%)
3 7 9 11 12  #SUP: 0 (0.00%)
3 7 9 11 13  #SUP: 0 (0.00%)
3 7 9 12 13  #SUP: 0 (0.00%)
3 7 10 11 12  #SUP: 0 (0.00%)
3 7 10 11 13  #SUP: 0 (0.00%)
3 7 10 12 13  #SUP: 0 (0.00%)
3 7 11 12 13  #SUP: 0 (0.00%)
3 8 9 10 11  #SUP: 0 (0.00%)
3 8 9 10 12  #SUP: 0 (0.00%)
3 8 9 10 13  #SUP: 0 (0.00%)
3 8 9 11 12  #SUP: 0 (0.00%)
3 8 9 11 13  #SUP: 0 (0.00%)
3 8 9 12 13  #SUP: 0 (0.00%)
3 8 10 11 12  #SUP: 0 (0.00%)
3 8 10 11 13  #SUP: 0 (0.00%)
3 8 10 12 13  #SUP: 0 (0.00%)
3 8 11 12 13  #SUP: 0 (0.00%)
3 9 10 11 12  #SUP: 0 (0.00%)
3 9 10 11 13  #SUP: 0 (0.00%)
3 9 10 12 13  #SUP: 0 (0.00%)
3 9 11 12 13  #SUP: 0 (0.00%)
3 10 11 12 13  #SUP: 0 (0.00%)
4 5 6 7 8  #SUP: 0 (0.00%)
4 5 6 7 9  #SUP: 0 (0.00%)
4 5 6 7 10  #SUP: 0 (0.00%)
4 5 6 7 11  #SUP: 0 (0.00%)
4 5 6 7 12  #SUP: 0 (0.00%)
4 5 6 7 13  #SUP: 0 (0.00%)
4 5 6 8 9  #SUP: 0 (0.00%)
4 5 6 8 10  #SUP: 0 (0.00%)
4 5 6 8 11  #SUP: 0 (0.00%)
4 5 6 8 12  #SUP: 0 (0.00%)
4 5 6 8 13  #SUP: 0 (0.00%)
4 5 6 9 10  #SUP: 0 (0.00%)
4 5 6 9 11  #SUP: 0 (0.00%)
4 5 6 9 12  #SUP: 0 (0.00%)
4 5 6 9 13  #SUP: 0 (0.00%)
4 5 6 10 11  #SUP: 0 (0.00%)
4 5 6 10 12  #SUP: 0 (0.00%)
4 5 6 10 13  #SUP: 0 (0.00%)
4 5 6 11 12  #SUP: 0 (0.00%)
4 5 6 11 13  #SUP: 0 (0.00%)
4 5 6 12 13  #SUP: 0 (0.00%)
4 5 7 8 9  #SUP: 0 (0.00%)
4 5 7 8 10  #SUP: 0 (0.00%)
4 5 7 8 11  #SUP: 0 (0.00%)
4 5 7 8 12  #SUP: 0 (0.00%)
4 5 7 8 13  #SUP: 0 (0.00%)
4 5 7 9 10  #SUP: 0 (0.00%)
4 5 7 9 11  #SUP: 0 (0.00%)
4 5 7 9 12  #SUP: 0 (0.00%)
4 5 7 9 13  #SUP: 0 (0.00%)
4 5 7 10 11  #SUP: 0 (0.00%)
4 5 7 10 12  #SUP: 0 (0.00%)
4 5 7 10 13  #SUP: 0 (0.00%)
4 5 7 11 12  #SUP: 0 (0.00%)
4 5 7 11 13  #SUP: 0 (0.00%)
4 5 7 12 13  #SUP: 0 (0.00%)
4 5 8 9 10  #SUP: 0 (0.00%)
4 5 8 9 11  #SUP: 0 (0.00%)
4 5 8 9 12  #SUP: 0 (0.00%)
4 5 8 9 13  #SUP: 0 (0.00%)
4 5 8 10 11  #SUP: 0 (0.00%)
4 5 8 10 12  #SUP: 0 (0.00%)
4 5 8 10 13  #SUP: 0 (0.00%)
4 5 8 11 12  #SUP: 0 (0.00%)
4 5 8 11 13  #SUP: 0 (0.00%)
4 5 8 12 13  #SUP: 0 (0.00%)
4 5 9 10 11  #SUP: 0 (0.00%)
4 5 9 10 12  #SUP: 0 (0.00%)
4 5 9 10 13  #SUP: 0 (0.00%)
4 5 9 11 12  #SUP: 0 (0.00%)
4 5 9 11 13  #SUP: 0 (0.00%)
4 5 9 12 13  #SUP: 0 (0.00%)
4 5 10 11 12  #SUP: 0 (0.00%)
4 5 10 11 13  #SUP: 0 (0.00%)
4 5 10 12 13  #SUP: 0 (0.00%)
4 5 11 12 13  #SUP: 0 (0.00%)
4 6 7 8 9  #SUP: 0 (0.00%)
4 6 7 8 10  #SUP: 0 (0.00%)
4 6 7 8 11  #SUP: 0 (0.00%)
4 6 7 8 12  #SUP: 0 (0.00%)
4 6 7 8 13  #SUP: 0 (0.00%)
4 6 7 9 10  #SUP: 0 (0.00%)
4 6 7 9 11  #SUP: 0 (0.00%)
4 6 7 9 12  #SUP: 0 (0.00%)
4 6 7 9 13  #SUP: 0 (0.00%)
4 6 7 10 11  #SUP: 0 (0.00%)
4 6 7 10 12  #SUP: 0 (0.00%)
4 6 7 10 13  #SUP: 0 (0.00%)
4 6 7 11 12  #SUP: 0 (0.00%)
4 6 7 11 13  #SUP: 0 (0.00%)
4 6 7 12 13  #SUP: 0 (0.00%)
4 6 8 9 10  #SUP: 0 (0.00%)
4 6 8 9 11  #SUP: 0 (0.00%)
4 6 8 9 12  #SUP: 0 (0.00%)
4 6 8 9 13  #SUP: 0 (0.00%)
4 6 8 10 11  #SUP: 0 (0.00%)
4 6 8 10 12  #SUP: 0 (0.00%)
4 6 8 10 13  #SUP: 0 (0.00%)
4 6 8 11 12  #SUP: 0 (0.00%)
4 6 8 11 13  #SUP: 0 (0.00%)
4 6 8 12 13  #SUP: 0 (0.00%)
4 6 9 10 11  #SUP: 0 (0.00%)
4 6 9 10 12  #SUP: 0 (0.00%)
4 6 9 10 13  #SUP: 0 (0.00%)
4 6 9 11 12  #SUP: 0 (0.00%)
4 6 9 11 13  #SUP: 0 (0.00%)
4 6 9 12 13  #SUP: 0 (0.00%)
4 6 10 11 12  #SUP: 0 (0.00%)
4 6 10 11 13  #SUP: 0 (0.00%)
4 6 10 12 13  #SUP: 0 (0.00%)
4 6 11 12 13  #SUP: 0 (0.00%)
4 7 8 9 10  #SUP: 0 (0.00%)
4 7 8 9 11  #SUP: 0 (0.00%)
4 7 8 9 12  #SUP: 0 (0.00%)
4 7 8 9 13  #SUP: 0 (0.00%)
4 7 8 10 11  #SUP: 0 (0.00%)
4 7 8 10 12  #SUP: 0 (0.00%)
4 7 8 10 13  #SUP: 0 (0.00%)
4 7 8 11 12  #SUP: 0 (0.00%)
4 7 8 11 13  #SUP: 0 (0.00%)
4 7 8 12 13  #SUP: 0 (0.00%)
4 7 9 10 11  #SUP: 0 (0.00%)
4 7 9 10 12  #SUP: 0 (0.00%)
4 7 9 10 13  #SUP: 0 (0.00%)
4 7 9 11 12  #SUP: 0 (0.00%)
4 7 9 11 13  #SUP: 0 (0.00%)
4 7 9 12 13  #SUP: 0 (0.00%)
4 7 10 11 12  #SUP: 0 (0.00%)
4 7 10 11 13  #SUP: 0 (0.00%)
4 7 10 12 13  #SUP: 0 (0.00%)
4 7 11 12 13  #SUP: 0 (0.00%)
4 8 9 10 11  #SUP: 0 (0.00%)
4 8 9 10 12  #SUP: 0 (0.00%)
4 8 9 10 13  #SUP: 0 (0.00%)
4 8 9 11 12  #SUP: 0 (0.00%)
4 8 9 11 13  #SUP: 0 (0.00%)
4 8 9 12 13  #SUP: 0 (0.00%)
4 8 10 11 12  #SUP: 0 (0.00%)
4 8 10 11 13  #SUP: 0 (0.00%)
4 8 10 12 13  #SUP: 0 (0.00%)
4 8 11 12 13  #SUP: 0 (0.00%)
4 9 10 11 12  #SUP: 0 (0.00%)
4 9 10 11 13  #SUP: 0 (0.00%)
4 9 10 12 13  #SUP: 0 (0.00%)
4 9 11 12 13  #SUP: 0 (0.00%)
4 10 11 12 13  #SUP: 0 (0.00%)
5 6 7 8 9  #SUP: 0 (0.00%)
5 6 7 8 10  #SUP: 0 (0.00%)
5 6 7 8 11  #SUP: 0 (0.00%)
5 6 7 8 12  #SUP: 0 (0.00%)
5 6 7 8 13  #SUP: 0 (0.00%)
5 6 7 9 10  #SUP: 0 (0.00%)
5 6 7 9 11  #SUP: 0 (0.00%)
5 6 7 9 12  #SUP: 0 (0.00%)
5 6 7 9 13  #SUP: 0 (0.00%)
5 6 7 10 11  #SUP: 0 (0.00%)
5 6 7 10 12  #SUP: 0 (0.00%)
5 6 7 10 13  #SUP: 0 (0.00%)
5 6 7 11 12  #SUP: 0 (0.00%)
5 6 7 11 13  #SUP: 0 (0.00%)
5 6 7 12 13  #SUP: 0 (0.00%)
5 6 8 9 10  #SUP: 0 (0.00%)
5 6 8 9 11  #SUP: 0 (0.00%)
5 6 8 9 12  #SUP: 0 (0.00%)
5 6 8 9 13  #SUP: 0 (0.00%)
5 6 8 10 11  #SUP: 0 (0.00%)
5 6 8 10 12  #SUP: 0 (0.00%)
5 6 8 10 13  #SUP: 0 (0.00%)
5 6 8 11 12  #SUP: 0 (0.00%)
5 6 8 11 13  #SUP: 0 (0.00%)
5 6 8 12 13  #SUP: 0 (0.00%)
5 6 9 10 11  #SUP: 0 (0.00%)
5 6 9 10 12  #SUP: 0 (0.00%)
5 6 9 10 13  #SUP: 0 (0.00%)
5 6 9 11 12  #SUP: 0 (0.00%)
5 6 9 11 13  #SUP: 0 (0.00%)
5 6 9 12 13  #SUP: 0 (0.00%)
5 6 10 11 12  #SUP: 0 (0.00%)
5 6 10 11 13  #SUP: 0 (0.00%)
5 6 10 12 13  #SUP: 0 (0.00%)
5 6 11 12 13  #SUP: 0 (0.00%)
5 7 8 9 10  #SUP: 0 (0.00%)
5 7 8 9 11  #SUP: 0 (0.00%)
5 7 8 9 12  #SUP: 0 (0.00%)
5 7 8 9 13  #SUP: 0 (0.00%)
5 7 8 10 11  #SUP: 0 (0.00%)
5 7 8 10 12  #SUP: 0 (0.00%)
5 7 8 10 13  #SUP: 0 (0.00%)
5 7 8 11 12  #SUP: 0 (0.00%)
5 7 8 11 13  #SUP: 0 (0.00%)
5 7 8 12 13  #SUP: 0 (0.00%)
5 7 9 10 11  #SUP: 0 (0.00%)
5 7 9 10 12  #SUP: 0 (0.00%)
5 7 9 10 13  #SUP: 0 (0.00%)
5 7 9 11 12  #SUP: 0 (0.00%)
5 7 9 11 13  #SUP: 0 (0.00%)
5 7 9 12 13  #SUP: 0 (0.00%)
5 7 10 11 12  #SUP: 0 (0.00%)
5 7 10 11 13  #SUP: 0 (0.00%)
5 7 10 12 13  #SUP: 0 (0.00%)
5 7 11 12 13  #SUP: 0 (0.00%)
5 8 9 10 11  #SUP: 0 (0.00%)
5 8 9 10 12  #SUP: 0 (0.00%)
5 8 9 10 13  #SUP: 0 (0.00%)
5 8 9 11 12  #SUP: 0 (0.00%)
5 8 9 11 13  #SUP: 0 (0.00%)
5 8 9 12 13  #SUP: 0 (0.00%)
5 8 10 11 12  #SUP: 0 (0.00%)
5 8 10 11 13  #SUP: 0 (0.00%)
5 8 10 12 13  #SUP: 0 (0.00%)
5 8 11 12 13  #SUP: 0 (0.00%)
5 9 10 11 12  #SUP: 0 (0.00%)
5 9 10 11 13  #SUP: 0 (0.00%)
5 9 10 12 13  #SUP: 0 (0.00%)
5 9 11 12 13  #SUP: 0 (0.00%)
5 10 11 12 13  #SUP: 0 (0.00%)
6 7 8 9 10  #SUP: 0 (0.00%)
6 7 8 9 11  #SUP: 0 (0.00%)
6 7 8 9 12  #SUP: 0 (0.00%)
6 7 8 9 13  #SUP: 0 (0.00%)
6 7 8 10 11  #SUP: 0 (0.00%)
6 7 8 10 12  #SUP: 0 (0.00%)
6 7 8 10 13  #SUP: 0 (0.00%)
6 7 8 11 12  #SUP: 0 (0.00%)
6 7 8 11 13  #SUP: 0 (0.00%)
6 7 8 12 13  #SUP: 0 (0.00%)
6 7 9 10 11  #SUP: 0 (0.00%)
6 7 9 10 12  #SUP: 0 (0.00%)
6 7 9 10 13  #SUP: 0 (0.00%)
6 7 9 11 12  #SUP: 0 (0.00%)
6 7 9 11 13  #SUP: 0 (0.00%)
6 7 9 12 13  #SUP: 0 (0.00%)
6 7 10 11 12  #SUP: 0 (0.00%)
6 7 10 11 13  #SUP: 0 (0.00%)
6 7 10 12 13  #SUP: 0 (0.00%)
6 7 11 12 13  #SUP: 0 (0.00%)
6 8 9 10 11  #SUP: 0 (0.00%)
6 8 9 10 12  #SUP: 0 (0.00%)
6 8 9 10 13  #SUP: 0 (0.00%)
6 8 9 11 12  #SUP: 0 (0.00%)
6 8 9 11 13  #SUP: 0 (0.00%)
6 8 9 12 13  #SUP: 0 (0.00%)
6 8 10 11 12  #SUP: 0 (0.00%)
6 8 10 11 13  #SUP: 0 (0.00%)
6 8 10 12 13  #SUP: 0 (0.00%)
6 8 11 12 13  #SUP: 0 (0.00%)
6 9 10 11 12  #SUP: 0 (0.00%)
6 9 10 11 13  #SUP: 0 (0.00%)
6 9 10 12 13  #SUP: 0 (0.00%)
6 9 11 12 13  #SUP: 0 (0.00%)
6 10 11 12 13  #SUP: 0 (0.00%)
7 8 9 10 11  #SUP: 0 (0.00%)
7 8 9 10 12  #SUP: 0 (0.00%)
7 8 9 10 13  #SUP: 0 (0.00%)
7 8 9 11 12  #SUP: 0 (0.00%)
7 8 9 11 13  #SUP: 0 (0.00%)
7 8 9 12 13  #SUP: 0 (0.00%)
7 8 10 11 12  #SUP: 0 (0.00%)
7 8 10 11 13  #SUP: 0 (0.00%)
7 8 10 12 13  #SUP: 0 (0.00%)
7 8 11 12 13  #SUP: 0 (0.00%)
7 9 10 11 12  #SUP: 0 (0.00%)
7 9 10 11 13  #SUP: 0 (0.00%)
7 9 10 12 13  #SUP: 0 (0.00%)
7 9 11 12 13  #SUP: 0 (0.00%)
7 10 11 12 13  #SUP: 0 (0.00%)
8 9 10 11 12  #SUP: 0 (0.00%)
8 9 10 11 13  #SUP: 0 (0.00%)
8 9 10 12 13  #SUP: 0 (0.00%)
8 9 11 12 13  #SUP: 0 (0.00%)
8 10 11 12 13  #SUP: 0 (0.00%)
9 10 11 12 13  #SUP: 0 (0.00%)

--- 6-itemsets HIẾM ---
2 3 4 5 6 7  #SUP: 0 (0.00%)
2 3 4 5 6 8  #SUP: 0 (0.00%)
2 3 4 5 6 9  #SUP: 0 (0.00%)
2 3 4 5 6 10  #SUP: 0 (0.00%)
2 3 4 5 6 11  #SUP: 0 (0.00%)
2 3 4 5 6 12  #SUP: 0 (0.00%)
2 3 4 5 6 13  #SUP: 0 (0.00%)
2 3 4 5 7 8  #SUP: 0 (0.00%)
2 3 4 5 7 9  #SUP: 0 (0.00%)
2 3 4 5 7 10  #SUP: 0 (0.00%)
2 3 4 5 7 11  #SUP: 0 (0.00%)
2 3 4 5 7 12  #SUP: 0 (0.00%)
2 3 4 5 7 13  #SUP: 0 (0.00%)
2 3 4 5 8 9  #SUP: 0 (0.00%)
2 3 4 5 8 10  #SUP: 0 (0.00%)
2 3 4 5 8 11  #SUP: 0 (0.00%)
2 3 4 5 8 12  #SUP: 0 (0.00%)
2 3 4 5 8 13  #SUP: 0 (0.00%)
2 3 4 5 9 10  #SUP: 0 (0.00%)
2 3 4 5 9 11  #SUP: 0 (0.00%)
2 3 4 5 9 12  #SUP: 0 (0.00%)
2 3 4 5 9 13  #SUP: 0 (0.00%)
2 3 4 5 10 11  #SUP: 0 (0.00%)
2 3 4 5 10 12  #SUP: 0 (0.00%)
2 3 4 5 10 13  #SUP: 0 (0.00%)
2 3 4 5 11 12  #SUP: 0 (0.00%)
2 3 4 5 11 13  #SUP: 0 (0.00%)
2 3 4 5 12 13  #SUP: 0 (0.00%)
2 3 4 6 7 8  #SUP: 0 (0.00%)
2 3 4 6 7 9  #SUP: 0 (0.00%)
2 3 4 6 7 10  #SUP: 0 (0.00%)
2 3 4 6 7 11  #SUP: 0 (0.00%)
2 3 4 6 7 12  #SUP: 0 (0.00%)
2 3 4 6 7 13  #SUP: 0 (0.00%)
2 3 4 6 8 9  #SUP: 0 (0.00%)
2 3 4 6 8 10  #SUP: 0 (0.00%)
2 3 4 6 8 11  #SUP: 0 (0.00%)
2 3 4 6 8 12  #SUP: 0 (0.00%)
2 3 4 6 8 13  #SUP: 0 (0.00%)
2 3 4 6 9 10  #SUP: 0 (0.00%)
2 3 4 6 9 11  #SUP: 0 (0.00%)
2 3 4 6 9 12  #SUP: 0 (0.00%)
2 3 4 6 9 13  #SUP: 0 (0.00%)
2 3 4 6 10 11  #SUP: 0 (0.00%)
2 3 4 6 10 12  #SUP: 0 (0.00%)
2 3 4 6 10 13  #SUP: 0 (0.00%)
2 3 4 6 11 12  #SUP: 0 (0.00%)
2 3 4 6 11 13  #SUP: 0 (0.00%)
2 3 4 6 12 13  #SUP: 0 (0.00%)
2 3 4 7 8 9  #SUP: 0 (0.00%)
2 3 4 7 8 10  #SUP: 0 (0.00%)
2 3 4 7 8 11  #SUP: 0 (0.00%)
2 3 4 7 8 12  #SUP: 0 (0.00%)
2 3 4 7 8 13  #SUP: 0 (0.00%)
2 3 4 7 9 10  #SUP: 0 (0.00%)
2 3 4 7 9 11  #SUP: 0 (0.00%)
2 3 4 7 9 12  #SUP: 0 (0.00%)
2 3 4 7 9 13  #SUP: 0 (0.00%)
2 3 4 7 10 11  #SUP: 0 (0.00%)
2 3 4 7 10 12  #SUP: 0 (0.00%)
2 3 4 7 10 13  #SUP: 0 (0.00%)
2 3 4 7 11 12  #SUP: 0 (0.00%)
2 3 4 7 11 13  #SUP: 0 (0.00%)
2 3 4 7 12 13  #SUP: 0 (0.00%)
2 3 4 8 9 10  #SUP: 0 (0.00%)
2 3 4 8 9 11  #SUP: 0 (0.00%)
2 3 4 8 9 12  #SUP: 0 (0.00%)
2 3 4 8 9 13  #SUP: 0 (0.00%)
2 3 4 8 10 11  #SUP: 0 (0.00%)
2 3 4 8 10 12  #SUP: 0 (0.00%)
2 3 4 8 10 13  #SUP: 0 (0.00%)
2 3 4 8 11 12  #SUP: 0 (0.00%)
2 3 4 8 11 13  #SUP: 0 (0.00%)
2 3 4 8 12 13  #SUP: 0 (0.00%)
2 3 4 9 10 11  #SUP: 0 (0.00%)
2 3 4 9 10 12  #SUP: 0 (0.00%)
2 3 4 9 10 13  #SUP: 0 (0.00%)
2 3 4 9 11 12  #SUP: 0 (0.00%)
2 3 4 9 11 13  #SUP: 0 (0.00%)
2 3 4 9 12 13  #SUP: 0 (0.00%)
2 3 4 10 11 12  #SUP: 0 (0.00%)
2 3 4 10 11 13  #SUP: 0 (0.00%)
2 3 4 10 12 13  #SUP: 0 (0.00%)
2 3 4 11 12 13  #SUP: 0 (0.00%)
2 3 5 6 7 8  #SUP: 0 (0.00%)
2 3 5 6 7 9  #SUP: 0 (0.00%)
2 3 5 6 7 10  #SUP: 0 (0.00%)
2 3 5 6 7 11  #SUP: 0 (0.00%)
2 3 5 6 7 12  #SUP: 0 (0.00%)
2 3 5 6 7 13  #SUP: 0 (0.00%)
2 3 5 6 8 9  #SUP: 0 (0.00%)
2 3 5 6 8 10  #SUP: 0 (0.00%)
2 3 5 6 8 11  #SUP: 0 (0.00%)
2 3 5 6 8 12  #SUP: 0 (0.00%)
2 3 5 6 8 13  #SUP: 0 (0.00%)
2 3 5 6 9 10  #SUP: 0 (0.00%)
2 3 5 6 9 11  #SUP: 0 (0.00%)
2 3 5 6 9 12  #SUP: 0 (0.00%)
2 3 5 6 9 13  #SUP: 0 (0.00%)
2 3 5 6 10 11  #SUP: 0 (0.00%)
2 3 5 6 10 12  #SUP: 0 (0.00%)
2 3 5 6 10 13  #SUP: 0 (0.00%)
2 3 5 6 11 12  #SUP: 0 (0.00%)
2 3 5 6 11 13  #SUP: 0 (0.00%)
2 3 5 6 12 13  #SUP: 0 (0.00%)
2 3 5 7 8 9  #SUP: 0 (0.00%)
2 3 5 7 8 10  #SUP: 0 (0.00%)
2 3 5 7 8 11  #SUP: 0 (0.00%)
2 3 5 7 8 12  #SUP: 0 (0.00%)
2 3 5 7 8 13  #SUP: 0 (0.00%)
2 3 5 7 9 10  #SUP: 0 (0.00%)
2 3 5 7 9 11  #SUP: 0 (0.00%)
2 3 5 7 9 12  #SUP: 0 (0.00%)
2 3 5 7 9 13  #SUP: 0 (0.00%)
2 3 5 7 10 11  #SUP: 0 (0.00%)
2 3 5 7 10 12  #SUP: 0 (0.00%)
2 3 5 7 10 13  #SUP: 0 (0.00%)
2 3 5 7 11 12  #SUP: 0 (0.00%)
2 3 5 7 11 13  #SUP: 0 (0.00%)
2 3 5 7 12 13  #SUP: 0 (0.00%)
2 3 5 8 9 10  #SUP: 0 (0.00%)
2 3 5 8 9 11  #SUP: 0 (0.00%)
2 3 5 8 9 12  #SUP: 0 (0.00%)
2 3 5 8 9 13  #SUP: 0 (0.00%)
2 3 5 8 10 11  #SUP: 0 (0.00%)
2 3 5 8 10 12  #SUP: 0 (0.00%)
2 3 5 8 10 13  #SUP: 0 (0.00%)
2 3 5 8 11 12  #SUP: 0 (0.00%)
2 3 5 8 11 13  #SUP: 0 (0.00%)
2 3 5 8 12 13  #SUP: 0 (0.00%)
2 3 5 9 10 11  #SUP: 0 (0.00%)
2 3 5 9 10 12  #SUP: 0 (0.00%)
2 3 5 9 10 13  #SUP: 0 (0.00%)
2 3 5 9 11 12  #SUP: 0 (0.00%)
2 3 5 9 11 13  #SUP: 0 (0.00%)
2 3 5 9 12 13  #SUP: 0 (0.00%)
2 3 5 10 11 12  #SUP: 0 (0.00%)
2 3 5 10 11 13  #SUP: 0 (0.00%)
2 3 5 10 12 13  #SUP: 0 (0.00%)
2 3 5 11 12 13  #SUP: 0 (0.00%)
2 3 6 7 8 9  #SUP: 0 (0.00%)
2 3 6 7 8 10  #SUP: 0 (0.00%)
2 3 6 7 8 11  #SUP: 0 (0.00%)
2 3 6 7 8 12  #SUP: 0 (0.00%)
2 3 6 7 8 13  #SUP: 0 (0.00%)
2 3 6 7 9 10  #SUP: 0 (0.00%)
2 3 6 7 9 11  #SUP: 0 (0.00%)
2 3 6 7 9 12  #SUP: 0 (0.00%)
2 3 6 7 9 13  #SUP: 0 (0.00%)
2 3 6 7 10 11  #SUP: 0 (0.00%)
2 3 6 7 10 12  #SUP: 0 (0.00%)
2 3 6 7 10 13  #SUP: 0 (0.00%)
2 3 6 7 11 12  #SUP: 0 (0.00%)
2 3 6 7 11 13  #SUP: 0 (0.00%)
2 3 6 7 12 13  #SUP: 0 (0.00%)
2 3 6 8 9 10  #SUP: 0 (0.00%)
2 3 6 8 9 11  #SUP: 0 (0.00%)
2 3 6 8 9 12  #SUP: 0 (0.00%)
2 3 6 8 9 13  #SUP: 0 (0.00%)
2 3 6 8 10 11  #SUP: 0 (0.00%)
2 3 6 8 10 12  #SUP: 0 (0.00%)
2 3 6 8 10 13  #SUP: 0 (0.00%)
2 3 6 8 11 12  #SUP: 0 (0.00%)
2 3 6 8 11 13  #SUP: 0 (0.00%)
2 3 6 8 12 13  #SUP: 0 (0.00%)
2 3 6 9 10 11  #SUP: 0 (0.00%)
2 3 6 9 10 12  #SUP: 0 (0.00%)
2 3 6 9 10 13  #SUP: 0 (0.00%)
2 3 6 9 11 12  #SUP: 0 (0.00%)
2 3 6 9 11 13  #SUP: 0 (0.00%)
2 3 6 9 12 13  #SUP: 0 (0.00%)
2 3 6 10 11 12  #SUP: 0 (0.00%)
2 3 6 10 11 13  #SUP: 0 (0.00%)
2 3 6 10 12 13  #SUP: 0 (0.00%)
2 3 6 11 12 13  #SUP: 0 (0.00%)
2 3 7 8 9 10  #SUP: 0 (0.00%)
2 3 7 8 9 11  #SUP: 0 (0.00%)
2 3 7 8 9 12  #SUP: 0 (0.00%)
2 3 7 8 9 13  #SUP: 0 (0.00%)
2 3 7 8 10 11  #SUP: 0 (0.00%)
2 3 7 8 10 12  #SUP: 0 (0.00%)
2 3 7 8 10 13  #SUP: 0 (0.00%)
2 3 7 8 11 12  #SUP: 0 (0.00%)
2 3 7 8 11 13  #SUP: 0 (0.00%)
2 3 7 8 12 13  #SUP: 0 (0.00%)
2 3 7 9 10 11  #SUP: 0 (0.00%)
2 3 7 9 10 12  #SUP: 0 (0.00%)
2 3 7 9 10 13  #SUP: 0 (0.00%)
2 3 7 9 11 12  #SUP: 0 (0.00%)
2 3 7 9 11 13  #SUP: 0 (0.00%)
2 3 7 9 12 13  #SUP: 0 (0.00%)
2 3 7 10 11 12  #SUP: 0 (0.00%)
2 3 7 10 11 13  #SUP: 0 (0.00%)
2 3 7 10 12 13  #SUP: 0 (0.00%)
2 3 7 11 12 13  #SUP: 0 (0.00%)
2 3 8 9 10 11  #SUP: 0 (0.00%)
2 3 8 9 10 12  #SUP: 0 (0.00%)
2 3 8 9 10 13  #SUP: 0 (0.00%)
2 3 8 9 11 12  #SUP: 0 (0.00%)
2 3 8 9 11 13  #SUP: 0 (0.00%)
2 3 8 9 12 13  #SUP: 0 (0.00%)
2 3 8 10 11 12  #SUP: 0 (0.00%)
2 3 8 10 11 13  #SUP: 0 (0.00%)
2 3 8 10 12 13  #SUP: 0 (0.00%)
2 3 8 11 12 13  #SUP: 0 (0.00%)
2 3 9 10 11 12  #SUP: 0 (0.00%)
2 3 9 10 11 13  #SUP: 0 (0.00%)
2 3 9 10 12 13  #SUP: 0 (0.00%)
2 3 9 11 12 13  #SUP: 0 (0.00%)
2 3 10 11 12 13  #SUP: 0 (0.00%)
2 4 5 6 7 8  #SUP: 0 (0.00%)
2 4 5 6 7 9  #SUP: 0 (0.00%)
2 4 5 6 7 10  #SUP: 0 (0.00%)
2 4 5 6 7 11  #SUP: 0 (0.00%)
2 4 5 6 7 12  #SUP: 0 (0.00%)
2 4 5 6 7 13  #SUP: 0 (0.00%)
2 4 5 6 8 9  #SUP: 0 (0.00%)
2 4 5 6 8 10  #SUP: 0 (0.00%)
2 4 5 6 8 11  #SUP: 0 (0.00%)
2 4 5 6 8 12  #SUP: 0 (0.00%)
2 4 5 6 8 13  #SUP: 0 (0.00%)
2 4 5 6 9 10  #SUP: 0 (0.00%)
2 4 5 6 9 11  #SUP: 0 (0.00%)
2 4 5 6 9 12  #SUP: 0 (0.00%)
2 4 5 6 9 13  #SUP: 0 (0.00%)
2 4 5 6 10 11  #SUP: 0 (0.00%)
2 4 5 6 10 12  #SUP: 0 (0.00%)
2 4 5 6 10 13  #SUP: 0 (0.00%)
2 4 5 6 11 12  #SUP: 0 (0.00%)
2 4 5 6 11 13  #SUP: 0 (0.00%)
2 4 5 6 12 13  #SUP: 0 (0.00%)
2 4 5 7 8 9  #SUP: 0 (0.00%)
2 4 5 7 8 10  #SUP: 0 (0.00%)
2 4 5 7 8 11  #SUP: 0 (0.00%)
2 4 5 7 8 12  #SUP: 0 (0.00%)
2 4 5 7 8 13  #SUP: 0 (0.00%)
2 4 5 7 9 10  #SUP: 0 (0.00%)
2 4 5 7 9 11  #SUP: 0 (0.00%)
2 4 5 7 9 12  #SUP: 0 (0.00%)
2 4 5 7 9 13  #SUP: 0 (0.00%)
2 4 5 7 10 11  #SUP: 0 (0.00%)
2 4 5 7 10 12  #SUP: 0 (0.00%)
2 4 5 7 10 13  #SUP: 0 (0.00%)
2 4 5 7 11 12  #SUP: 0 (0.00%)
2 4 5 7 11 13  #SUP: 0 (0.00%)
2 4 5 7 12 13  #SUP: 0 (0.00%)
2 4 5 8 9 10  #SUP: 0 (0.00%)
2 4 5 8 9 11  #SUP: 0 (0.00%)
2 4 5 8 9 12  #SUP: 0 (0.00%)
2 4 5 8 9 13  #SUP: 0 (0.00%)
2 4 5 8 10 11  #SUP: 0 (0.00%)
2 4 5 8 10 12  #SUP: 0 (0.00%)
2 4 5 8 10 13  #SUP: 0 (0.00%)
2 4 5 8 11 12  #SUP: 0 (0.00%)
2 4 5 8 11 13  #SUP: 0 (0.00%)
2 4 5 8 12 13  #SUP: 0 (0.00%)
2 4 5 9 10 11  #SUP: 0 (0.00%)
2 4 5 9 10 12  #SUP: 0 (0.00%)
2 4 5 9 10 13  #SUP: 0 (0.00%)
2 4 5 9 11 12  #SUP: 0 (0.00%)
2 4 5 9 11 13  #SUP: 0 (0.00%)
2 4 5 9 12 13  #SUP: 0 (0.00%)
2 4 5 10 11 12  #SUP: 0 (0.00%)
2 4 5 10 11 13  #SUP: 0 (0.00%)
2 4 5 10 12 13  #SUP: 0 (0.00%)
2 4 5 11 12 13  #SUP: 0 (0.00%)
2 4 6 7 8 9  #SUP: 0 (0.00%)
2 4 6 7 8 10  #SUP: 0 (0.00%)
2 4 6 7 8 11  #SUP: 0 (0.00%)
2 4 6 7 8 12  #SUP: 0 (0.00%)
2 4 6 7 8 13  #SUP: 0 (0.00%)
2 4 6 7 9 10  #SUP: 0 (0.00%)
2 4 6 7 9 11  #SUP: 0 (0.00%)
2 4 6 7 9 12  #SUP: 0 (0.00%)
2 4 6 7 9 13  #SUP: 0 (0.00%)
2 4 6 7 10 11  #SUP: 0 (0.00%)
2 4 6 7 10 12  #SUP: 0 (0.00%)
2 4 6 7 10 13  #SUP: 0 (0.00%)
2 4 6 7 11 12  #SUP: 0 (0.00%)
2 4 6 7 11 13  #SUP: 0 (0.00%)
2 4 6 7 12 13  #SUP: 0 (0.00%)
2 4 6 8 9 10  #SUP: 0 (0.00%)
2 4 6 8 9 11  #SUP: 0 (0.00%)
2 4 6 8 9 12  #SUP: 0 (0.00%)
2 4 6 8 9 13  #SUP: 0 (0.00%)
2 4 6 8 10 11  #SUP: 0 (0.00%)
2 4 6 8 10 12  #SUP: 0 (0.00%)
2 4 6 8 10 13  #SUP: 0 (0.00%)
2 4 6 8 11 12  #SUP: 0 (0.00%)
2 4 6 8 11 13  #SUP: 0 (0.00%)
2 4 6 8 12 13  #SUP: 0 (0.00%)
2 4 6 9 10 11  #SUP: 0 (0.00%)
2 4 6 9 10 12  #SUP: 0 (0.00%)
2 4 6 9 10 13  #SUP: 0 (0.00%)
2 4 6 9 11 12  #SUP: 0 (0.00%)
2 4 6 9 11 13  #SUP: 0 (0.00%)
2 4 6 9 12 13  #SUP: 0 (0.00%)
2 4 6 10 11 12  #SUP: 0 (0.00%)
2 4 6 10 11 13  #SUP: 0 (0.00%)
2 4 6 10 12 13  #SUP: 0 (0.00%)
2 4 6 11 12 13  #SUP: 0 (0.00%)
2 4 7 8 9 10  #SUP: 0 (0.00%)
2 4 7 8 9 11  #SUP: 0 (0.00%)
2 4 7 8 9 12  #SUP: 0 (0.00%)
2 4 7 8 9 13  #SUP: 0 (0.00%)
2 4 7 8 10 11  #SUP: 0 (0.00%)
2 4 7 8 10 12  #SUP: 0 (0.00%)
2 4 7 8 10 13  #SUP: 0 (0.00%)
2 4 7 8 11 12  #SUP: 0 (0.00%)
2 4 7 8 11 13  #SUP: 0 (0.00%)
2 4 7 8 12 13  #SUP: 0 (0.00%)
2 4 7 9 10 11  #SUP: 0 (0.00%)
2 4 7 9 10 12  #SUP: 0 (0.00%)
2 4 7 9 10 13  #SUP: 0 (0.00%)
2 4 7 9 11 12  #SUP: 0 (0.00%)
2 4 7 9 11 13  #SUP: 0 (0.00%)
2 4 7 9 12 13  #SUP: 0 (0.00%)
2 4 7 10 11 12  #SUP: 0 (0.00%)
2 4 7 10 11 13  #SUP: 0 (0.00%)
2 4 7 10 12 13  #SUP: 0 (0.00%)
2 4 7 11 12 13  #SUP: 0 (0.00%)
2 4 8 9 10 11  #SUP: 0 (0.00%)
2 4 8 9 10 12  #SUP: 0 (0.00%)
2 4 8 9 10 13  #SUP: 0 (0.00%)
2 4 8 9 11 12  #SUP: 0 (0.00%)
2 4 8 9 11 13  #SUP: 0 (0.00%)
2 4 8 9 12 13  #SUP: 0 (0.00%)
2 4 8 10 11 12  #SUP: 0 (0.00%)
2 4 8 10 11 13  #SUP: 0 (0.00%)
2 4 8 10 12 13  #SUP: 0 (0.00%)
2 4 8 11 12 13  #SUP: 0 (0.00%)
2 4 9 10 11 12  #SUP: 0 (0.00%)
2 4 9 10 11 13  #SUP: 0 (0.00%)
2 4 9 10 12 13  #SUP: 0 (0.00%)
2 4 9 11 12 13  #SUP: 0 (0.00%)
2 4 10 11 12 13  #SUP: 0 (0.00%)
2 5 6 7 8 9  #SUP: 0 (0.00%)
2 5 6 7 8 10  #SUP: 0 (0.00%)
2 5 6 7 8 11  #SUP: 0 (0.00%)
2 5 6 7 8 12  #SUP: 0 (0.00%)
2 5 6 7 8 13  #SUP: 0 (0.00%)
2 5 6 7 9 10  #SUP: 0 (0.00%)
2 5 6 7 9 11  #SUP: 0 (0.00%)
2 5 6 7 9 12  #SUP: 0 (0.00%)
2 5 6 7 9 13  #SUP: 0 (0.00%)
2 5 6 7 10 11  #SUP: 0 (0.00%)
2 5 6 7 10 12  #SUP: 0 (0.00%)
2 5 6 7 10 13  #SUP: 0 (0.00%)
2 5 6 7 11 12  #SUP: 0 (0.00%)
2 5 6 7 11 13  #SUP: 0 (0.00%)
2 5 6 7 12 13  #SUP: 0 (0.00%)
2 5 6 8 9 10  #SUP: 0 (0.00%)
2 5 6 8 9 11  #SUP: 0 (0.00%)
2 5 6 8 9 12  #SUP: 0 (0.00%)
2 5 6 8 9 13  #SUP: 0 (0.00%)
2 5 6 8 10 11  #SUP: 0 (0.00%)
2 5 6 8 10 12  #SUP: 0 (0.00%)
2 5 6 8 10 13  #SUP: 0 (0.00%)
2 5 6 8 11 12  #SUP: 0 (0.00%)
2 5 6 8 11 13  #SUP: 0 (0.00%)
2 5 6 8 12 13  #SUP: 0 (0.00%)
2 5 6 9 10 11  #SUP: 0 (0.00%)
2 5 6 9 10 12  #SUP: 0 (0.00%)
2 5 6 9 10 13  #SUP: 0 (0.00%)
2 5 6 9 11 12  #SUP: 0 (0.00%)
2 5 6 9 11 13  #SUP: 0 (0.00%)
2 5 6 9 12 13  #SUP: 0 (0.00%)
2 5 6 10 11 12  #SUP: 0 (0.00%)
2 5 6 10 11 13  #SUP: 0 (0.00%)
2 5 6 10 12 13  #SUP: 0 (0.00%)
2 5 6 11 12 13  #SUP: 0 (0.00%)
2 5 7 8 9 10  #SUP: 0 (0.00%)
2 5 7 8 9 11  #SUP: 0 (0.00%)
2 5 7 8 9 12  #SUP: 0 (0.00%)
2 5 7 8 9 13  #SUP: 0 (0.00%)
2 5 7 8 10 11  #SUP: 0 (0.00%)
2 5 7 8 10 12  #SUP: 0 (0.00%)
2 5 7 8 10 13  #SUP: 0 (0.00%)
2 5 7 8 11 12  #SUP: 0 (0.00%)
2 5 7 8 11 13  #SUP: 0 (0.00%)
2 5 7 8 12 13  #SUP: 0 (0.00%)
2 5 7 9 10 11  #SUP: 0 (0.00%)
2 5 7 9 10 12  #SUP: 0 (0.00%)
2 5 7 9 10 13  #SUP: 0 (0.00%)
2 5 7 9 11 12  #SUP: 0 (0.00%)
2 5 7 9 11 13  #SUP: 0 (0.00%)
2 5 7 9 12 13  #SUP: 0 (0.00%)
2 5 7 10 11 12  #SUP: 0 (0.00%)
2 5 7 10 11 13  #SUP: 0 (0.00%)
2 5 7 10 12 13  #SUP: 0 (0.00%)
2 5 7 11 12 13  #SUP: 0 (0.00%)
2 5 8 9 10 11  #SUP: 0 (0.00%)
2 5 8 9 10 12  #SUP: 0 (0.00%)
2 5 8 9 10 13  #SUP: 0 (0.00%)
2 5 8 9 11 12  #SUP: 0 (0.00%)
2 5 8 9 11 13  #SUP: 0 (0.00%)
2 5 8 9 12 13  #SUP: 0 (0.00%)
2 5 8 10 11 12  #SUP: 0 (0.00%)
2 5 8 10 11 13  #SUP: 0 (0.00%)
2 5 8 10 12 13  #SUP: 0 (0.00%)
2 5 8 11 12 13  #SUP: 0 (0.00%)
2 5 9 10 11 12  #SUP: 0 (0.00%)
2 5 9 10 11 13  #SUP: 0 (0.00%)
2 5 9 10 12 13  #SUP: 0 (0.00%)
2 5 9 11 12 13  #SUP: 0 (0.00%)
2 5 10 11 12 13  #SUP: 0 (0.00%)
2 6 7 8 9 10  #SUP: 0 (0.00%)
2 6 7 8 9 11  #SUP: 0 (0.00%)
2 6 7 8 9 12  #SUP: 0 (0.00%)
2 6 7 8 9 13  #SUP: 0 (0.00%)
2 6 7 8 10 11  #SUP: 0 (0.00%)
2 6 7 8 10 12  #SUP: 0 (0.00%)
2 6 7 8 10 13  #SUP: 0 (0.00%)
2 6 7 8 11 12  #SUP: 0 (0.00%)
2 6 7 8 11 13  #SUP: 0 (0.00%)
2 6 7 8 12 13  #SUP: 0 (0.00%)
2 6 7 9 10 11  #SUP: 0 (0.00%)
2 6 7 9 10 12  #SUP: 0 (0.00%)
2 6 7 9 10 13  #SUP: 0 (0.00%)
2 6 7 9 11 12  #SUP: 0 (0.00%)
2 6 7 9 11 13  #SUP: 0 (0.00%)
2 6 7 9 12 13  #SUP: 0 (0.00%)
2 6 7 10 11 12  #SUP: 0 (0.00%)
2 6 7 10 11 13  #SUP: 0 (0.00%)
2 6 7 10 12 13  #SUP: 0 (0.00%)
2 6 7 11 12 13  #SUP: 0 (0.00%)
2 6 8 9 10 11  #SUP: 0 (0.00%)
2 6 8 9 10 12  #SUP: 0 (0.00%)
2 6 8 9 10 13  #SUP: 0 (0.00%)
2 6 8 9 11 12  #SUP: 0 (0.00%)
2 6 8 9 11 13  #SUP: 0 (0.00%)
2 6 8 9 12 13  #SUP: 0 (0.00%)
2 6 8 10 11 12  #SUP: 0 (0.00%)
2 6 8 10 11 13  #SUP: 0 (0.00%)
2 6 8 10 12 13  #SUP: 0 (0.00%)
2 6 8 11 12 13  #SUP: 0 (0.00%)
2 6 9 10 11 12  #SUP: 0 (0.00%)
2 6 9 10 11 13  #SUP: 0 (0.00%)
2 6 9 10 12 13  #SUP: 0 (0.00%)
2 6 9 11 12 13  #SUP: 0 (0.00%)
2 6 10 11 12 13  #SUP: 0 (0.00%)
2 7 8 9 10 11  #SUP: 0 (0.00%)
2 7 8 9 10 12  #SUP: 0 (0.00%)
2 7 8 9 10 13  #SUP: 0 (0.00%)
2 7 8 9 11 12  #SUP: 0 (0.00%)
2 7 8 9 11 13  #SUP: 0 (0.00%)
2 7 8 9 12 13  #SUP: 0 (0.00%)
2 7 8 10 11 12  #SUP: 0 (0.00%)
2 7 8 10 11 13  #SUP: 0 (0.00%)
2 7 8 10 12 13  #SUP: 0 (0.00%)
2 7 8 11 12 13  #SUP: 0 (0.00%)
2 7 9 10 11 12  #SUP: 0 (0.00%)
2 7 9 10 11 13  #SUP: 0 (0.00%)
2 7 9 10 12 13  #SUP: 0 (0.00%)
2 7 9 11 12 13  #SUP: 0 (0.00%)
2 7 10 11 12 13  #SUP: 0 (0.00%)
2 8 9 10 11 12  #SUP: 0 (0.00%)
2 8 9 10 11 13  #SUP: 0 (0.00%)
2 8 9 10 12 13  #SUP: 0 (0.00%)
2 8 9 11 12 13  #SUP: 0 (0.00%)
2 8 10 11 12 13  #SUP: 0 (0.00%)
2 9 10 11 12 13  #SUP: 0 (0.00%)
3 4 5 6 7 8  #SUP: 0 (0.00%)
3 4 5 6 7 9  #SUP: 0 (0.00%)
3 4 5 6 7 10  #SUP: 0 (0.00%)
3 4 5 6 7 11  #SUP: 0 (0.00%)
3 4 5 6 7 12  #SUP: 0 (0.00%)
3 4 5 6 7 13  #SUP: 0 (0.00%)
3 4 5 6 8 9  #SUP: 0 (0.00%)
3 4 5 6 8 10  #SUP: 0 (0.00%)
3 4 5 6 8 11  #SUP: 0 (0.00%)
3 4 5 6 8 12  #SUP: 0 (0.00%)
3 4 5 6 8 13  #SUP: 0 (0.00%)
3 4 5 6 9 10  #SUP: 0 (0.00%)
3 4 5 6 9 11  #SUP: 0 (0.00%)
3 4 5 6 9 12  #SUP: 0 (0.00%)
3 4 5 6 9 13  #SUP: 0 (0.00%)
3 4 5 6 10 11  #SUP: 0 (0.00%)
3 4 5 6 10 12  #SUP: 0 (0.00%)
3 4 5 6 10 13  #SUP: 0 (0.00%)
3 4 5 6 11 12  #SUP: 0 (0.00%)
3 4 5 6 11 13  #SUP: 0 (0.00%)
3 4 5 6 12 13  #SUP: 0 (0.00%)
3 4 5 7 8 9  #SUP: 0 (0.00%)
3 4 5 7 8 10  #SUP: 0 (0.00%)
3 4 5 7 8 11  #SUP: 0 (0.00%)
3 4 5 7 8 12  #SUP: 0 (0.00%)
3 4 5 7 8 13  #SUP: 0 (0.00%)
3 4 5 7 9 10  #SUP: 0 (0.00%)
3 4 5 7 9 11  #SUP: 0 (0.00%)
3 4 5 7 9 12  #SUP: 0 (0.00%)
3 4 5 7 9 13  #SUP: 0 (0.00%)
3 4 5 7 10 11  #SUP: 0 (0.00%)
3 4 5 7 10 12  #SUP: 0 (0.00%)
3 4 5 7 10 13  #SUP: 0 (0.00%)
3 4 5 7 11 12  #SUP: 0 (0.00%)
3 4 5 7 11 13  #SUP: 0 (0.00%)
3 4 5 7 12 13  #SUP: 0 (0.00%)
3 4 5 8 9 10  #SUP: 0 (0.00%)
3 4 5 8 9 11  #SUP: 0 (0.00%)
3 4 5 8 9 12  #SUP: 0 (0.00%)
3 4 5 8 9 13  #SUP: 0 (0.00%)
3 4 5 8 10 11  #SUP: 0 (0.00%)
3 4 5 8 10 12  #SUP: 0 (0.00%)
3 4 5 8 10 13  #SUP: 0 (0.00%)
3 4 5 8 11 12  #SUP: 0 (0.00%)
3 4 5 8 11 13  #SUP: 0 (0.00%)
3 4 5 8 12 13  #SUP: 0 (0.00%)
3 4 5 9 10 11  #SUP: 0 (0.00%)
3 4 5 9 10 12  #SUP: 0 (0.00%)
3 4 5 9 10 13  #SUP: 0 (0.00%)
3 4 5 9 11 12  #SUP: 0 (0.00%)
3 4 5 9 11 13  #SUP: 0 (0.00%)
3 4 5 9 12 13  #SUP: 0 (0.00%)
3 4 5 10 11 12  #SUP: 0 (0.00%)
3 4 5 10 11 13  #SUP: 0 (0.00%)
3 4 5 10 12 13  #SUP: 0 (0.00%)
3 4 5 11 12 13  #SUP: 0 (0.00%)
3 4 6 7 8 9  #SUP: 0 (0.00%)
3 4 6 7 8 10  #SUP: 0 (0.00%)
3 4 6 7 8 11  #SUP: 0 (0.00%)
3 4 6 7 8 12  #SUP: 0 (0.00%)
3 4 6 7 8 13  #SUP: 0 (0.00%)
3 4 6 7 9 10  #SUP: 0 (0.00%)
3 4 6 7 9 11  #SUP: 0 (0.00%)
3 4 6 7 9 12  #SUP: 0 (0.00%)
3 4 6 7 9 13  #SUP: 0 (0.00%)
3 4 6 7 10 11  #SUP: 0 (0.00%)
3 4 6 7 10 12  #SUP: 0 (0.00%)
3 4 6 7 10 13  #SUP: 0 (0.00%)
3 4 6 7 11 12  #SUP: 0 (0.00%)
3 4 6 7 11 13  #SUP: 0 (0.00%)
3 4 6 7 12 13  #SUP: 0 (0.00%)
3 4 6 8 9 10  #SUP: 0 (0.00%)
3 4 6 8 9 11  #SUP: 0 (0.00%)
3 4 6 8 9 12  #SUP: 0 (0.00%)
3 4 6 8 9 13  #SUP: 0 (0.00%)
3 4 6 8 10 11  #SUP: 0 (0.00%)
3 4 6 8 10 12  #SUP: 0 (0.00%)
3 4 6 8 10 13  #SUP: 0 (0.00%)
3 4 6 8 11 12  #SUP: 0 (0.00%)
3 4 6 8 11 13  #SUP: 0 (0.00%)
3 4 6 8 12 13  #SUP: 0 (0.00%)
3 4 6 9 10 11  #SUP: 0 (0.00%)
3 4 6 9 10 12  #SUP: 0 (0.00%)
3 4 6 9 10 13  #SUP: 0 (0.00%)
3 4 6 9 11 12  #SUP: 0 (0.00%)
3 4 6 9 11 13  #SUP: 0 (0.00%)
3 4 6 9 12 13  #SUP: 0 (0.00%)
3 4 6 10 11 12  #SUP: 0 (0.00%)
3 4 6 10 11 13  #SUP: 0 (0.00%)
3 4 6 10 12 13  #SUP: 0 (0.00%)
3 4 6 11 12 13  #SUP: 0 (0.00%)
3 4 7 8 9 10  #SUP: 0 (0.00%)
3 4 7 8 9 11  #SUP: 0 (0.00%)
3 4 7 8 9 12  #SUP: 0 (0.00%)
3 4 7 8 9 13  #SUP: 0 (0.00%)
3 4 7 8 10 11  #SUP: 0 (0.00%)
3 4 7 8 10 12  #SUP: 0 (0.00%)
3 4 7 8 10 13  #SUP: 0 (0.00%)
3 4 7 8 11 12  #SUP: 0 (0.00%)
3 4 7 8 11 13  #SUP: 0 (0.00%)
3 4 7 8 12 13  #SUP: 0 (0.00%)
3 4 7 9 10 11  #SUP: 0 (0.00%)
3 4 7 9 10 12  #SUP: 0 (0.00%)
3 4 7 9 10 13  #SUP: 0 (0.00%)
3 4 7 9 11 12  #SUP: 0 (0.00%)
3 4 7 9 11 13  #SUP: 0 (0.00%)
3 4 7 9 12 13  #SUP: 0 (0.00%)
3 4 7 10 11 12  #SUP: 0 (0.00%)
3 4 7 10 11 13  #SUP: 0 (0.00%)
3 4 7 10 12 13  #SUP: 0 (0.00%)
3 4 7 11 12 13  #SUP: 0 (0.00%)
3 4 8 9 10 11  #SUP: 0 (0.00%)
3 4 8 9 10 12  #SUP: 0 (0.00%)
3 4 8 9 10 13  #SUP: 0 (0.00%)
3 4 8 9 11 12  #SUP: 0 (0.00%)
3 4 8 9 11 13  #SUP: 0 (0.00%)
3 4 8 9 12 13  #SUP: 0 (0.00%)
3 4 8 10 11 12  #SUP: 0 (0.00%)
3 4 8 10 11 13  #SUP: 0 (0.00%)
3 4 8 10 12 13  #SUP: 0 (0.00%)
3 4 8 11 12 13  #SUP: 0 (0.00%)
3 4 9 10 11 12  #SUP: 0 (0.00%)
3 4 9 10 11 13  #SUP: 0 (0.00%)
3 4 9 10 12 13  #SUP: 0 (0.00%)
3 4 9 11 12 13  #SUP: 0 (0.00%)
3 4 10 11 12 13  #SUP: 0 (0.00%)
3 5 6 7 8 9  #SUP: 0 (0.00%)
3 5 6 7 8 10  #SUP: 0 (0.00%)
3 5 6 7 8 11  #SUP: 0 (0.00%)
3 5 6 7 8 12  #SUP: 0 (0.00%)
3 5 6 7 8 13  #SUP: 0 (0.00%)
3 5 6 7 9 10  #SUP: 0 (0.00%)
3 5 6 7 9 11  #SUP: 0 (0.00%)
3 5 6 7 9 12  #SUP: 0 (0.00%)
3 5 6 7 9 13  #SUP: 0 (0.00%)
3 5 6 7 10 11  #SUP: 0 (0.00%)
3 5 6 7 10 12  #SUP: 0 (0.00%)
3 5 6 7 10 13  #SUP: 0 (0.00%)
3 5 6 7 11 12  #SUP: 0 (0.00%)
3 5 6 7 11 13  #SUP: 0 (0.00%)
3 5 6 7 12 13  #SUP: 0 (0.00%)
3 5 6 8 9 10  #SUP: 0 (0.00%)
3 5 6 8 9 11  #SUP: 0 (0.00%)
3 5 6 8 9 12  #SUP: 0 (0.00%)
3 5 6 8 9 13  #SUP: 0 (0.00%)
3 5 6 8 10 11  #SUP: 0 (0.00%)
3 5 6 8 10 12  #SUP: 0 (0.00%)
3 5 6 8 10 13  #SUP: 0 (0.00%)
3 5 6 8 11 12  #SUP: 0 (0.00%)
3 5 6 8 11 13  #SUP: 0 (0.00%)
3 5 6 8 12 13  #SUP: 0 (0.00%)
3 5 6 9 10 11  #SUP: 0 (0.00%)
3 5 6 9 10 12  #SUP: 0 (0.00%)
3 5 6 9 10 13  #SUP: 0 (0.00%)
3 5 6 9 11 12  #SUP: 0 (0.00%)
3 5 6 9 11 13  #SUP: 0 (0.00%)
3 5 6 9 12 13  #SUP: 0 (0.00%)
3 5 6 10 11 12  #SUP: 0 (0.00%)
3 5 6 10 11 13  #SUP: 0 (0.00%)
3 5 6 10 12 13  #SUP: 0 (0.00%)
3 5 6 11 12 13  #SUP: 0 (0.00%)
3 5 7 8 9 10  #SUP: 0 (0.00%)
3 5 7 8 9 11  #SUP: 0 (0.00%)
3 5 7 8 9 12  #SUP: 0 (0.00%)
3 5 7 8 9 13  #SUP: 0 (0.00%)
3 5 7 8 10 11  #SUP: 0 (0.00%)
3 5 7 8 10 12  #SUP: 0 (0.00%)
3 5 7 8 10 13  #SUP: 0 (0.00%)
3 5 7 8 11 12  #SUP: 0 (0.00%)
3 5 7 8 11 13  #SUP: 0 (0.00%)
3 5 7 8 12 13  #SUP: 0 (0.00%)
3 5 7 9 10 11  #SUP: 0 (0.00%)
3 5 7 9 10 12  #SUP: 0 (0.00%)
3 5 7 9 10 13  #SUP: 0 (0.00%)
3 5 7 9 11 12  #SUP: 0 (0.00%)
3 5 7 9 11 13  #SUP: 0 (0.00%)
3 5 7 9 12 13  #SUP: 0 (0.00%)
3 5 7 10 11 12  #SUP: 0 (0.00%)
3 5 7 10 11 13  #SUP: 0 (0.00%)
3 5 7 10 12 13  #SUP: 0 (0.00%)
3 5 7 11 12 13  #SUP: 0 (0.00%)
3 5 8 9 10 11  #SUP: 0 (0.00%)
3 5 8 9 10 12  #SUP: 0 (0.00%)
3 5 8 9 10 13  #SUP: 0 (0.00%)
3 5 8 9 11 12  #SUP: 0 (0.00%)
3 5 8 9 11 13  #SUP: 0 (0.00%)
3 5 8 9 12 13  #SUP: 0 (0.00%)
3 5 8 10 11 12  #SUP: 0 (0.00%)
3 5 8 10 11 13  #SUP: 0 (0.00%)
3 5 8 10 12 13  #SUP: 0 (0.00%)
3 5 8 11 12 13  #SUP: 0 (0.00%)
3 5 9 10 11 12  #SUP: 0 (0.00%)
3 5 9 10 11 13  #SUP: 0 (0.00%)
3 5 9 10 12 13  #SUP: 0 (0.00%)
3 5 9 11 12 13  #SUP: 0 (0.00%)
3 5 10 11 12 13  #SUP: 0 (0.00%)
3 6 7 8 9 10  #SUP: 0 (0.00%)
3 6 7 8 9 11  #SUP: 0 (0.00%)
3 6 7 8 9 12  #SUP: 0 (0.00%)
3 6 7 8 9 13  #SUP: 0 (0.00%)
3 6 7 8 10 11  #SUP: 0 (0.00%)
3 6 7 8 10 12  #SUP: 0 (0.00%)
3 6 7 8 10 13  #SUP: 0 (0.00%)
3 6 7 8 11 12  #SUP: 0 (0.00%)
3 6 7 8 11 13  #SUP: 0 (0.00%)
3 6 7 8 12 13  #SUP: 0 (0.00%)
3 6 7 9 10 11  #SUP: 0 (0.00%)
3 6 7 9 10 12  #SUP: 0 (0.00%)
3 6 7 9 10 13  #SUP: 0 (0.00%)
3 6 7 9 11 12  #SUP: 0 (0.00%)
3 6 7 9 11 13  #SUP: 0 (0.00%)
3 6 7 9 12 13  #SUP: 0 (0.00%)
3 6 7 10 11 12  #SUP: 0 (0.00%)
3 6 7 10 11 13  #SUP: 0 (0.00%)
3 6 7 10 12 13  #SUP: 0 (0.00%)
3 6 7 11 12 13  #SUP: 0 (0.00%)
3 6 8 9 10 11  #SUP: 0 (0.00%)
3 6 8 9 10 12  #SUP: 0 (0.00%)
3 6 8 9 10 13  #SUP: 0 (0.00%)
3 6 8 9 11 12  #SUP: 0 (0.00%)
3 6 8 9 11 13  #SUP: 0 (0.00%)
3 6 8 9 12 13  #SUP: 0 (0.00%)
3 6 8 10 11 12  #SUP: 0 (0.00%)
3 6 8 10 11 13  #SUP: 0 (0.00%)
3 6 8 10 12 13  #SUP: 0 (0.00%)
3 6 8 11 12 13  #SUP: 0 (0.00%)
3 6 9 10 11 12  #SUP: 0 (0.00%)
3 6 9 10 11 13  #SUP: 0 (0.00%)
3 6 9 10 12 13  #SUP: 0 (0.00%)
3 6 9 11 12 13  #SUP: 0 (0.00%)
3 6 10 11 12 13  #SUP: 0 (0.00%)
3 7 8 9 10 11  #SUP: 0 (0.00%)
3 7 8 9 10 12  #SUP: 0 (0.00%)
3 7 8 9 10 13  #SUP: 0 (0.00%)
3 7 8 9 11 12  #SUP: 0 (0.00%)
3 7 8 9 11 13  #SUP: 0 (0.00%)
3 7 8 9 12 13  #SUP: 0 (0.00%)
3 7 8 10 11 12  #SUP: 0 (0.00%)
3 7 8 10 11 13  #SUP: 0 (0.00%)
3 7 8 10 12 13  #SUP: 0 (0.00%)
3 7 8 11 12 13  #SUP: 0 (0.00%)
3 7 9 10 11 12  #SUP: 0 (0.00%)
3 7 9 10 11 13  #SUP: 0 (0.00%)
3 7 9 10 12 13  #SUP: 0 (0.00%)
3 7 9 11 12 13  #SUP: 0 (0.00%)
3 7 10 11 12 13  #SUP: 0 (0.00%)
3 8 9 10 11 12  #SUP: 0 (0.00%)
3 8 9 10 11 13  #SUP: 0 (0.00%)
3 8 9 10 12 13  #SUP: 0 (0.00%)
3 8 9 11 12 13  #SUP: 0 (0.00%)
3 8 10 11 12 13  #SUP: 0 (0.00%)
3 9 10 11 12 13  #SUP: 0 (0.00%)
4 5 6 7 8 9  #SUP: 0 (0.00%)
4 5 6 7 8 10  #SUP: 0 (0.00%)
4 5 6 7 8 11  #SUP: 0 (0.00%)
4 5 6 7 8 12  #SUP: 0 (0.00%)
4 5 6 7 8 13  #SUP: 0 (0.00%)
4 5 6 7 9 10  #SUP: 0 (0.00%)
4 5 6 7 9 11  #SUP: 0 (0.00%)
4 5 6 7 9 12  #SUP: 0 (0.00%)
4 5 6 7 9 13  #SUP: 0 (0.00%)
4 5 6 7 10 11  #SUP: 0 (0.00%)
4 5 6 7 10 12  #SUP: 0 (0.00%)
4 5 6 7 10 13  #SUP: 0 (0.00%)
4 5 6 7 11 12  #SUP: 0 (0.00%)
4 5 6 7 11 13  #SUP: 0 (0.00%)
4 5 6 7 12 13  #SUP: 0 (0.00%)
4 5 6 8 9 10  #SUP: 0 (0.00%)
4 5 6 8 9 11  #SUP: 0 (0.00%)
4 5 6 8 9 12  #SUP: 0 (0.00%)
4 5 6 8 9 13  #SUP: 0 (0.00%)
4 5 6 8 10 11  #SUP: 0 (0.00%)
4 5 6 8 10 12  #SUP: 0 (0.00%)
4 5 6 8 10 13  #SUP: 0 (0.00%)
4 5 6 8 11 12  #SUP: 0 (0.00%)
4 5 6 8 11 13  #SUP: 0 (0.00%)
4 5 6 8 12 13  #SUP: 0 (0.00%)
4 5 6 9 10 11  #SUP: 0 (0.00%)
4 5 6 9 10 12  #SUP: 0 (0.00%)
4 5 6 9 10 13  #SUP: 0 (0.00%)
4 5 6 9 11 12  #SUP: 0 (0.00%)
4 5 6 9 11 13  #SUP: 0 (0.00%)
4 5 6 9 12 13  #SUP: 0 (0.00%)
4 5 6 10 11 12  #SUP: 0 (0.00%)
4 5 6 10 11 13  #SUP: 0 (0.00%)
4 5 6 10 12 13  #SUP: 0 (0.00%)
4 5 6 11 12 13  #SUP: 0 (0.00%)
4 5 7 8 9 10  #SUP: 0 (0.00%)
4 5 7 8 9 11  #SUP: 0 (0.00%)
4 5 7 8 9 12  #SUP: 0 (0.00%)
4 5 7 8 9 13  #SUP: 0 (0.00%)
4 5 7 8 10 11  #SUP: 0 (0.00%)
4 5 7 8 10 12  #SUP: 0 (0.00%)
4 5 7 8 10 13  #SUP: 0 (0.00%)
4 5 7 8 11 12  #SUP: 0 (0.00%)
4 5 7 8 11 13  #SUP: 0 (0.00%)
4 5 7 8 12 13  #SUP: 0 (0.00%)
4 5 7 9 10 11  #SUP: 0 (0.00%)
4 5 7 9 10 12  #SUP: 0 (0.00%)
4 5 7 9 10 13  #SUP: 0 (0.00%)
4 5 7 9 11 12  #SUP: 0 (0.00%)
4 5 7 9 11 13  #SUP: 0 (0.00%)
4 5 7 9 12 13  #SUP: 0 (0.00%)
4 5 7 10 11 12  #SUP: 0 (0.00%)
4 5 7 10 11 13  #SUP: 0 (0.00%)
4 5 7 10 12 13  #SUP: 0 (0.00%)
4 5 7 11 12 13  #SUP: 0 (0.00%)
4 5 8 9 10 11  #SUP: 0 (0.00%)
4 5 8 9 10 12  #SUP: 0 (0.00%)
4 5 8 9 10 13  #SUP: 0 (0.00%)
4 5 8 9 11 12  #SUP: 0 (0.00%)
4 5 8 9 11 13  #SUP: 0 (0.00%)
4 5 8 9 12 13  #SUP: 0 (0.00%)
4 5 8 10 11 12  #SUP: 0 (0.00%)
4 5 8 10 11 13  #SUP: 0 (0.00%)
4 5 8 10 12 13  #SUP: 0 (0.00%)
4 5 8 11 12 13  #SUP: 0 (0.00%)
4 5 9 10 11 12  #SUP: 0 (0.00%)
4 5 9 10 11 13  #SUP: 0 (0.00%)
4 5 9 10 12 13  #SUP: 0 (0.00%)
4 5 9 11 12 13  #SUP: 0 (0.00%)
4 5 10 11 12 13  #SUP: 0 (0.00%)
4 6 7 8 9 10  #SUP: 0 (0.00%)
4 6 7 8 9 11  #SUP: 0 (0.00%)
4 6 7 8 9 12  #SUP: 0 (0.00%)
4 6 7 8 9 13  #SUP: 0 (0.00%)
4 6 7 8 10 11  #SUP: 0 (0.00%)
4 6 7 8 10 12  #SUP: 0 (0.00%)
4 6 7 8 10 13  #SUP: 0 (0.00%)
4 6 7 8 11 12  #SUP: 0 (0.00%)
4 6 7 8 11 13  #SUP: 0 (0.00%)
4 6 7 8 12 13  #SUP: 0 (0.00%)
4 6 7 9 10 11  #SUP: 0 (0.00%)
4 6 7 9 10 12  #SUP: 0 (0.00%)
4 6 7 9 10 13  #SUP: 0 (0.00%)
4 6 7 9 11 12  #SUP: 0 (0.00%)
4 6 7 9 11 13  #SUP: 0 (0.00%)
4 6 7 9 12 13  #SUP: 0 (0.00%)
4 6 7 10 11 12  #SUP: 0 (0.00%)
4 6 7 10 11 13  #SUP: 0 (0.00%)
4 6 7 10 12 13  #SUP: 0 (0.00%)
4 6 7 11 12 13  #SUP: 0 (0.00%)
4 6 8 9 10 11  #SUP: 0 (0.00%)
4 6 8 9 10 12  #SUP: 0 (0.00%)
4 6 8 9 10 13  #SUP: 0 (0.00%)
4 6 8 9 11 12  #SUP: 0 (0.00%)
4 6 8 9 11 13  #SUP: 0 (0.00%)
4 6 8 9 12 13  #SUP: 0 (0.00%)
4 6 8 10 11 12  #SUP: 0 (0.00%)
4 6 8 10 11 13  #SUP: 0 (0.00%)
4 6 8 10 12 13  #SUP: 0 (0.00%)
4 6 8 11 12 13  #SUP: 0 (0.00%)
4 6 9 10 11 12  #SUP: 0 (0.00%)
4 6 9 10 11 13  #SUP: 0 (0.00%)
4 6 9 10 12 13  #SUP: 0 (0.00%)
4 6 9 11 12 13  #SUP: 0 (0.00%)
4 6 10 11 12 13  #SUP: 0 (0.00%)
4 7 8 9 10 11  #SUP: 0 (0.00%)
4 7 8 9 10 12  #SUP: 0 (0.00%)
4 7 8 9 10 13  #SUP: 0 (0.00%)
4 7 8 9 11 12  #SUP: 0 (0.00%)
4 7 8 9 11 13  #SUP: 0 (0.00%)
4 7 8 9 12 13  #SUP: 0 (0.00%)
4 7 8 10 11 12  #SUP: 0 (0.00%)
4 7 8 10 11 13  #SUP: 0 (0.00%)
4 7 8 10 12 13  #SUP: 0 (0.00%)
4 7 8 11 12 13  #SUP: 0 (0.00%)
4 7 9 10 11 12  #SUP: 0 (0.00%)
4 7 9 10 11 13  #SUP: 0 (0.00%)
4 7 9 10 12 13  #SUP: 0 (0.00%)
4 7 9 11 12 13  #SUP: 0 (0.00%)
4 7 10 11 12 13  #SUP: 0 (0.00%)
4 8 9 10 11 12  #SUP: 0 (0.00%)
4 8 9 10 11 13  #SUP: 0 (0.00%)
4 8 9 10 12 13  #SUP: 0 (0.00%)
4 8 9 11 12 13  #SUP: 0 (0.00%)
4 8 10 11 12 13  #SUP: 0 (0.00%)
4 9 10 11 12 13  #SUP: 0 (0.00%)
5 6 7 8 9 10  #SUP: 0 (0.00%)
5 6 7 8 9 11  #SUP: 0 (0.00%)
5 6 7 8 9 12  #SUP: 0 (0.00%)
5 6 7 8 9 13  #SUP: 0 (0.00%)
5 6 7 8 10 11  #SUP: 0 (0.00%)
5 6 7 8 10 12  #SUP: 0 (0.00%)
5 6 7 8 10 13  #SUP: 0 (0.00%)
5 6 7 8 11 12  #SUP: 0 (0.00%)
5 6 7 8 11 13  #SUP: 0 (0.00%)
5 6 7 8 12 13  #SUP: 0 (0.00%)
5 6 7 9 10 11  #SUP: 0 (0.00%)
5 6 7 9 10 12  #SUP: 0 (0.00%)
5 6 7 9 10 13  #SUP: 0 (0.00%)
5 6 7 9 11 12  #SUP: 0 (0.00%)
5 6 7 9 11 13  #SUP: 0 (0.00%)
5 6 7 9 12 13  #SUP: 0 (0.00%)
5 6 7 10 11 12  #SUP: 0 (0.00%)
5 6 7 10 11 13  #SUP: 0 (0.00%)
5 6 7 10 12 13  #SUP: 0 (0.00%)
5 6 7 11 12 13  #SUP: 0 (0.00%)
5 6 8 9 10 11  #SUP: 0 (0.00%)
5 6 8 9 10 12  #SUP: 0 (0.00%)
5 6 8 9 10 13  #SUP: 0 (0.00%)
5 6 8 9 11 12  #SUP: 0 (0.00%)
5 6 8 9 11 13  #SUP: 0 (0.00%)
5 6 8 9 12 13  #SUP: 0 (0.00%)
5 6 8 10 11 12  #SUP: 0 (0.00%)
5 6 8 10 11 13  #SUP: 0 (0.00%)
5 6 8 10 12 13  #SUP: 0 (0.00%)
5 6 8 11 12 13  #SUP: 0 (0.00%)
5 6 9 10 11 12  #SUP: 0 (0.00%)
5 6 9 10 11 13  #SUP: 0 (0.00%)
5 6 9 10 12 13  #SUP: 0 (0.00%)
5 6 9 11 12 13  #SUP: 0 (0.00%)
5 6 10 11 12 13  #SUP: 0 (0.00%)
5 7 8 9 10 11  #SUP: 0 (0.00%)
5 7 8 9 10 12  #SUP: 0 (0.00%)
5 7 8 9 10 13  #SUP: 0 (0.00%)
5 7 8 9 11 12  #SUP: 0 (0.00%)
5 7 8 9 11 13  #SUP: 0 (0.00%)
5 7 8 9 12 13  #SUP: 0 (0.00%)
5 7 8 10 11 12  #SUP: 0 (0.00%)
5 7 8 10 11 13  #SUP: 0 (0.00%)
5 7 8 10 12 13  #SUP: 0 (0.00%)
5 7 8 11 12 13  #SUP: 0 (0.00%)
5 7 9 10 11 12  #SUP: 0 (0.00%)
5 7 9 10 11 13  #SUP: 0 (0.00%)
5 7 9 10 12 13  #SUP: 0 (0.00%)
5 7 9 11 12 13  #SUP: 0 (0.00%)
5 7 10 11 12 13  #SUP: 0 (0.00%)
5 8 9 10 11 12  #SUP: 0 (0.00%)
5 8 9 10 11 13  #SUP: 0 (0.00%)
5 8 9 10 12 13  #SUP: 0 (0.00%)
5 8 9 11 12 13  #SUP: 0 (0.00%)
5 8 10 11 12 13  #SUP: 0 (0.00%)
5 9 10 11 12 13  #SUP: 0 (0.00%)
6 7 8 9 10 11  #SUP: 0 (0.00%)
6 7 8 9 10 12  #SUP: 0 (0.00%)
6 7 8 9 10 13  #SUP: 0 (0.00%)
6 7 8 9 11 12  #SUP: 0 (0.00%)
6 7 8 9 11 13  #SUP: 0 (0.00%)
6 7 8 9 12 13  #SUP: 0 (0.00%)
6 7 8 10 11 12  #SUP: 0 (0.00%)
6 7 8 10 11 13  #SUP: 0 (0.00%)
6 7 8 10 12 13  #SUP: 0 (0.00%)
6 7 8 11 12 13  #SUP: 0 (0.00%)
6 7 9 10 11 12  #SUP: 0 (0.00%)
6 7 9 10 11 13  #SUP: 0 (0.00%)
6 7 9 10 12 13  #SUP: 0 (0.00%)
6 7 9 11 12 13  #SUP: 0 (0.00%)
6 7 10 11 12 13  #SUP: 0 (0.00%)
6 8 9 10 11 12  #SUP: 0 (0.00%)
6 8 9 10 11 13  #SUP: 0 (0.00%)
6 8 9 10 12 13  #SUP: 0 (0.00%)
6 8 9 11 12 13  #SUP: 0 (0.00%)
6 8 10 11 12 13  #SUP: 0 (0.00%)
6 9 10 11 12 13  #SUP: 0 (0.00%)
7 8 9 10 11 12  #SUP: 0 (0.00%)
7 8 9 10 11 13  #SUP: 0 (0.00%)
7 8 9 10 12 13  #SUP: 0 (0.00%)
7 8 9 11 12 13  #SUP: 0 (0.00%)
7 8 10 11 12 13  #SUP: 0 (0.00%)
7 9 10 11 12 13  #SUP: 0 (0.00%)
8 9 10 11 12 13  #SUP: 0 (0.00%)

--- 7-itemsets HIẾM ---
2 3 4 5 6 7 8  #SUP: 0 (0.00%)
2 3 4 5 6 7 9  #SUP: 0 (0.00%)
2 3 4 5 6 7 10  #SUP: 0 (0.00%)
2 3 4 5 6 7 11  #SUP: 0 (0.00%)
2 3 4 5 6 7 12  #SUP: 0 (0.00%)
2 3 4 5 6 7 13  #SUP: 0 (0.00%)
2 3 4 5 6 8 9  #SUP: 0 (0.00%)
2 3 4 5 6 8 10  #SUP: 0 (0.00%)
2 3 4 5 6 8 11  #SUP: 0 (0.00%)
2 3 4 5 6 8 12  #SUP: 0 (0.00%)
2 3 4 5 6 8 13  #SUP: 0 (0.00%)
2 3 4 5 6 9 10  #SUP: 0 (0.00%)
2 3 4 5 6 9 11  #SUP: 0 (0.00%)
2 3 4 5 6 9 12  #SUP: 0 (0.00%)
2 3 4 5 6 9 13  #SUP: 0 (0.00%)
2 3 4 5 6 10 11  #SUP: 0 (0.00%)
2 3 4 5 6 10 12  #SUP: 0 (0.00%)
2 3 4 5 6 10 13  #SUP: 0 (0.00%)
2 3 4 5 6 11 12  #SUP: 0 (0.00%)
2 3 4 5 6 11 13  #SUP: 0 (0.00%)
2 3 4 5 6 12 13  #SUP: 0 (0.00%)
2 3 4 5 7 8 9  #SUP: 0 (0.00%)
2 3 4 5 7 8 10  #SUP: 0 (0.00%)
2 3 4 5 7 8 11  #SUP: 0 (0.00%)
2 3 4 5 7 8 12  #SUP: 0 (0.00%)
2 3 4 5 7 8 13  #SUP: 0 (0.00%)
2 3 4 5 7 9 10  #SUP: 0 (0.00%)
2 3 4 5 7 9 11  #SUP: 0 (0.00%)
2 3 4 5 7 9 12  #SUP: 0 (0.00%)
2 3 4 5 7 9 13  #SUP: 0 (0.00%)
2 3 4 5 7 10 11  #SUP: 0 (0.00%)
2 3 4 5 7 10 12  #SUP: 0 (0.00%)
2 3 4 5 7 10 13  #SUP: 0 (0.00%)
2 3 4 5 7 11 12  #SUP: 0 (0.00%)
2 3 4 5 7 11 13  #SUP: 0 (0.00%)
2 3 4 5 7 12 13  #SUP: 0 (0.00%)
2 3 4 5 8 9 10  #SUP: 0 (0.00%)
2 3 4 5 8 9 11  #SUP: 0 (0.00%)
2 3 4 5 8 9 12  #SUP: 0 (0.00%)
2 3 4 5 8 9 13  #SUP: 0 (0.00%)
2 3 4 5 8 10 11  #SUP: 0 (0.00%)
2 3 4 5 8 10 12  #SUP: 0 (0.00%)
2 3 4 5 8 10 13  #SUP: 0 (0.00%)
2 3 4 5 8 11 12  #SUP: 0 (0.00%)
2 3 4 5 8 11 13  #SUP: 0 (0.00%)
2 3 4 5 8 12 13  #SUP: 0 (0.00%)
2 3 4 5 9 10 11  #SUP: 0 (0.00%)
2 3 4 5 9 10 12  #SUP: 0 (0.00%)
2 3 4 5 9 10 13  #SUP: 0 (0.00%)
2 3 4 5 9 11 12  #SUP: 0 (0.00%)
2 3 4 5 9 11 13  #SUP: 0 (0.00%)
2 3 4 5 9 12 13  #SUP: 0 (0.00%)
2 3 4 5 10 11 12  #SUP: 0 (0.00%)
2 3 4 5 10 11 13  #SUP: 0 (0.00%)
2 3 4 5 10 12 13  #SUP: 0 (0.00%)
2 3 4 5 11 12 13  #SUP: 0 (0.00%)
2 3 4 6 7 8 9  #SUP: 0 (0.00%)
2 3 4 6 7 8 10  #SUP: 0 (0.00%)
2 3 4 6 7 8 11  #SUP: 0 (0.00%)
2 3 4 6 7 8 12  #SUP: 0 (0.00%)
2 3 4 6 7 8 13  #SUP: 0 (0.00%)
2 3 4 6 7 9 10  #SUP: 0 (0.00%)
2 3 4 6 7 9 11  #SUP: 0 (0.00%)
2 3 4 6 7 9 12  #SUP: 0 (0.00%)
2 3 4 6 7 9 13  #SUP: 0 (0.00%)
2 3 4 6 7 10 11  #SUP: 0 (0.00%)
2 3 4 6 7 10 12  #SUP: 0 (0.00%)
2 3 4 6 7 10 13  #SUP: 0 (0.00%)
2 3 4 6 7 11 12  #SUP: 0 (0.00%)
2 3 4 6 7 11 13  #SUP: 0 (0.00%)
2 3 4 6 7 12 13  #SUP: 0 (0.00%)
2 3 4 6 8 9 10  #SUP: 0 (0.00%)
2 3 4 6 8 9 11  #SUP: 0 (0.00%)
2 3 4 6 8 9 12  #SUP: 0 (0.00%)
2 3 4 6 8 9 13  #SUP: 0 (0.00%)
2 3 4 6 8 10 11  #SUP: 0 (0.00%)
2 3 4 6 8 10 12  #SUP: 0 (0.00%)
2 3 4 6 8 10 13  #SUP: 0 (0.00%)
2 3 4 6 8 11 12  #SUP: 0 (0.00%)
2 3 4 6 8 11 13  #SUP: 0 (0.00%)
2 3 4 6 8 12 13  #SUP: 0 (0.00%)
2 3 4 6 9 10 11  #SUP: 0 (0.00%)
2 3 4 6 9 10 12  #SUP: 0 (0.00%)
2 3 4 6 9 10 13  #SUP: 0 (0.00%)
2 3 4 6 9 11 12  #SUP: 0 (0.00%)
2 3 4 6 9 11 13  #SUP: 0 (0.00%)
2 3 4 6 9 12 13  #SUP: 0 (0.00%)
2 3 4 6 10 11 12  #SUP: 0 (0.00%)
2 3 4 6 10 11 13  #SUP: 0 (0.00%)
2 3 4 6 10 12 13  #SUP: 0 (0.00%)
2 3 4 6 11 12 13  #SUP: 0 (0.00%)
2 3 4 7 8 9 10  #SUP: 0 (0.00%)
2 3 4 7 8 9 11  #SUP: 0 (0.00%)
2 3 4 7 8 9 12  #SUP: 0 (0.00%)
2 3 4 7 8 9 13  #SUP: 0 (0.00%)
2 3 4 7 8 10 11  #SUP: 0 (0.00%)
2 3 4 7 8 10 12  #SUP: 0 (0.00%)
2 3 4 7 8 10 13  #SUP: 0 (0.00%)
2 3 4 7 8 11 12  #SUP: 0 (0.00%)
2 3 4 7 8 11 13  #SUP: 0 (0.00%)
2 3 4 7 8 12 13  #SUP: 0 (0.00%)
2 3 4 7 9 10 11  #SUP: 0 (0.00%)
2 3 4 7 9 10 12  #SUP: 0 (0.00%)
2 3 4 7 9 10 13  #SUP: 0 (0.00%)
2 3 4 7 9 11 12  #SUP: 0 (0.00%)
2 3 4 7 9 11 13  #SUP: 0 (0.00%)
2 3 4 7 9 12 13  #SUP: 0 (0.00%)
2 3 4 7 10 11 12  #SUP: 0 (0.00%)
2 3 4 7 10 11 13  #SUP: 0 (0.00%)
2 3 4 7 10 12 13  #SUP: 0 (0.00%)
2 3 4 7 11 12 13  #SUP: 0 (0.00%)
2 3 4 8 9 10 11  #SUP: 0 (0.00%)
2 3 4 8 9 10 12  #SUP: 0 (0.00%)
2 3 4 8 9 10 13  #SUP: 0 (0.00%)
2 3 4 8 9 11 12  #SUP: 0 (0.00%)
2 3 4 8 9 11 13  #SUP: 0 (0.00%)
2 3 4 8 9 12 13  #SUP: 0 (0.00%)
2 3 4 8 10 11 12  #SUP: 0 (0.00%)
2 3 4 8 10 11 13  #SUP: 0 (0.00%)
2 3 4 8 10 12 13  #SUP: 0 (0.00%)
2 3 4 8 11 12 13  #SUP: 0 (0.00%)
2 3 4 9 10 11 12  #SUP: 0 (0.00%)
2 3 4 9 10 11 13  #SUP: 0 (0.00%)
2 3 4 9 10 12 13  #SUP: 0 (0.00%)
2 3 4 9 11 12 13  #SUP: 0 (0.00%)
2 3 4 10 11 12 13  #SUP: 0 (0.00%)
2 3 5 6 7 8 9  #SUP: 0 (0.00%)
2 3 5 6 7 8 10  #SUP: 0 (0.00%)
2 3 5 6 7 8 11  #SUP: 0 (0.00%)
2 3 5 6 7 8 12  #SUP: 0 (0.00%)
2 3 5 6 7 8 13  #SUP: 0 (0.00%)
2 3 5 6 7 9 10  #SUP: 0 (0.00%)
2 3 5 6 7 9 11  #SUP: 0 (0.00%)
2 3 5 6 7 9 12  #SUP: 0 (0.00%)
2 3 5 6 7 9 13  #SUP: 0 (0.00%)
2 3 5 6 7 10 11  #SUP: 0 (0.00%)
2 3 5 6 7 10 12  #SUP: 0 (0.00%)
2 3 5 6 7 10 13  #SUP: 0 (0.00%)
2 3 5 6 7 11 12  #SUP: 0 (0.00%)
2 3 5 6 7 11 13  #SUP: 0 (0.00%)
2 3 5 6 7 12 13  #SUP: 0 (0.00%)
2 3 5 6 8 9 10  #SUP: 0 (0.00%)
2 3 5 6 8 9 11  #SUP: 0 (0.00%)
2 3 5 6 8 9 12  #SUP: 0 (0.00%)
2 3 5 6 8 9 13  #SUP: 0 (0.00%)
2 3 5 6 8 10 11  #SUP: 0 (0.00%)
2 3 5 6 8 10 12  #SUP: 0 (0.00%)
2 3 5 6 8 10 13  #SUP: 0 (0.00%)
2 3 5 6 8 11 12  #SUP: 0 (0.00%)
2 3 5 6 8 11 13  #SUP: 0 (0.00%)
2 3 5 6 8 12 13  #SUP: 0 (0.00%)
2 3 5 6 9 10 11  #SUP: 0 (0.00%)
2 3 5 6 9 10 12  #SUP: 0 (0.00%)
2 3 5 6 9 10 13  #SUP: 0 (0.00%)
2 3 5 6 9 11 12  #SUP: 0 (0.00%)
2 3 5 6 9 11 13  #SUP: 0 (0.00%)
2 3 5 6 9 12 13  #SUP: 0 (0.00%)
2 3 5 6 10 11 12  #SUP: 0 (0.00%)
2 3 5 6 10 11 13  #SUP: 0 (0.00%)
2 3 5 6 10 12 13  #SUP: 0 (0.00%)
2 3 5 6 11 12 13  #SUP: 0 (0.00%)
2 3 5 7 8 9 10  #SUP: 0 (0.00%)
2 3 5 7 8 9 11  #SUP: 0 (0.00%)
2 3 5 7 8 9 12  #SUP: 0 (0.00%)
2 3 5 7 8 9 13  #SUP: 0 (0.00%)
2 3 5 7 8 10 11  #SUP: 0 (0.00%)
2 3 5 7 8 10 12  #SUP: 0 (0.00%)
2 3 5 7 8 10 13  #SUP: 0 (0.00%)
2 3 5 7 8 11 12  #SUP: 0 (0.00%)
2 3 5 7 8 11 13  #SUP: 0 (0.00%)
2 3 5 7 8 12 13  #SUP: 0 (0.00%)
2 3 5 7 9 10 11  #SUP: 0 (0.00%)
2 3 5 7 9 10 12  #SUP: 0 (0.00%)
2 3 5 7 9 10 13  #SUP: 0 (0.00%)
2 3 5 7 9 11 12  #SUP: 0 (0.00%)
2 3 5 7 9 11 13  #SUP: 0 (0.00%)
2 3 5 7 9 12 13  #SUP: 0 (0.00%)
2 3 5 7 10 11 12  #SUP: 0 (0.00%)
2 3 5 7 10 11 13  #SUP: 0 (0.00%)
2 3 5 7 10 12 13  #SUP: 0 (0.00%)
2 3 5 7 11 12 13  #SUP: 0 (0.00%)
2 3 5 8 9 10 11  #SUP: 0 (0.00%)
2 3 5 8 9 10 12  #SUP: 0 (0.00%)
2 3 5 8 9 10 13  #SUP: 0 (0.00%)
2 3 5 8 9 11 12  #SUP: 0 (0.00%)
2 3 5 8 9 11 13  #SUP: 0 (0.00%)
2 3 5 8 9 12 13  #SUP: 0 (0.00%)
2 3 5 8 10 11 12  #SUP: 0 (0.00%)
2 3 5 8 10 11 13  #SUP: 0 (0.00%)
2 3 5 8 10 12 13  #SUP: 0 (0.00%)
2 3 5 8 11 12 13  #SUP: 0 (0.00%)
2 3 5 9 10 11 12  #SUP: 0 (0.00%)
2 3 5 9 10 11 13  #SUP: 0 (0.00%)
2 3 5 9 10 12 13  #SUP: 0 (0.00%)
2 3 5 9 11 12 13  #SUP: 0 (0.00%)
2 3 5 10 11 12 13  #SUP: 0 (0.00%)
2 3 6 7 8 9 10  #SUP: 0 (0.00%)
2 3 6 7 8 9 11  #SUP: 0 (0.00%)
2 3 6 7 8 9 12  #SUP: 0 (0.00%)
2 3 6 7 8 9 13  #SUP: 0 (0.00%)
2 3 6 7 8 10 11  #SUP: 0 (0.00%)
2 3 6 7 8 10 12  #SUP: 0 (0.00%)
2 3 6 7 8 10 13  #SUP: 0 (0.00%)
2 3 6 7 8 11 12  #SUP: 0 (0.00%)
2 3 6 7 8 11 13  #SUP: 0 (0.00%)
2 3 6 7 8 12 13  #SUP: 0 (0.00%)
2 3 6 7 9 10 11  #SUP: 0 (0.00%)
2 3 6 7 9 10 12  #SUP: 0 (0.00%)
2 3 6 7 9 10 13  #SUP: 0 (0.00%)
2 3 6 7 9 11 12  #SUP: 0 (0.00%)
2 3 6 7 9 11 13  #SUP: 0 (0.00%)
2 3 6 7 9 12 13  #SUP: 0 (0.00%)
2 3 6 7 10 11 12  #SUP: 0 (0.00%)
2 3 6 7 10 11 13  #SUP: 0 (0.00%)
2 3 6 7 10 12 13  #SUP: 0 (0.00%)
2 3 6 7 11 12 13  #SUP: 0 (0.00%)
2 3 6 8 9 10 11  #SUP: 0 (0.00%)
2 3 6 8 9 10 12  #SUP: 0 (0.00%)
2 3 6 8 9 10 13  #SUP: 0 (0.00%)
2 3 6 8 9 11 12  #SUP: 0 (0.00%)
2 3 6 8 9 11 13  #SUP: 0 (0.00%)
2 3 6 8 9 12 13  #SUP: 0 (0.00%)
2 3 6 8 10 11 12  #SUP: 0 (0.00%)
2 3 6 8 10 11 13  #SUP: 0 (0.00%)
2 3 6 8 10 12 13  #SUP: 0 (0.00%)
2 3 6 8 11 12 13  #SUP: 0 (0.00%)
2 3 6 9 10 11 12  #SUP: 0 (0.00%)
2 3 6 9 10 11 13  #SUP: 0 (0.00%)
2 3 6 9 10 12 13  #SUP: 0 (0.00%)
2 3 6 9 11 12 13  #SUP: 0 (0.00%)
2 3 6 10 11 12 13  #SUP: 0 (0.00%)
2 3 7 8 9 10 11  #SUP: 0 (0.00%)
2 3 7 8 9 10 12  #SUP: 0 (0.00%)
2 3 7 8 9 10 13  #SUP: 0 (0.00%)
2 3 7 8 9 11 12  #SUP: 0 (0.00%)
2 3 7 8 9 11 13  #SUP: 0 (0.00%)
2 3 7 8 9 12 13  #SUP: 0 (0.00%)
2 3 7 8 10 11 12  #SUP: 0 (0.00%)
2 3 7 8 10 11 13  #SUP: 0 (0.00%)
2 3 7 8 10 12 13  #SUP: 0 (0.00%)
2 3 7 8 11 12 13  #SUP: 0 (0.00%)
2 3 7 9 10 11 12  #SUP: 0 (0.00%)
2 3 7 9 10 11 13  #SUP: 0 (0.00%)
2 3 7 9 10 12 13  #SUP: 0 (0.00%)
2 3 7 9 11 12 13  #SUP: 0 (0.00%)
2 3 7 10 11 12 13  #SUP: 0 (0.00%)
2 3 8 9 10 11 12  #SUP: 0 (0.00%)
2 3 8 9 10 11 13  #SUP: 0 (0.00%)
2 3 8 9 10 12 13  #SUP: 0 (0.00%)
2 3 8 9 11 12 13  #SUP: 0 (0.00%)
2 3 8 10 11 12 13  #SUP: 0 (0.00%)
2 3 9 10 11 12 13  #SUP: 0 (0.00%)
2 4 5 6 7 8 9  #SUP: 0 (0.00%)
2 4 5 6 7 8 10  #SUP: 0 (0.00%)
2 4 5 6 7 8 11  #SUP: 0 (0.00%)
2 4 5 6 7 8 12  #SUP: 0 (0.00%)
2 4 5 6 7 8 13  #SUP: 0 (0.00%)
2 4 5 6 7 9 10  #SUP: 0 (0.00%)
2 4 5 6 7 9 11  #SUP: 0 (0.00%)
2 4 5 6 7 9 12  #SUP: 0 (0.00%)
2 4 5 6 7 9 13  #SUP: 0 (0.00%)
2 4 5 6 7 10 11  #SUP: 0 (0.00%)
2 4 5 6 7 10 12  #SUP: 0 (0.00%)
2 4 5 6 7 10 13  #SUP: 0 (0.00%)
2 4 5 6 7 11 12  #SUP: 0 (0.00%)
2 4 5 6 7 11 13  #SUP: 0 (0.00%)
2 4 5 6 7 12 13  #SUP: 0 (0.00%)
2 4 5 6 8 9 10  #SUP: 0 (0.00%)
2 4 5 6 8 9 11  #SUP: 0 (0.00%)
2 4 5 6 8 9 12  #SUP: 0 (0.00%)
2 4 5 6 8 9 13  #SUP: 0 (0.00%)
2 4 5 6 8 10 11  #SUP: 0 (0.00%)
2 4 5 6 8 10 12  #SUP: 0 (0.00%)
2 4 5 6 8 10 13  #SUP: 0 (0.00%)
2 4 5 6 8 11 12  #SUP: 0 (0.00%)
2 4 5 6 8 11 13  #SUP: 0 (0.00%)
2 4 5 6 8 12 13  #SUP: 0 (0.00%)
2 4 5 6 9 10 11  #SUP: 0 (0.00%)
2 4 5 6 9 10 12  #SUP: 0 (0.00%)
2 4 5 6 9 10 13  #SUP: 0 (0.00%)
2 4 5 6 9 11 12  #SUP: 0 (0.00%)
2 4 5 6 9 11 13  #SUP: 0 (0.00%)
2 4 5 6 9 12 13  #SUP: 0 (0.00%)
2 4 5 6 10 11 12  #SUP: 0 (0.00%)
2 4 5 6 10 11 13  #SUP: 0 (0.00%)
2 4 5 6 10 12 13  #SUP: 0 (0.00%)
2 4 5 6 11 12 13  #SUP: 0 (0.00%)
2 4 5 7 8 9 10  #SUP: 0 (0.00%)
2 4 5 7 8 9 11  #SUP: 0 (0.00%)
2 4 5 7 8 9 12  #SUP: 0 (0.00%)
2 4 5 7 8 9 13  #SUP: 0 (0.00%)
2 4 5 7 8 10 11  #SUP: 0 (0.00%)
2 4 5 7 8 10 12  #SUP: 0 (0.00%)
2 4 5 7 8 10 13  #SUP: 0 (0.00%)
2 4 5 7 8 11 12  #SUP: 0 (0.00%)
2 4 5 7 8 11 13  #SUP: 0 (0.00%)
2 4 5 7 8 12 13  #SUP: 0 (0.00%)
2 4 5 7 9 10 11  #SUP: 0 (0.00%)
2 4 5 7 9 10 12  #SUP: 0 (0.00%)
2 4 5 7 9 10 13  #SUP: 0 (0.00%)
2 4 5 7 9 11 12  #SUP: 0 (0.00%)
2 4 5 7 9 11 13  #SUP: 0 (0.00%)
2 4 5 7 9 12 13  #SUP: 0 (0.00%)
2 4 5 7 10 11 12  #SUP: 0 (0.00%)
2 4 5 7 10 11 13  #SUP: 0 (0.00%)
2 4 5 7 10 12 13  #SUP: 0 (0.00%)
2 4 5 7 11 12 13  #SUP: 0 (0.00%)
2 4 5 8 9 10 11  #SUP: 0 (0.00%)
2 4 5 8 9 10 12  #SUP: 0 (0.00%)
2 4 5 8 9 10 13  #SUP: 0 (0.00%)
2 4 5 8 9 11 12  #SUP: 0 (0.00%)
2 4 5 8 9 11 13  #SUP: 0 (0.00%)
2 4 5 8 9 12 13  #SUP: 0 (0.00%)
2 4 5 8 10 11 12  #SUP: 0 (0.00%)
2 4 5 8 10 11 13  #SUP: 0 (0.00%)
2 4 5 8 10 12 13  #SUP: 0 (0.00%)
2 4 5 8 11 12 13  #SUP: 0 (0.00%)
2 4 5 9 10 11 12  #SUP: 0 (0.00%)
2 4 5 9 10 11 13  #SUP: 0 (0.00%)
2 4 5 9 10 12 13  #SUP: 0 (0.00%)
2 4 5 9 11 12 13  #SUP: 0 (0.00%)
2 4 5 10 11 12 13  #SUP: 0 (0.00%)
2 4 6 7 8 9 10  #SUP: 0 (0.00%)
2 4 6 7 8 9 11  #SUP: 0 (0.00%)
2 4 6 7 8 9 12  #SUP: 0 (0.00%)
2 4 6 7 8 9 13  #SUP: 0 (0.00%)
2 4 6 7 8 10 11  #SUP: 0 (0.00%)
2 4 6 7 8 10 12  #SUP: 0 (0.00%)
2 4 6 7 8 10 13  #SUP: 0 (0.00%)
2 4 6 7 8 11 12  #SUP: 0 (0.00%)
2 4 6 7 8 11 13  #SUP: 0 (0.00%)
2 4 6 7 8 12 13  #SUP: 0 (0.00%)
2 4 6 7 9 10 11  #SUP: 0 (0.00%)
2 4 6 7 9 10 12  #SUP: 0 (0.00%)
2 4 6 7 9 10 13  #SUP: 0 (0.00%)
2 4 6 7 9 11 12  #SUP: 0 (0.00%)
2 4 6 7 9 11 13  #SUP: 0 (0.00%)
2 4 6 7 9 12 13  #SUP: 0 (0.00%)
2 4 6 7 10 11 12  #SUP: 0 (0.00%)
2 4 6 7 10 11 13  #SUP: 0 (0.00%)
2 4 6 7 10 12 13  #SUP: 0 (0.00%)
2 4 6 7 11 12 13  #SUP: 0 (0.00%)
2 4 6 8 9 10 11  #SUP: 0 (0.00%)
2 4 6 8 9 10 12  #SUP: 0 (0.00%)
2 4 6 8 9 10 13  #SUP: 0 (0.00%)
2 4 6 8 9 11 12  #SUP: 0 (0.00%)
2 4 6 8 9 11 13  #SUP: 0 (0.00%)
2 4 6 8 9 12 13  #SUP: 0 (0.00%)
2 4 6 8 10 11 12  #SUP: 0 (0.00%)
2 4 6 8 10 11 13  #SUP: 0 (0.00%)
2 4 6 8 10 12 13  #SUP: 0 (0.00%)
2 4 6 8 11 12 13  #SUP: 0 (0.00%)
2 4 6 9 10 11 12  #SUP: 0 (0.00%)
2 4 6 9 10 11 13  #SUP: 0 (0.00%)
2 4 6 9 10 12 13  #SUP: 0 (0.00%)
2 4 6 9 11 12 13  #SUP: 0 (0.00%)
2 4 6 10 11 12 13  #SUP: 0 (0.00%)
2 4 7 8 9 10 11  #SUP: 0 (0.00%)
2 4 7 8 9 10 12  #SUP: 0 (0.00%)
2 4 7 8 9 10 13  #SUP: 0 (0.00%)
2 4 7 8 9 11 12  #SUP: 0 (0.00%)
2 4 7 8 9 11 13  #SUP: 0 (0.00%)
2 4 7 8 9 12 13  #SUP: 0 (0.00%)
2 4 7 8 10 11 12  #SUP: 0 (0.00%)
2 4 7 8 10 11 13  #SUP: 0 (0.00%)
2 4 7 8 10 12 13  #SUP: 0 (0.00%)
2 4 7 8 11 12 13  #SUP: 0 (0.00%)
2 4 7 9 10 11 12  #SUP: 0 (0.00%)
2 4 7 9 10 11 13  #SUP: 0 (0.00%)
2 4 7 9 10 12 13  #SUP: 0 (0.00%)
2 4 7 9 11 12 13  #SUP: 0 (0.00%)
2 4 7 10 11 12 13  #SUP: 0 (0.00%)
2 4 8 9 10 11 12  #SUP: 0 (0.00%)
2 4 8 9 10 11 13  #SUP: 0 (0.00%)
2 4 8 9 10 12 13  #SUP: 0 (0.00%)
2 4 8 9 11 12 13  #SUP: 0 (0.00%)
2 4 8 10 11 12 13  #SUP: 0 (0.00%)
2 4 9 10 11 12 13  #SUP: 0 (0.00%)
2 5 6 7 8 9 10  #SUP: 0 (0.00%)
2 5 6 7 8 9 11  #SUP: 0 (0.00%)
2 5 6 7 8 9 12  #SUP: 0 (0.00%)
2 5 6 7 8 9 13  #SUP: 0 (0.00%)
2 5 6 7 8 10 11  #SUP: 0 (0.00%)
2 5 6 7 8 10 12  #SUP: 0 (0.00%)
2 5 6 7 8 10 13  #SUP: 0 (0.00%)
2 5 6 7 8 11 12  #SUP: 0 (0.00%)
2 5 6 7 8 11 13  #SUP: 0 (0.00%)
2 5 6 7 8 12 13  #SUP: 0 (0.00%)
2 5 6 7 9 10 11  #SUP: 0 (0.00%)
2 5 6 7 9 10 12  #SUP: 0 (0.00%)
2 5 6 7 9 10 13  #SUP: 0 (0.00%)
2 5 6 7 9 11 12  #SUP: 0 (0.00%)
2 5 6 7 9 11 13  #SUP: 0 (0.00%)
2 5 6 7 9 12 13  #SUP: 0 (0.00%)
2 5 6 7 10 11 12  #SUP: 0 (0.00%)
2 5 6 7 10 11 13  #SUP: 0 (0.00%)
2 5 6 7 10 12 13  #SUP: 0 (0.00%)
2 5 6 7 11 12 13  #SUP: 0 (0.00%)
2 5 6 8 9 10 11  #SUP: 0 (0.00%)
2 5 6 8 9 10 12  #SUP: 0 (0.00%)
2 5 6 8 9 10 13  #SUP: 0 (0.00%)
2 5 6 8 9 11 12  #SUP: 0 (0.00%)
2 5 6 8 9 11 13  #SUP: 0 (0.00%)
2 5 6 8 9 12 13  #SUP: 0 (0.00%)
2 5 6 8 10 11 12  #SUP: 0 (0.00%)
2 5 6 8 10 11 13  #SUP: 0 (0.00%)
2 5 6 8 10 12 13  #SUP: 0 (0.00%)
2 5 6 8 11 12 13  #SUP: 0 (0.00%)
2 5 6 9 10 11 12  #SUP: 0 (0.00%)
2 5 6 9 10 11 13  #SUP: 0 (0.00%)
2 5 6 9 10 12 13  #SUP: 0 (0.00%)
2 5 6 9 11 12 13  #SUP: 0 (0.00%)
2 5 6 10 11 12 13  #SUP: 0 (0.00%)
2 5 7 8 9 10 11  #SUP: 0 (0.00%)
2 5 7 8 9 10 12  #SUP: 0 (0.00%)
2 5 7 8 9 10 13  #SUP: 0 (0.00%)
2 5 7 8 9 11 12  #SUP: 0 (0.00%)
2 5 7 8 9 11 13  #SUP: 0 (0.00%)
2 5 7 8 9 12 13  #SUP: 0 (0.00%)
2 5 7 8 10 11 12  #SUP: 0 (0.00%)
2 5 7 8 10 11 13  #SUP: 0 (0.00%)
2 5 7 8 10 12 13  #SUP: 0 (0.00%)
2 5 7 8 11 12 13  #SUP: 0 (0.00%)
2 5 7 9 10 11 12  #SUP: 0 (0.00%)
2 5 7 9 10 11 13  #SUP: 0 (0.00%)
2 5 7 9 10 12 13  #SUP: 0 (0.00%)
2 5 7 9 11 12 13  #SUP: 0 (0.00%)
2 5 7 10 11 12 13  #SUP: 0 (0.00%)
2 5 8 9 10 11 12  #SUP: 0 (0.00%)
2 5 8 9 10 11 13  #SUP: 0 (0.00%)
2 5 8 9 10 12 13  #SUP: 0 (0.00%)
2 5 8 9 11 12 13  #SUP: 0 (0.00%)
2 5 8 10 11 12 13  #SUP: 0 (0.00%)
2 5 9 10 11 12 13  #SUP: 0 (0.00%)
2 6 7 8 9 10 11  #SUP: 0 (0.00%)
2 6 7 8 9 10 12  #SUP: 0 (0.00%)
2 6 7 8 9 10 13  #SUP: 0 (0.00%)
2 6 7 8 9 11 12  #SUP: 0 (0.00%)
2 6 7 8 9 11 13  #SUP: 0 (0.00%)
2 6 7 8 9 12 13  #SUP: 0 (0.00%)
2 6 7 8 10 11 12  #SUP: 0 (0.00%)
2 6 7 8 10 11 13  #SUP: 0 (0.00%)
2 6 7 8 10 12 13  #SUP: 0 (0.00%)
2 6 7 8 11 12 13  #SUP: 0 (0.00%)
2 6 7 9 10 11 12  #SUP: 0 (0.00%)
2 6 7 9 10 11 13  #SUP: 0 (0.00%)
2 6 7 9 10 12 13  #SUP: 0 (0.00%)
2 6 7 9 11 12 13  #SUP: 0 (0.00%)
2 6 7 10 11 12 13  #SUP: 0 (0.00%)
2 6 8 9 10 11 12  #SUP: 0 (0.00%)
2 6 8 9 10 11 13  #SUP: 0 (0.00%)
2 6 8 9 10 12 13  #SUP: 0 (0.00%)
2 6 8 9 11 12 13  #SUP: 0 (0.00%)
2 6 8 10 11 12 13  #SUP: 0 (0.00%)
2 6 9 10 11 12 13  #SUP: 0 (0.00%)
2 7 8 9 10 11 12  #SUP: 0 (0.00%)
2 7 8 9 10 11 13  #SUP: 0 (0.00%)
2 7 8 9 10 12 13  #SUP: 0 (0.00%)
2 7 8 9 11 12 13  #SUP: 0 (0.00%)
2 7 8 10 11 12 13  #SUP: 0 (0.00%)
2 7 9 10 11 12 13  #SUP: 0 (0.00%)
2 8 9 10 11 12 13  #SUP: 0 (0.00%)
3 4 5 6 7 8 9  #SUP: 0 (0.00%)
3 4 5 6 7 8 10  #SUP: 0 (0.00%)
3 4 5 6 7 8 11  #SUP: 0 (0.00%)
3 4 5 6 7 8 12  #SUP: 0 (0.00%)
3 4 5 6 7 8 13  #SUP: 0 (0.00%)
3 4 5 6 7 9 10  #SUP: 0 (0.00%)
3 4 5 6 7 9 11  #SUP: 0 (0.00%)
3 4 5 6 7 9 12  #SUP: 0 (0.00%)
3 4 5 6 7 9 13  #SUP: 0 (0.00%)
3 4 5 6 7 10 11  #SUP: 0 (0.00%)
3 4 5 6 7 10 12  #SUP: 0 (0.00%)
3 4 5 6 7 10 13  #SUP: 0 (0.00%)
3 4 5 6 7 11 12  #SUP: 0 (0.00%)
3 4 5 6 7 11 13  #SUP: 0 (0.00%)
3 4 5 6 7 12 13  #SUP: 0 (0.00%)
3 4 5 6 8 9 10  #SUP: 0 (0.00%)
3 4 5 6 8 9 11  #SUP: 0 (0.00%)
3 4 5 6 8 9 12  #SUP: 0 (0.00%)
3 4 5 6 8 9 13  #SUP: 0 (0.00%)
3 4 5 6 8 10 11  #SUP: 0 (0.00%)
3 4 5 6 8 10 12  #SUP: 0 (0.00%)
3 4 5 6 8 10 13  #SUP: 0 (0.00%)
3 4 5 6 8 11 12  #SUP: 0 (0.00%)
3 4 5 6 8 11 13  #SUP: 0 (0.00%)
3 4 5 6 8 12 13  #SUP: 0 (0.00%)
3 4 5 6 9 10 11  #SUP: 0 (0.00%)
3 4 5 6 9 10 12  #SUP: 0 (0.00%)
3 4 5 6 9 10 13  #SUP: 0 (0.00%)
3 4 5 6 9 11 12  #SUP: 0 (0.00%)
3 4 5 6 9 11 13  #SUP: 0 (0.00%)
3 4 5 6 9 12 13  #SUP: 0 (0.00%)
3 4 5 6 10 11 12  #SUP: 0 (0.00%)
3 4 5 6 10 11 13  #SUP: 0 (0.00%)
3 4 5 6 10 12 13  #SUP: 0 (0.00%)
3 4 5 6 11 12 13  #SUP: 0 (0.00%)
3 4 5 7 8 9 10  #SUP: 0 (0.00%)
3 4 5 7 8 9 11  #SUP: 0 (0.00%)
3 4 5 7 8 9 12  #SUP: 0 (0.00%)
3 4 5 7 8 9 13  #SUP: 0 (0.00%)
3 4 5 7 8 10 11  #SUP: 0 (0.00%)
3 4 5 7 8 10 12  #SUP: 0 (0.00%)
3 4 5 7 8 10 13  #SUP: 0 (0.00%)
3 4 5 7 8 11 12  #SUP: 0 (0.00%)
3 4 5 7 8 11 13  #SUP: 0 (0.00%)
3 4 5 7 8 12 13  #SUP: 0 (0.00%)
3 4 5 7 9 10 11  #SUP: 0 (0.00%)
3 4 5 7 9 10 12  #SUP: 0 (0.00%)
3 4 5 7 9 10 13  #SUP: 0 (0.00%)
3 4 5 7 9 11 12  #SUP: 0 (0.00%)
3 4 5 7 9 11 13  #SUP: 0 (0.00%)
3 4 5 7 9 12 13  #SUP: 0 (0.00%)
3 4 5 7 10 11 12  #SUP: 0 (0.00%)
3 4 5 7 10 11 13  #SUP: 0 (0.00%)
3 4 5 7 10 12 13  #SUP: 0 (0.00%)
3 4 5 7 11 12 13  #SUP: 0 (0.00%)
3 4 5 8 9 10 11  #SUP: 0 (0.00%)
3 4 5 8 9 10 12  #SUP: 0 (0.00%)
3 4 5 8 9 10 13  #SUP: 0 (0.00%)
3 4 5 8 9 11 12  #SUP: 0 (0.00%)
3 4 5 8 9 11 13  #SUP: 0 (0.00%)
3 4 5 8 9 12 13  #SUP: 0 (0.00%)
3 4 5 8 10 11 12  #SUP: 0 (0.00%)
3 4 5 8 10 11 13  #SUP: 0 (0.00%)
3 4 5 8 10 12 13  #SUP: 0 (0.00%)
3 4 5 8 11 12 13  #SUP: 0 (0.00%)
3 4 5 9 10 11 12  #SUP: 0 (0.00%)
3 4 5 9 10 11 13  #SUP: 0 (0.00%)
3 4 5 9 10 12 13  #SUP: 0 (0.00%)
3 4 5 9 11 12 13  #SUP: 0 (0.00%)
3 4 5 10 11 12 13  #SUP: 0 (0.00%)
3 4 6 7 8 9 10  #SUP: 0 (0.00%)
3 4 6 7 8 9 11  #SUP: 0 (0.00%)
3 4 6 7 8 9 12  #SUP: 0 (0.00%)
3 4 6 7 8 9 13  #SUP: 0 (0.00%)
3 4 6 7 8 10 11  #SUP: 0 (0.00%)
3 4 6 7 8 10 12  #SUP: 0 (0.00%)
3 4 6 7 8 10 13  #SUP: 0 (0.00%)
3 4 6 7 8 11 12  #SUP: 0 (0.00%)
3 4 6 7 8 11 13  #SUP: 0 (0.00%)
3 4 6 7 8 12 13  #SUP: 0 (0.00%)
3 4 6 7 9 10 11  #SUP: 0 (0.00%)
3 4 6 7 9 10 12  #SUP: 0 (0.00%)
3 4 6 7 9 10 13  #SUP: 0 (0.00%)
3 4 6 7 9 11 12  #SUP: 0 (0.00%)
3 4 6 7 9 11 13  #SUP: 0 (0.00%)
3 4 6 7 9 12 13  #SUP: 0 (0.00%)
3 4 6 7 10 11 12  #SUP: 0 (0.00%)
3 4 6 7 10 11 13  #SUP: 0 (0.00%)
3 4 6 7 10 12 13  #SUP: 0 (0.00%)
3 4 6 7 11 12 13  #SUP: 0 (0.00%)
3 4 6 8 9 10 11  #SUP: 0 (0.00%)
3 4 6 8 9 10 12  #SUP: 0 (0.00%)
3 4 6 8 9 10 13  #SUP: 0 (0.00%)
3 4 6 8 9 11 12  #SUP: 0 (0.00%)
3 4 6 8 9 11 13  #SUP: 0 (0.00%)
3 4 6 8 9 12 13  #SUP: 0 (0.00%)
3 4 6 8 10 11 12  #SUP: 0 (0.00%)
3 4 6 8 10 11 13  #SUP: 0 (0.00%)
3 4 6 8 10 12 13  #SUP: 0 (0.00%)
3 4 6 8 11 12 13  #SUP: 0 (0.00%)
3 4 6 9 10 11 12  #SUP: 0 (0.00%)
3 4 6 9 10 11 13  #SUP: 0 (0.00%)
3 4 6 9 10 12 13  #SUP: 0 (0.00%)
3 4 6 9 11 12 13  #SUP: 0 (0.00%)
3 4 6 10 11 12 13  #SUP: 0 (0.00%)
3 4 7 8 9 10 11  #SUP: 0 (0.00%)
3 4 7 8 9 10 12  #SUP: 0 (0.00%)
3 4 7 8 9 10 13  #SUP: 0 (0.00%)
3 4 7 8 9 11 12  #SUP: 0 (0.00%)
3 4 7 8 9 11 13  #SUP: 0 (0.00%)
3 4 7 8 9 12 13  #SUP: 0 (0.00%)
3 4 7 8 10 11 12  #SUP: 0 (0.00%)
3 4 7 8 10 11 13  #SUP: 0 (0.00%)
3 4 7 8 10 12 13  #SUP: 0 (0.00%)
3 4 7 8 11 12 13  #SUP: 0 (0.00%)
3 4 7 9 10 11 12  #SUP: 0 (0.00%)
3 4 7 9 10 11 13  #SUP: 0 (0.00%)
3 4 7 9 10 12 13  #SUP: 0 (0.00%)
3 4 7 9 11 12 13  #SUP: 0 (0.00%)
3 4 7 10 11 12 13  #SUP: 0 (0.00%)
3 4 8 9 10 11 12  #SUP: 0 (0.00%)
3 4 8 9 10 11 13  #SUP: 0 (0.00%)
3 4 8 9 10 12 13  #SUP: 0 (0.00%)
3 4 8 9 11 12 13  #SUP: 0 (0.00%)
3 4 8 10 11 12 13  #SUP: 0 (0.00%)
3 4 9 10 11 12 13  #SUP: 0 (0.00%)
3 5 6 7 8 9 10  #SUP: 0 (0.00%)
3 5 6 7 8 9 11  #SUP: 0 (0.00%)
3 5 6 7 8 9 12  #SUP: 0 (0.00%)
3 5 6 7 8 9 13  #SUP: 0 (0.00%)
3 5 6 7 8 10 11  #SUP: 0 (0.00%)
3 5 6 7 8 10 12  #SUP: 0 (0.00%)
3 5 6 7 8 10 13  #SUP: 0 (0.00%)
3 5 6 7 8 11 12  #SUP: 0 (0.00%)
3 5 6 7 8 11 13  #SUP: 0 (0.00%)
3 5 6 7 8 12 13  #SUP: 0 (0.00%)
3 5 6 7 9 10 11  #SUP: 0 (0.00%)
3 5 6 7 9 10 12  #SUP: 0 (0.00%)
3 5 6 7 9 10 13  #SUP: 0 (0.00%)
3 5 6 7 9 11 12  #SUP: 0 (0.00%)
3 5 6 7 9 11 13  #SUP: 0 (0.00%)
3 5 6 7 9 12 13  #SUP: 0 (0.00%)
3 5 6 7 10 11 12  #SUP: 0 (0.00%)
3 5 6 7 10 11 13  #SUP: 0 (0.00%)
3 5 6 7 10 12 13  #SUP: 0 (0.00%)
3 5 6 7 11 12 13  #SUP: 0 (0.00%)
3 5 6 8 9 10 11  #SUP: 0 (0.00%)
3 5 6 8 9 10 12  #SUP: 0 (0.00%)
3 5 6 8 9 10 13  #SUP: 0 (0.00%)
3 5 6 8 9 11 12  #SUP: 0 (0.00%)
3 5 6 8 9 11 13  #SUP: 0 (0.00%)
3 5 6 8 9 12 13  #SUP: 0 (0.00%)
3 5 6 8 10 11 12  #SUP: 0 (0.00%)
3 5 6 8 10 11 13  #SUP: 0 (0.00%)
3 5 6 8 10 12 13  #SUP: 0 (0.00%)
3 5 6 8 11 12 13  #SUP: 0 (0.00%)
3 5 6 9 10 11 12  #SUP: 0 (0.00%)
3 5 6 9 10 11 13  #SUP: 0 (0.00%)
3 5 6 9 10 12 13  #SUP: 0 (0.00%)
3 5 6 9 11 12 13  #SUP: 0 (0.00%)
3 5 6 10 11 12 13  #SUP: 0 (0.00%)
3 5 7 8 9 10 11  #SUP: 0 (0.00%)
3 5 7 8 9 10 12  #SUP: 0 (0.00%)
3 5 7 8 9 10 13  #SUP: 0 (0.00%)
3 5 7 8 9 11 12  #SUP: 0 (0.00%)
3 5 7 8 9 11 13  #SUP: 0 (0.00%)
3 5 7 8 9 12 13  #SUP: 0 (0.00%)
3 5 7 8 10 11 12  #SUP: 0 (0.00%)
3 5 7 8 10 11 13  #SUP: 0 (0.00%)
3 5 7 8 10 12 13  #SUP: 0 (0.00%)
3 5 7 8 11 12 13  #SUP: 0 (0.00%)
3 5 7 9 10 11 12  #SUP: 0 (0.00%)
3 5 7 9 10 11 13  #SUP: 0 (0.00%)
3 5 7 9 10 12 13  #SUP: 0 (0.00%)
3 5 7 9 11 12 13  #SUP: 0 (0.00%)
3 5 7 10 11 12 13  #SUP: 0 (0.00%)
3 5 8 9 10 11 12  #SUP: 0 (0.00%)
3 5 8 9 10 11 13  #SUP: 0 (0.00%)
3 5 8 9 10 12 13  #SUP: 0 (0.00%)
3 5 8 9 11 12 13  #SUP: 0 (0.00%)
3 5 8 10 11 12 13  #SUP: 0 (0.00%)
3 5 9 10 11 12 13  #SUP: 0 (0.00%)
3 6 7 8 9 10 11  #SUP: 0 (0.00%)
3 6 7 8 9 10 12  #SUP: 0 (0.00%)
3 6 7 8 9 10 13  #SUP: 0 (0.00%)
3 6 7 8 9 11 12  #SUP: 0 (0.00%)
3 6 7 8 9 11 13  #SUP: 0 (0.00%)
3 6 7 8 9 12 13  #SUP: 0 (0.00%)
3 6 7 8 10 11 12  #SUP: 0 (0.00%)
3 6 7 8 10 11 13  #SUP: 0 (0.00%)
3 6 7 8 10 12 13  #SUP: 0 (0.00%)
3 6 7 8 11 12 13  #SUP: 0 (0.00%)
3 6 7 9 10 11 12  #SUP: 0 (0.00%)
3 6 7 9 10 11 13  #SUP: 0 (0.00%)
3 6 7 9 10 12 13  #SUP: 0 (0.00%)
3 6 7 9 11 12 13  #SUP: 0 (0.00%)
3 6 7 10 11 12 13  #SUP: 0 (0.00%)
3 6 8 9 10 11 12  #SUP: 0 (0.00%)
3 6 8 9 10 11 13  #SUP: 0 (0.00%)
3 6 8 9 10 12 13  #SUP: 0 (0.00%)
3 6 8 9 11 12 13  #SUP: 0 (0.00%)
3 6 8 10 11 12 13  #SUP: 0 (0.00%)
3 6 9 10 11 12 13  #SUP: 0 (0.00%)
3 7 8 9 10 11 12  #SUP: 0 (0.00%)
3 7 8 9 10 11 13  #SUP: 0 (0.00%)
3 7 8 9 10 12 13  #SUP: 0 (0.00%)
3 7 8 9 11 12 13  #SUP: 0 (0.00%)
3 7 8 10 11 12 13  #SUP: 0 (0.00%)
3 7 9 10 11 12 13  #SUP: 0 (0.00%)
3 8 9 10 11 12 13  #SUP: 0 (0.00%)
4 5 6 7 8 9 10  #SUP: 0 (0.00%)
4 5 6 7 8 9 11  #SUP: 0 (0.00%)
4 5 6 7 8 9 12  #SUP: 0 (0.00%)
4 5 6 7 8 9 13  #SUP: 0 (0.00%)
4 5 6 7 8 10 11  #SUP: 0 (0.00%)
4 5 6 7 8 10 12  #SUP: 0 (0.00%)
4 5 6 7 8 10 13  #SUP: 0 (0.00%)
4 5 6 7 8 11 12  #SUP: 0 (0.00%)
4 5 6 7 8 11 13  #SUP: 0 (0.00%)
4 5 6 7 8 12 13  #SUP: 0 (0.00%)
4 5 6 7 9 10 11  #SUP: 0 (0.00%)
4 5 6 7 9 10 12  #SUP: 0 (0.00%)
4 5 6 7 9 10 13  #SUP: 0 (0.00%)
4 5 6 7 9 11 12  #SUP: 0 (0.00%)
4 5 6 7 9 11 13  #SUP: 0 (0.00%)
4 5 6 7 9 12 13  #SUP: 0 (0.00%)
4 5 6 7 10 11 12  #SUP: 0 (0.00%)
4 5 6 7 10 11 13  #SUP: 0 (0.00%)
4 5 6 7 10 12 13  #SUP: 0 (0.00%)
4 5 6 7 11 12 13  #SUP: 0 (0.00%)
4 5 6 8 9 10 11  #SUP: 0 (0.00%)
4 5 6 8 9 10 12  #SUP: 0 (0.00%)
4 5 6 8 9 10 13  #SUP: 0 (0.00%)
4 5 6 8 9 11 12  #SUP: 0 (0.00%)
4 5 6 8 9 11 13  #SUP: 0 (0.00%)
4 5 6 8 9 12 13  #SUP: 0 (0.00%)
4 5 6 8 10 11 12  #SUP: 0 (0.00%)
4 5 6 8 10 11 13  #SUP: 0 (0.00%)
4 5 6 8 10 12 13  #SUP: 0 (0.00%)
4 5 6 8 11 12 13  #SUP: 0 (0.00%)
4 5 6 9 10 11 12  #SUP: 0 (0.00%)
4 5 6 9 10 11 13  #SUP: 0 (0.00%)
4 5 6 9 10 12 13  #SUP: 0 (0.00%)
4 5 6 9 11 12 13  #SUP: 0 (0.00%)
4 5 6 10 11 12 13  #SUP: 0 (0.00%)
4 5 7 8 9 10 11  #SUP: 0 (0.00%)
4 5 7 8 9 10 12  #SUP: 0 (0.00%)
4 5 7 8 9 10 13  #SUP: 0 (0.00%)
4 5 7 8 9 11 12  #SUP: 0 (0.00%)
4 5 7 8 9 11 13  #SUP: 0 (0.00%)
4 5 7 8 9 12 13  #SUP: 0 (0.00%)
4 5 7 8 10 11 12  #SUP: 0 (0.00%)
4 5 7 8 10 11 13  #SUP: 0 (0.00%)
4 5 7 8 10 12 13  #SUP: 0 (0.00%)
4 5 7 8 11 12 13  #SUP: 0 (0.00%)
4 5 7 9 10 11 12  #SUP: 0 (0.00%)
4 5 7 9 10 11 13  #SUP: 0 (0.00%)
4 5 7 9 10 12 13  #SUP: 0 (0.00%)
4 5 7 9 11 12 13  #SUP: 0 (0.00%)
4 5 7 10 11 12 13  #SUP: 0 (0.00%)
4 5 8 9 10 11 12  #SUP: 0 (0.00%)
4 5 8 9 10 11 13  #SUP: 0 (0.00%)
4 5 8 9 10 12 13  #SUP: 0 (0.00%)
4 5 8 9 11 12 13  #SUP: 0 (0.00%)
4 5 8 10 11 12 13  #SUP: 0 (0.00%)
4 5 9 10 11 12 13  #SUP: 0 (0.00%)
4 6 7 8 9 10 11  #SUP: 0 (0.00%)
4 6 7 8 9 10 12  #SUP: 0 (0.00%)
4 6 7 8 9 10 13  #SUP: 0 (0.00%)
4 6 7 8 9 11 12  #SUP: 0 (0.00%)
4 6 7 8 9 11 13  #SUP: 0 (0.00%)
4 6 7 8 9 12 13  #SUP: 0 (0.00%)
4 6 7 8 10 11 12  #SUP: 0 (0.00%)
4 6 7 8 10 11 13  #SUP: 0 (0.00%)
4 6 7 8 10 12 13  #SUP: 0 (0.00%)
4 6 7 8 11 12 13  #SUP: 0 (0.00%)
4 6 7 9 10 11 12  #SUP: 0 (0.00%)
4 6 7 9 10 11 13  #SUP: 0 (0.00%)
4 6 7 9 10 12 13  #SUP: 0 (0.00%)
4 6 7 9 11 12 13  #SUP: 0 (0.00%)
4 6 7 10 11 12 13  #SUP: 0 (0.00%)
4 6 8 9 10 11 12  #SUP: 0 (0.00%)
4 6 8 9 10 11 13  #SUP: 0 (0.00%)
4 6 8 9 10 12 13  #SUP: 0 (0.00%)
4 6 8 9 11 12 13  #SUP: 0 (0.00%)
4 6 8 10 11 12 13  #SUP: 0 (0.00%)
4 6 9 10 11 12 13  #SUP: 0 (0.00%)
4 7 8 9 10 11 12  #SUP: 0 (0.00%)
4 7 8 9 10 11 13  #SUP: 0 (0.00%)
4 7 8 9 10 12 13  #SUP: 0 (0.00%)
4 7 8 9 11 12 13  #SUP: 0 (0.00%)
4 7 8 10 11 12 13  #SUP: 0 (0.00%)
4 7 9 10 11 12 13  #SUP: 0 (0.00%)
4 8 9 10 11 12 13  #SUP: 0 (0.00%)
5 6 7 8 9 10 11  #SUP: 0 (0.00%)
5 6 7 8 9 10 12  #SUP: 0 (0.00%)
5 6 7 8 9 10 13  #SUP: 0 (0.00%)
5 6 7 8 9 11 12  #SUP: 0 (0.00%)
5 6 7 8 9 11 13  #SUP: 0 (0.00%)
5 6 7 8 9 12 13  #SUP: 0 (0.00%)
5 6 7 8 10 11 12  #SUP: 0 (0.00%)
5 6 7 8 10 11 13  #SUP: 0 (0.00%)
5 6 7 8 10 12 13  #SUP: 0 (0.00%)
5 6 7 8 11 12 13  #SUP: 0 (0.00%)
5 6 7 9 10 11 12  #SUP: 0 (0.00%)
5 6 7 9 10 11 13  #SUP: 0 (0.00%)
5 6 7 9 10 12 13  #SUP: 0 (0.00%)
5 6 7 9 11 12 13  #SUP: 0 (0.00%)
5 6 7 10 11 12 13  #SUP: 0 (0.00%)
5 6 8 9 10 11 12  #SUP: 0 (0.00%)
5 6 8 9 10 11 13  #SUP: 0 (0.00%)
5 6 8 9 10 12 13  #SUP: 0 (0.00%)
5 6 8 9 11 12 13  #SUP: 0 (0.00%)
5 6 8 10 11 12 13  #SUP: 0 (0.00%)
5 6 9 10 11 12 13  #SUP: 0 (0.00%)
5 7 8 9 10 11 12  #SUP: 0 (0.00%)
5 7 8 9 10 11 13  #SUP: 0 (0.00%)
5 7 8 9 10 12 13  #SUP: 0 (0.00%)
5 7 8 9 11 12 13  #SUP: 0 (0.00%)
5 7 8 10 11 12 13  #SUP: 0 (0.00%)
5 7 9 10 11 12 13  #SUP: 0 (0.00%)
5 8 9 10 11 12 13  #SUP: 0 (0.00%)
6 7 8 9 10 11 12  #SUP: 0 (0.00%)
6 7 8 9 10 11 13  #SUP: 0 (0.00%)
6 7 8 9 10 12 13  #SUP: 0 (0.00%)
6 7 8 9 11 12 13  #SUP: 0 (0.00%)
6 7 8 10 11 12 13  #SUP: 0 (0.00%)
6 7 9 10 11 12 13  #SUP: 0 (0.00%)
6 8 9 10 11 12 13  #SUP: 0 (0.00%)
7 8 9 10 11 12 13  #SUP: 0 (0.00%)

--- 8-itemsets HIẾM ---
2 3 4 5 6 7 8 9  #SUP: 0 (0.00%)
2 3 4 5 6 7 8 10  #SUP: 0 (0.00%)
2 3 4 5 6 7 8 11  #SUP: 0 (0.00%)
2 3 4 5 6 7 8 12  #SUP: 0 (0.00%)
2 3 4 5 6 7 8 13  #SUP: 0 (0.00%)
2 3 4 5 6 7 9 10  #SUP: 0 (0.00%)
2 3 4 5 6 7 9 11  #SUP: 0 (0.00%)
2 3 4 5 6 7 9 12  #SUP: 0 (0.00%)
2 3 4 5 6 7 9 13  #SUP: 0 (0.00%)
2 3 4 5 6 7 10 11  #SUP: 0 (0.00%)
2 3 4 5 6 7 10 12  #SUP: 0 (0.00%)
2 3 4 5 6 7 10 13  #SUP: 0 (0.00%)
2 3 4 5 6 7 11 12  #SUP: 0 (0.00%)
2 3 4 5 6 7 11 13  #SUP: 0 (0.00%)
2 3 4 5 6 7 12 13  #SUP: 0 (0.00%)
2 3 4 5 6 8 9 10  #SUP: 0 (0.00%)
2 3 4 5 6 8 9 11  #SUP: 0 (0.00%)
2 3 4 5 6 8 9 12  #SUP: 0 (0.00%)
2 3 4 5 6 8 9 13  #SUP: 0 (0.00%)
2 3 4 5 6 8 10 11  #SUP: 0 (0.00%)
2 3 4 5 6 8 10 12  #SUP: 0 (0.00%)
2 3 4 5 6 8 10 13  #SUP: 0 (0.00%)
2 3 4 5 6 8 11 12  #SUP: 0 (0.00%)
2 3 4 5 6 8 11 13  #SUP: 0 (0.00%)
2 3 4 5 6 8 12 13  #SUP: 0 (0.00%)
2 3 4 5 6 9 10 11  #SUP: 0 (0.00%)
2 3 4 5 6 9 10 12  #SUP: 0 (0.00%)
2 3 4 5 6 9 10 13  #SUP: 0 (0.00%)
2 3 4 5 6 9 11 12  #SUP: 0 (0.00%)
2 3 4 5 6 9 11 13  #SUP: 0 (0.00%)
2 3 4 5 6 9 12 13  #SUP: 0 (0.00%)
2 3 4 5 6 10 11 12  #SUP: 0 (0.00%)
2 3 4 5 6 10 11 13  #SUP: 0 (0.00%)
2 3 4 5 6 10 12 13  #SUP: 0 (0.00%)
2 3 4 5 6 11 12 13  #SUP: 0 (0.00%)
2 3 4 5 7 8 9 10  #SUP: 0 (0.00%)
2 3 4 5 7 8 9 11  #SUP: 0 (0.00%)
2 3 4 5 7 8 9 12  #SUP: 0 (0.00%)
2 3 4 5 7 8 9 13  #SUP: 0 (0.00%)
2 3 4 5 7 8 10 11  #SUP: 0 (0.00%)
2 3 4 5 7 8 10 12  #SUP: 0 (0.00%)
2 3 4 5 7 8 10 13  #SUP: 0 (0.00%)
2 3 4 5 7 8 11 12  #SUP: 0 (0.00%)
2 3 4 5 7 8 11 13  #SUP: 0 (0.00%)
2 3 4 5 7 8 12 13  #SUP: 0 (0.00%)
2 3 4 5 7 9 10 11  #SUP: 0 (0.00%)
2 3 4 5 7 9 10 12  #SUP: 0 (0.00%)
2 3 4 5 7 9 10 13  #SUP: 0 (0.00%)
2 3 4 5 7 9 11 12  #SUP: 0 (0.00%)
2 3 4 5 7 9 11 13  #SUP: 0 (0.00%)
2 3 4 5 7 9 12 13  #SUP: 0 (0.00%)
2 3 4 5 7 10 11 12  #SUP: 0 (0.00%)
2 3 4 5 7 10 11 13  #SUP: 0 (0.00%)
2 3 4 5 7 10 12 13  #SUP: 0 (0.00%)
2 3 4 5 7 11 12 13  #SUP: 0 (0.00%)
2 3 4 5 8 9 10 11  #SUP: 0 (0.00%)
2 3 4 5 8 9 10 12  #SUP: 0 (0.00%)
2 3 4 5 8 9 10 13  #SUP: 0 (0.00%)
2 3 4 5 8 9 11 12  #SUP: 0 (0.00%)
2 3 4 5 8 9 11 13  #SUP: 0 (0.00%)
2 3 4 5 8 9 12 13  #SUP: 0 (0.00%)
2 3 4 5 8 10 11 12  #SUP: 0 (0.00%)
2 3 4 5 8 10 11 13  #SUP: 0 (0.00%)
2 3 4 5 8 10 12 13  #SUP: 0 (0.00%)
2 3 4 5 8 11 12 13  #SUP: 0 (0.00%)
2 3 4 5 9 10 11 12  #SUP: 0 (0.00%)
2 3 4 5 9 10 11 13  #SUP: 0 (0.00%)
2 3 4 5 9 10 12 13  #SUP: 0 (0.00%)
2 3 4 5 9 11 12 13  #SUP: 0 (0.00%)
2 3 4 5 10 11 12 13  #SUP: 0 (0.00%)
2 3 4 6 7 8 9 10  #SUP: 0 (0.00%)
2 3 4 6 7 8 9 11  #SUP: 0 (0.00%)
2 3 4 6 7 8 9 12  #SUP: 0 (0.00%)
2 3 4 6 7 8 9 13  #SUP: 0 (0.00%)
2 3 4 6 7 8 10 11  #SUP: 0 (0.00%)
2 3 4 6 7 8 10 12  #SUP: 0 (0.00%)
2 3 4 6 7 8 10 13  #SUP: 0 (0.00%)
2 3 4 6 7 8 11 12  #SUP: 0 (0.00%)
2 3 4 6 7 8 11 13  #SUP: 0 (0.00%)
2 3 4 6 7 8 12 13  #SUP: 0 (0.00%)
2 3 4 6 7 9 10 11  #SUP: 0 (0.00%)
2 3 4 6 7 9 10 12  #SUP: 0 (0.00%)
2 3 4 6 7 9 10 13  #SUP: 0 (0.00%)
2 3 4 6 7 9 11 12  #SUP: 0 (0.00%)
2 3 4 6 7 9 11 13  #SUP: 0 (0.00%)
2 3 4 6 7 9 12 13  #SUP: 0 (0.00%)
2 3 4 6 7 10 11 12  #SUP: 0 (0.00%)
2 3 4 6 7 10 11 13  #SUP: 0 (0.00%)
2 3 4 6 7 10 12 13  #SUP: 0 (0.00%)
2 3 4 6 7 11 12 13  #SUP: 0 (0.00%)
2 3 4 6 8 9 10 11  #SUP: 0 (0.00%)
2 3 4 6 8 9 10 12  #SUP: 0 (0.00%)
2 3 4 6 8 9 10 13  #SUP: 0 (0.00%)
2 3 4 6 8 9 11 12  #SUP: 0 (0.00%)
2 3 4 6 8 9 11 13  #SUP: 0 (0.00%)
2 3 4 6 8 9 12 13  #SUP: 0 (0.00%)
2 3 4 6 8 10 11 12  #SUP: 0 (0.00%)
2 3 4 6 8 10 11 13  #SUP: 0 (0.00%)
2 3 4 6 8 10 12 13  #SUP: 0 (0.00%)
2 3 4 6 8 11 12 13  #SUP: 0 (0.00%)
2 3 4 6 9 10 11 12  #SUP: 0 (0.00%)
2 3 4 6 9 10 11 13  #SUP: 0 (0.00%)
2 3 4 6 9 10 12 13  #SUP: 0 (0.00%)
2 3 4 6 9 11 12 13  #SUP: 0 (0.00%)
2 3 4 6 10 11 12 13  #SUP: 0 (0.00%)
2 3 4 7 8 9 10 11  #SUP: 0 (0.00%)
2 3 4 7 8 9 10 12  #SUP: 0 (0.00%)
2 3 4 7 8 9 10 13  #SUP: 0 (0.00%)
2 3 4 7 8 9 11 12  #SUP: 0 (0.00%)
2 3 4 7 8 9 11 13  #SUP: 0 (0.00%)
2 3 4 7 8 9 12 13  #SUP: 0 (0.00%)
2 3 4 7 8 10 11 12  #SUP: 0 (0.00%)
2 3 4 7 8 10 11 13  #SUP: 0 (0.00%)
2 3 4 7 8 10 12 13  #SUP: 0 (0.00%)
2 3 4 7 8 11 12 13  #SUP: 0 (0.00%)
2 3 4 7 9 10 11 12  #SUP: 0 (0.00%)
2 3 4 7 9 10 11 13  #SUP: 0 (0.00%)
2 3 4 7 9 10 12 13  #SUP: 0 (0.00%)
2 3 4 7 9 11 12 13  #SUP: 0 (0.00%)
2 3 4 7 10 11 12 13  #SUP: 0 (0.00%)
2 3 4 8 9 10 11 12  #SUP: 0 (0.00%)
2 3 4 8 9 10 11 13  #SUP: 0 (0.00%)
2 3 4 8 9 10 12 13  #SUP: 0 (0.00%)
2 3 4 8 9 11 12 13  #SUP: 0 (0.00%)
2 3 4 8 10 11 12 13  #SUP: 0 (0.00%)
2 3 4 9 10 11 12 13  #SUP: 0 (0.00%)
2 3 5 6 7 8 9 10  #SUP: 0 (0.00%)
2 3 5 6 7 8 9 11  #SUP: 0 (0.00%)
2 3 5 6 7 8 9 12  #SUP: 0 (0.00%)
2 3 5 6 7 8 9 13  #SUP: 0 (0.00%)
2 3 5 6 7 8 10 11  #SUP: 0 (0.00%)
2 3 5 6 7 8 10 12  #SUP: 0 (0.00%)
2 3 5 6 7 8 10 13  #SUP: 0 (0.00%)
2 3 5 6 7 8 11 12  #SUP: 0 (0.00%)
2 3 5 6 7 8 11 13  #SUP: 0 (0.00%)
2 3 5 6 7 8 12 13  #SUP: 0 (0.00%)
2 3 5 6 7 9 10 11  #SUP: 0 (0.00%)
2 3 5 6 7 9 10 12  #SUP: 0 (0.00%)
2 3 5 6 7 9 10 13  #SUP: 0 (0.00%)
2 3 5 6 7 9 11 12  #SUP: 0 (0.00%)
2 3 5 6 7 9 11 13  #SUP: 0 (0.00%)
2 3 5 6 7 9 12 13  #SUP: 0 (0.00%)
2 3 5 6 7 10 11 12  #SUP: 0 (0.00%)
2 3 5 6 7 10 11 13  #SUP: 0 (0.00%)
2 3 5 6 7 10 12 13  #SUP: 0 (0.00%)
2 3 5 6 7 11 12 13  #SUP: 0 (0.00%)
2 3 5 6 8 9 10 11  #SUP: 0 (0.00%)
2 3 5 6 8 9 10 12  #SUP: 0 (0.00%)
2 3 5 6 8 9 10 13  #SUP: 0 (0.00%)
2 3 5 6 8 9 11 12  #SUP: 0 (0.00%)
2 3 5 6 8 9 11 13  #SUP: 0 (0.00%)
2 3 5 6 8 9 12 13  #SUP: 0 (0.00%)
2 3 5 6 8 10 11 12  #SUP: 0 (0.00%)
2 3 5 6 8 10 11 13  #SUP: 0 (0.00%)
2 3 5 6 8 10 12 13  #SUP: 0 (0.00%)
2 3 5 6 8 11 12 13  #SUP: 0 (0.00%)
2 3 5 6 9 10 11 12  #SUP: 0 (0.00%)
2 3 5 6 9 10 11 13  #SUP: 0 (0.00%)
2 3 5 6 9 10 12 13  #SUP: 0 (0.00%)
2 3 5 6 9 11 12 13  #SUP: 0 (0.00%)
2 3 5 6 10 11 12 13  #SUP: 0 (0.00%)
2 3 5 7 8 9 10 11  #SUP: 0 (0.00%)
2 3 5 7 8 9 10 12  #SUP: 0 (0.00%)
2 3 5 7 8 9 10 13  #SUP: 0 (0.00%)
2 3 5 7 8 9 11 12  #SUP: 0 (0.00%)
2 3 5 7 8 9 11 13  #SUP: 0 (0.00%)
2 3 5 7 8 9 12 13  #SUP: 0 (0.00%)
2 3 5 7 8 10 11 12  #SUP: 0 (0.00%)
2 3 5 7 8 10 11 13  #SUP: 0 (0.00%)
2 3 5 7 8 10 12 13  #SUP: 0 (0.00%)
2 3 5 7 8 11 12 13  #SUP: 0 (0.00%)
2 3 5 7 9 10 11 12  #SUP: 0 (0.00%)
2 3 5 7 9 10 11 13  #SUP: 0 (0.00%)
2 3 5 7 9 10 12 13  #SUP: 0 (0.00%)
2 3 5 7 9 11 12 13  #SUP: 0 (0.00%)
2 3 5 7 10 11 12 13  #SUP: 0 (0.00%)
2 3 5 8 9 10 11 12  #SUP: 0 (0.00%)
2 3 5 8 9 10 11 13  #SUP: 0 (0.00%)
2 3 5 8 9 10 12 13  #SUP: 0 (0.00%)
2 3 5 8 9 11 12 13  #SUP: 0 (0.00%)
2 3 5 8 10 11 12 13  #SUP: 0 (0.00%)
2 3 5 9 10 11 12 13  #SUP: 0 (0.00%)
2 3 6 7 8 9 10 11  #SUP: 0 (0.00%)
2 3 6 7 8 9 10 12  #SUP: 0 (0.00%)
2 3 6 7 8 9 10 13  #SUP: 0 (0.00%)
2 3 6 7 8 9 11 12  #SUP: 0 (0.00%)
2 3 6 7 8 9 11 13  #SUP: 0 (0.00%)
2 3 6 7 8 9 12 13  #SUP: 0 (0.00%)
2 3 6 7 8 10 11 12  #SUP: 0 (0.00%)
2 3 6 7 8 10 11 13  #SUP: 0 (0.00%)
2 3 6 7 8 10 12 13  #SUP: 0 (0.00%)
2 3 6 7 8 11 12 13  #SUP: 0 (0.00%)
2 3 6 7 9 10 11 12  #SUP: 0 (0.00%)
2 3 6 7 9 10 11 13  #SUP: 0 (0.00%)
2 3 6 7 9 10 12 13  #SUP: 0 (0.00%)
2 3 6 7 9 11 12 13  #SUP: 0 (0.00%)
2 3 6 7 10 11 12 13  #SUP: 0 (0.00%)
2 3 6 8 9 10 11 12  #SUP: 0 (0.00%)
2 3 6 8 9 10 11 13  #SUP: 0 (0.00%)
2 3 6 8 9 10 12 13  #SUP: 0 (0.00%)
2 3 6 8 9 11 12 13  #SUP: 0 (0.00%)
2 3 6 8 10 11 12 13  #SUP: 0 (0.00%)
2 3 6 9 10 11 12 13  #SUP: 0 (0.00%)
2 3 7 8 9 10 11 12  #SUP: 0 (0.00%)
2 3 7 8 9 10 11 13  #SUP: 0 (0.00%)
2 3 7 8 9 10 12 13  #SUP: 0 (0.00%)
2 3 7 8 9 11 12 13  #SUP: 0 (0.00%)
2 3 7 8 10 11 12 13  #SUP: 0 (0.00%)
2 3 7 9 10 11 12 13  #SUP: 0 (0.00%)
2 3 8 9 10 11 12 13  #SUP: 0 (0.00%)
2 4 5 6 7 8 9 10  #SUP: 0 (0.00%)
2 4 5 6 7 8 9 11  #SUP: 0 (0.00%)
2 4 5 6 7 8 9 12  #SUP: 0 (0.00%)
2 4 5 6 7 8 9 13  #SUP: 0 (0.00%)
2 4 5 6 7 8 10 11  #SUP: 0 (0.00%)
2 4 5 6 7 8 10 12  #SUP: 0 (0.00%)
2 4 5 6 7 8 10 13  #SUP: 0 (0.00%)
2 4 5 6 7 8 11 12  #SUP: 0 (0.00%)
2 4 5 6 7 8 11 13  #SUP: 0 (0.00%)
2 4 5 6 7 8 12 13  #SUP: 0 (0.00%)
2 4 5 6 7 9 10 11  #SUP: 0 (0.00%)
2 4 5 6 7 9 10 12  #SUP: 0 (0.00%)
2 4 5 6 7 9 10 13  #SUP: 0 (0.00%)
2 4 5 6 7 9 11 12  #SUP: 0 (0.00%)
2 4 5 6 7 9 11 13  #SUP: 0 (0.00%)
2 4 5 6 7 9 12 13  #SUP: 0 (0.00%)
2 4 5 6 7 10 11 12  #SUP: 0 (0.00%)
2 4 5 6 7 10 11 13  #SUP: 0 (0.00%)
2 4 5 6 7 10 12 13  #SUP: 0 (0.00%)
2 4 5 6 7 11 12 13  #SUP: 0 (0.00%)
2 4 5 6 8 9 10 11  #SUP: 0 (0.00%)
2 4 5 6 8 9 10 12  #SUP: 0 (0.00%)
2 4 5 6 8 9 10 13  #SUP: 0 (0.00%)
2 4 5 6 8 9 11 12  #SUP: 0 (0.00%)
2 4 5 6 8 9 11 13  #SUP: 0 (0.00%)
2 4 5 6 8 9 12 13  #SUP: 0 (0.00%)
2 4 5 6 8 10 11 12  #SUP: 0 (0.00%)
2 4 5 6 8 10 11 13  #SUP: 0 (0.00%)
2 4 5 6 8 10 12 13  #SUP: 0 (0.00%)
2 4 5 6 8 11 12 13  #SUP: 0 (0.00%)
2 4 5 6 9 10 11 12  #SUP: 0 (0.00%)
2 4 5 6 9 10 11 13  #SUP: 0 (0.00%)
2 4 5 6 9 10 12 13  #SUP: 0 (0.00%)
2 4 5 6 9 11 12 13  #SUP: 0 (0.00%)
2 4 5 6 10 11 12 13  #SUP: 0 (0.00%)
2 4 5 7 8 9 10 11  #SUP: 0 (0.00%)
2 4 5 7 8 9 10 12  #SUP: 0 (0.00%)
2 4 5 7 8 9 10 13  #SUP: 0 (0.00%)
2 4 5 7 8 9 11 12  #SUP: 0 (0.00%)
2 4 5 7 8 9 11 13  #SUP: 0 (0.00%)
2 4 5 7 8 9 12 13  #SUP: 0 (0.00%)
2 4 5 7 8 10 11 12  #SUP: 0 (0.00%)
2 4 5 7 8 10 11 13  #SUP: 0 (0.00%)
2 4 5 7 8 10 12 13  #SUP: 0 (0.00%)
2 4 5 7 8 11 12 13  #SUP: 0 (0.00%)
2 4 5 7 9 10 11 12  #SUP: 0 (0.00%)
2 4 5 7 9 10 11 13  #SUP: 0 (0.00%)
2 4 5 7 9 10 12 13  #SUP: 0 (0.00%)
2 4 5 7 9 11 12 13  #SUP: 0 (0.00%)
2 4 5 7 10 11 12 13  #SUP: 0 (0.00%)
2 4 5 8 9 10 11 12  #SUP: 0 (0.00%)
2 4 5 8 9 10 11 13  #SUP: 0 (0.00%)
2 4 5 8 9 10 12 13  #SUP: 0 (0.00%)
2 4 5 8 9 11 12 13  #SUP: 0 (0.00%)
2 4 5 8 10 11 12 13  #SUP: 0 (0.00%)
2 4 5 9 10 11 12 13  #SUP: 0 (0.00%)
2 4 6 7 8 9 10 11  #SUP: 0 (0.00%)
2 4 6 7 8 9 10 12  #SUP: 0 (0.00%)
2 4 6 7 8 9 10 13  #SUP: 0 (0.00%)
2 4 6 7 8 9 11 12  #SUP: 0 (0.00%)
2 4 6 7 8 9 11 13  #SUP: 0 (0.00%)
2 4 6 7 8 9 12 13  #SUP: 0 (0.00%)
2 4 6 7 8 10 11 12  #SUP: 0 (0.00%)
2 4 6 7 8 10 11 13  #SUP: 0 (0.00%)
2 4 6 7 8 10 12 13  #SUP: 0 (0.00%)
2 4 6 7 8 11 12 13  #SUP: 0 (0.00%)
2 4 6 7 9 10 11 12  #SUP: 0 (0.00%)
2 4 6 7 9 10 11 13  #SUP: 0 (0.00%)
2 4 6 7 9 10 12 13  #SUP: 0 (0.00%)
2 4 6 7 9 11 12 13  #SUP: 0 (0.00%)
2 4 6 7 10 11 12 13  #SUP: 0 (0.00%)
2 4 6 8 9 10 11 12  #SUP: 0 (0.00%)
2 4 6 8 9 10 11 13  #SUP: 0 (0.00%)
2 4 6 8 9 10 12 13  #SUP: 0 (0.00%)
2 4 6 8 9 11 12 13  #SUP: 0 (0.00%)
2 4 6 8 10 11 12 13  #SUP: 0 (0.00%)
2 4 6 9 10 11 12 13  #SUP: 0 (0.00%)
2 4 7 8 9 10 11 12  #SUP: 0 (0.00%)
2 4 7 8 9 10 11 13  #SUP: 0 (0.00%)
2 4 7 8 9 10 12 13  #SUP: 0 (0.00%)
2 4 7 8 9 11 12 13  #SUP: 0 (0.00%)
2 4 7 8 10 11 12 13  #SUP: 0 (0.00%)
2 4 7 9 10 11 12 13  #SUP: 0 (0.00%)
2 4 8 9 10 11 12 13  #SUP: 0 (0.00%)
2 5 6 7 8 9 10 11  #SUP: 0 (0.00%)
2 5 6 7 8 9 10 12  #SUP: 0 (0.00%)
2 5 6 7 8 9 10 13  #SUP: 0 (0.00%)
2 5 6 7 8 9 11 12  #SUP: 0 (0.00%)
2 5 6 7 8 9 11 13  #SUP: 0 (0.00%)
2 5 6 7 8 9 12 13  #SUP: 0 (0.00%)
2 5 6 7 8 10 11 12  #SUP: 0 (0.00%)
2 5 6 7 8 10 11 13  #SUP: 0 (0.00%)
2 5 6 7 8 10 12 13  #SUP: 0 (0.00%)
2 5 6 7 8 11 12 13  #SUP: 0 (0.00%)
2 5 6 7 9 10 11 12  #SUP: 0 (0.00%)
2 5 6 7 9 10 11 13  #SUP: 0 (0.00%)
2 5 6 7 9 10 12 13  #SUP: 0 (0.00%)
2 5 6 7 9 11 12 13  #SUP: 0 (0.00%)
2 5 6 7 10 11 12 13  #SUP: 0 (0.00%)
2 5 6 8 9 10 11 12  #SUP: 0 (0.00%)
2 5 6 8 9 10 11 13  #SUP: 0 (0.00%)
2 5 6 8 9 10 12 13  #SUP: 0 (0.00%)
2 5 6 8 9 11 12 13  #SUP: 0 (0.00%)
2 5 6 8 10 11 12 13  #SUP: 0 (0.00%)
2 5 6 9 10 11 12 13  #SUP: 0 (0.00%)
2 5 7 8 9 10 11 12  #SUP: 0 (0.00%)
2 5 7 8 9 10 11 13  #SUP: 0 (0.00%)
2 5 7 8 9 10 12 13  #SUP: 0 (0.00%)
2 5 7 8 9 11 12 13  #SUP: 0 (0.00%)
2 5 7 8 10 11 12 13  #SUP: 0 (0.00%)
2 5 7 9 10 11 12 13  #SUP: 0 (0.00%)
2 5 8 9 10 11 12 13  #SUP: 0 (0.00%)
2 6 7 8 9 10 11 12  #SUP: 0 (0.00%)
2 6 7 8 9 10 11 13  #SUP: 0 (0.00%)
2 6 7 8 9 10 12 13  #SUP: 0 (0.00%)
2 6 7 8 9 11 12 13  #SUP: 0 (0.00%)
2 6 7 8 10 11 12 13  #SUP: 0 (0.00%)
2 6 7 9 10 11 12 13  #SUP: 0 (0.00%)
2 6 8 9 10 11 12 13  #SUP: 0 (0.00%)
2 7 8 9 10 11 12 13  #SUP: 0 (0.00%)
3 4 5 6 7 8 9 10  #SUP: 0 (0.00%)
3 4 5 6 7 8 9 11  #SUP: 0 (0.00%)
3 4 5 6 7 8 9 12  #SUP: 0 (0.00%)
3 4 5 6 7 8 9 13  #SUP: 0 (0.00%)
3 4 5 6 7 8 10 11  #SUP: 0 (0.00%)
3 4 5 6 7 8 10 12  #SUP: 0 (0.00%)
3 4 5 6 7 8 10 13  #SUP: 0 (0.00%)
3 4 5 6 7 8 11 12  #SUP: 0 (0.00%)
3 4 5 6 7 8 11 13  #SUP: 0 (0.00%)
3 4 5 6 7 8 12 13  #SUP: 0 (0.00%)
3 4 5 6 7 9 10 11  #SUP: 0 (0.00%)
3 4 5 6 7 9 10 12  #SUP: 0 (0.00%)
3 4 5 6 7 9 10 13  #SUP: 0 (0.00%)
3 4 5 6 7 9 11 12  #SUP: 0 (0.00%)
3 4 5 6 7 9 11 13  #SUP: 0 (0.00%)
3 4 5 6 7 9 12 13  #SUP: 0 (0.00%)
3 4 5 6 7 10 11 12  #SUP: 0 (0.00%)
3 4 5 6 7 10 11 13  #SUP: 0 (0.00%)
3 4 5 6 7 10 12 13  #SUP: 0 (0.00%)
3 4 5 6 7 11 12 13  #SUP: 0 (0.00%)
3 4 5 6 8 9 10 11  #SUP: 0 (0.00%)
3 4 5 6 8 9 10 12  #SUP: 0 (0.00%)
3 4 5 6 8 9 10 13  #SUP: 0 (0.00%)
3 4 5 6 8 9 11 12  #SUP: 0 (0.00%)
3 4 5 6 8 9 11 13  #SUP: 0 (0.00%)
3 4 5 6 8 9 12 13  #SUP: 0 (0.00%)
3 4 5 6 8 10 11 12  #SUP: 0 (0.00%)
3 4 5 6 8 10 11 13  #SUP: 0 (0.00%)
3 4 5 6 8 10 12 13  #SUP: 0 (0.00%)
3 4 5 6 8 11 12 13  #SUP: 0 (0.00%)
3 4 5 6 9 10 11 12  #SUP: 0 (0.00%)
3 4 5 6 9 10 11 13  #SUP: 0 (0.00%)
3 4 5 6 9 10 12 13  #SUP: 0 (0.00%)
3 4 5 6 9 11 12 13  #SUP: 0 (0.00%)
3 4 5 6 10 11 12 13  #SUP: 0 (0.00%)
3 4 5 7 8 9 10 11  #SUP: 0 (0.00%)
3 4 5 7 8 9 10 12  #SUP: 0 (0.00%)
3 4 5 7 8 9 10 13  #SUP: 0 (0.00%)
3 4 5 7 8 9 11 12  #SUP: 0 (0.00%)
3 4 5 7 8 9 11 13  #SUP: 0 (0.00%)
3 4 5 7 8 9 12 13  #SUP: 0 (0.00%)
3 4 5 7 8 10 11 12  #SUP: 0 (0.00%)
3 4 5 7 8 10 11 13  #SUP: 0 (0.00%)
3 4 5 7 8 10 12 13  #SUP: 0 (0.00%)
3 4 5 7 8 11 12 13  #SUP: 0 (0.00%)
3 4 5 7 9 10 11 12  #SUP: 0 (0.00%)
3 4 5 7 9 10 11 13  #SUP: 0 (0.00%)
3 4 5 7 9 10 12 13  #SUP: 0 (0.00%)
3 4 5 7 9 11 12 13  #SUP: 0 (0.00%)
3 4 5 7 10 11 12 13  #SUP: 0 (0.00%)
3 4 5 8 9 10 11 12  #SUP: 0 (0.00%)
3 4 5 8 9 10 11 13  #SUP: 0 (0.00%)
3 4 5 8 9 10 12 13  #SUP: 0 (0.00%)
3 4 5 8 9 11 12 13  #SUP: 0 (0.00%)
3 4 5 8 10 11 12 13  #SUP: 0 (0.00%)
3 4 5 9 10 11 12 13  #SUP: 0 (0.00%)
3 4 6 7 8 9 10 11  #SUP: 0 (0.00%)
3 4 6 7 8 9 10 12  #SUP: 0 (0.00%)
3 4 6 7 8 9 10 13  #SUP: 0 (0.00%)
3 4 6 7 8 9 11 12  #SUP: 0 (0.00%)
3 4 6 7 8 9 11 13  #SUP: 0 (0.00%)
3 4 6 7 8 9 12 13  #SUP: 0 (0.00%)
3 4 6 7 8 10 11 12  #SUP: 0 (0.00%)
3 4 6 7 8 10 11 13  #SUP: 0 (0.00%)
3 4 6 7 8 10 12 13  #SUP: 0 (0.00%)
3 4 6 7 8 11 12 13  #SUP: 0 (0.00%)
3 4 6 7 9 10 11 12  #SUP: 0 (0.00%)
3 4 6 7 9 10 11 13  #SUP: 0 (0.00%)
3 4 6 7 9 10 12 13  #SUP: 0 (0.00%)
3 4 6 7 9 11 12 13  #SUP: 0 (0.00%)
3 4 6 7 10 11 12 13  #SUP: 0 (0.00%)
3 4 6 8 9 10 11 12  #SUP: 0 (0.00%)
3 4 6 8 9 10 11 13  #SUP: 0 (0.00%)
3 4 6 8 9 10 12 13  #SUP: 0 (0.00%)
3 4 6 8 9 11 12 13  #SUP: 0 (0.00%)
3 4 6 8 10 11 12 13  #SUP: 0 (0.00%)
3 4 6 9 10 11 12 13  #SUP: 0 (0.00%)
3 4 7 8 9 10 11 12  #SUP: 0 (0.00%)
3 4 7 8 9 10 11 13  #SUP: 0 (0.00%)
3 4 7 8 9 10 12 13  #SUP: 0 (0.00%)
3 4 7 8 9 11 12 13  #SUP: 0 (0.00%)
3 4 7 8 10 11 12 13  #SUP: 0 (0.00%)
3 4 7 9 10 11 12 13  #SUP: 0 (0.00%)
3 4 8 9 10 11 12 13  #SUP: 0 (0.00%)
3 5 6 7 8 9 10 11  #SUP: 0 (0.00%)
3 5 6 7 8 9 10 12  #SUP: 0 (0.00%)
3 5 6 7 8 9 10 13  #SUP: 0 (0.00%)
3 5 6 7 8 9 11 12  #SUP: 0 (0.00%)
3 5 6 7 8 9 11 13  #SUP: 0 (0.00%)
3 5 6 7 8 9 12 13  #SUP: 0 (0.00%)
3 5 6 7 8 10 11 12  #SUP: 0 (0.00%)
3 5 6 7 8 10 11 13  #SUP: 0 (0.00%)
3 5 6 7 8 10 12 13  #SUP: 0 (0.00%)
3 5 6 7 8 11 12 13  #SUP: 0 (0.00%)
3 5 6 7 9 10 11 12  #SUP: 0 (0.00%)
3 5 6 7 9 10 11 13  #SUP: 0 (0.00%)
3 5 6 7 9 10 12 13  #SUP: 0 (0.00%)
3 5 6 7 9 11 12 13  #SUP: 0 (0.00%)
3 5 6 7 10 11 12 13  #SUP: 0 (0.00%)
3 5 6 8 9 10 11 12  #SUP: 0 (0.00%)
3 5 6 8 9 10 11 13  #SUP: 0 (0.00%)
3 5 6 8 9 10 12 13  #SUP: 0 (0.00%)
3 5 6 8 9 11 12 13  #SUP: 0 (0.00%)
3 5 6 8 10 11 12 13  #SUP: 0 (0.00%)
3 5 6 9 10 11 12 13  #SUP: 0 (0.00%)
3 5 7 8 9 10 11 12  #SUP: 0 (0.00%)
3 5 7 8 9 10 11 13  #SUP: 0 (0.00%)
3 5 7 8 9 10 12 13  #SUP: 0 (0.00%)
3 5 7 8 9 11 12 13  #SUP: 0 (0.00%)
3 5 7 8 10 11 12 13  #SUP: 0 (0.00%)
3 5 7 9 10 11 12 13  #SUP: 0 (0.00%)
3 5 8 9 10 11 12 13  #SUP: 0 (0.00%)
3 6 7 8 9 10 11 12  #SUP: 0 (0.00%)
3 6 7 8 9 10 11 13  #SUP: 0 (0.00%)
3 6 7 8 9 10 12 13  #SUP: 0 (0.00%)
3 6 7 8 9 11 12 13  #SUP: 0 (0.00%)
3 6 7 8 10 11 12 13  #SUP: 0 (0.00%)
3 6 7 9 10 11 12 13  #SUP: 0 (0.00%)
3 6 8 9 10 11 12 13  #SUP: 0 (0.00%)
3 7 8 9 10 11 12 13  #SUP: 0 (0.00%)
4 5 6 7 8 9 10 11  #SUP: 0 (0.00%)
4 5 6 7 8 9 10 12  #SUP: 0 (0.00%)
4 5 6 7 8 9 10 13  #SUP: 0 (0.00%)
4 5 6 7 8 9 11 12  #SUP: 0 (0.00%)
4 5 6 7 8 9 11 13  #SUP: 0 (0.00%)
4 5 6 7 8 9 12 13  #SUP: 0 (0.00%)
4 5 6 7 8 10 11 12  #SUP: 0 (0.00%)
4 5 6 7 8 10 11 13  #SUP: 0 (0.00%)
4 5 6 7 8 10 12 13  #SUP: 0 (0.00%)
4 5 6 7 8 11 12 13  #SUP: 0 (0.00%)
4 5 6 7 9 10 11 12  #SUP: 0 (0.00%)
4 5 6 7 9 10 11 13  #SUP: 0 (0.00%)
4 5 6 7 9 10 12 13  #SUP: 0 (0.00%)
4 5 6 7 9 11 12 13  #SUP: 0 (0.00%)
4 5 6 7 10 11 12 13  #SUP: 0 (0.00%)
4 5 6 8 9 10 11 12  #SUP: 0 (0.00%)
4 5 6 8 9 10 11 13  #SUP: 0 (0.00%)
4 5 6 8 9 10 12 13  #SUP: 0 (0.00%)
4 5 6 8 9 11 12 13  #SUP: 0 (0.00%)
4 5 6 8 10 11 12 13  #SUP: 0 (0.00%)
4 5 6 9 10 11 12 13  #SUP: 0 (0.00%)
4 5 7 8 9 10 11 12  #SUP: 0 (0.00%)
4 5 7 8 9 10 11 13  #SUP: 0 (0.00%)
4 5 7 8 9 10 12 13  #SUP: 0 (0.00%)
4 5 7 8 9 11 12 13  #SUP: 0 (0.00%)
4 5 7 8 10 11 12 13  #SUP: 0 (0.00%)
4 5 7 9 10 11 12 13  #SUP: 0 (0.00%)
4 5 8 9 10 11 12 13  #SUP: 0 (0.00%)
4 6 7 8 9 10 11 12  #SUP: 0 (0.00%)
4 6 7 8 9 10 11 13  #SUP: 0 (0.00%)
4 6 7 8 9 10 12 13  #SUP: 0 (0.00%)
4 6 7 8 9 11 12 13  #SUP: 0 (0.00%)
4 6 7 8 10 11 12 13  #SUP: 0 (0.00%)
4 6 7 9 10 11 12 13  #SUP: 0 (0.00%)
4 6 8 9 10 11 12 13  #SUP: 0 (0.00%)
4 7 8 9 10 11 12 13  #SUP: 0 (0.00%)
5 6 7 8 9 10 11 12  #SUP: 0 (0.00%)
5 6 7 8 9 10 11 13  #SUP: 0 (0.00%)
5 6 7 8 9 10 12 13  #SUP: 0 (0.00%)
5 6 7 8 9 11 12 13  #SUP: 0 (0.00%)
5 6 7 8 10 11 12 13  #SUP: 0 (0.00%)
5 6 7 9 10 11 12 13  #SUP: 0 (0.00%)
5 6 8 9 10 11 12 13  #SUP: 0 (0.00%)
5 7 8 9 10 11 12 13  #SUP: 0 (0.00%)
6 7 8 9 10 11 12 13  #SUP: 0 (0.00%)

--- 9-itemsets HIẾM ---
2 3 4 5 6 7 8 9 10  #SUP: 0 (0.00%)
2 3 4 5 6 7 8 9 11  #SUP: 0 (0.00%)
2 3 4 5 6 7 8 9 12  #SUP: 0 (0.00%)
2 3 4 5 6 7 8 9 13  #SUP: 0 (0.00%)
2 3 4 5 6 7 8 10 11  #SUP: 0 (0.00%)
2 3 4 5 6 7 8 10 12  #SUP: 0 (0.00%)
2 3 4 5 6 7 8 10 13  #SUP: 0 (0.00%)
2 3 4 5 6 7 8 11 12  #SUP: 0 (0.00%)
2 3 4 5 6 7 8 11 13  #SUP: 0 (0.00%)
2 3 4 5 6 7 8 12 13  #SUP: 0 (0.00%)
2 3 4 5 6 7 9 10 11  #SUP: 0 (0.00%)
2 3 4 5 6 7 9 10 12  #SUP: 0 (0.00%)
2 3 4 5 6 7 9 10 13  #SUP: 0 (0.00%)
2 3 4 5 6 7 9 11 12  #SUP: 0 (0.00%)
2 3 4 5 6 7 9 11 13  #SUP: 0 (0.00%)
2 3 4 5 6 7 9 12 13  #SUP: 0 (0.00%)
2 3 4 5 6 7 10 11 12  #SUP: 0 (0.00%)
2 3 4 5 6 7 10 11 13  #SUP: 0 (0.00%)
2 3 4 5 6 7 10 12 13  #SUP: 0 (0.00%)
2 3 4 5 6 7 11 12 13  #SUP: 0 (0.00%)
2 3 4 5 6 8 9 10 11  #SUP: 0 (0.00%)
2 3 4 5 6 8 9 10 12  #SUP: 0 (0.00%)
2 3 4 5 6 8 9 10 13  #SUP: 0 (0.00%)
2 3 4 5 6 8 9 11 12  #SUP: 0 (0.00%)
2 3 4 5 6 8 9 11 13  #SUP: 0 (0.00%)
2 3 4 5 6 8 9 12 13  #SUP: 0 (0.00%)
2 3 4 5 6 8 10 11 12  #SUP: 0 (0.00%)
2 3 4 5 6 8 10 11 13  #SUP: 0 (0.00%)
2 3 4 5 6 8 10 12 13  #SUP: 0 (0.00%)
2 3 4 5 6 8 11 12 13  #SUP: 0 (0.00%)
2 3 4 5 6 9 10 11 12  #SUP: 0 (0.00%)
2 3 4 5 6 9 10 11 13  #SUP: 0 (0.00%)
2 3 4 5 6 9 10 12 13  #SUP: 0 (0.00%)
2 3 4 5 6 9 11 12 13  #SUP: 0 (0.00%)
2 3 4 5 6 10 11 12 13  #SUP: 0 (0.00%)
2 3 4 5 7 8 9 10 11  #SUP: 0 (0.00%)
2 3 4 5 7 8 9 10 12  #SUP: 0 (0.00%)
2 3 4 5 7 8 9 10 13  #SUP: 0 (0.00%)
2 3 4 5 7 8 9 11 12  #SUP: 0 (0.00%)
2 3 4 5 7 8 9 11 13  #SUP: 0 (0.00%)
2 3 4 5 7 8 9 12 13  #SUP: 0 (0.00%)
2 3 4 5 7 8 10 11 12  #SUP: 0 (0.00%)
2 3 4 5 7 8 10 11 13  #SUP: 0 (0.00%)
2 3 4 5 7 8 10 12 13  #SUP: 0 (0.00%)
2 3 4 5 7 8 11 12 13  #SUP: 0 (0.00%)
2 3 4 5 7 9 10 11 12  #SUP: 0 (0.00%)
2 3 4 5 7 9 10 11 13  #SUP: 0 (0.00%)
2 3 4 5 7 9 10 12 13  #SUP: 0 (0.00%)
2 3 4 5 7 9 11 12 13  #SUP: 0 (0.00%)
2 3 4 5 7 10 11 12 13  #SUP: 0 (0.00%)
2 3 4 5 8 9 10 11 12  #SUP: 0 (0.00%)
2 3 4 5 8 9 10 11 13  #SUP: 0 (0.00%)
2 3 4 5 8 9 10 12 13  #SUP: 0 (0.00%)
2 3 4 5 8 9 11 12 13  #SUP: 0 (0.00%)
2 3 4 5 8 10 11 12 13  #SUP: 0 (0.00%)
2 3 4 5 9 10 11 12 13  #SUP: 0 (0.00%)
2 3 4 6 7 8 9 10 11  #SUP: 0 (0.00%)
2 3 4 6 7 8 9 10 12  #SUP: 0 (0.00%)
2 3 4 6 7 8 9 10 13  #SUP: 0 (0.00%)
2 3 4 6 7 8 9 11 12  #SUP: 0 (0.00%)
2 3 4 6 7 8 9 11 13  #SUP: 0 (0.00%)
2 3 4 6 7 8 9 12 13  #SUP: 0 (0.00%)
2 3 4 6 7 8 10 11 12  #SUP: 0 (0.00%)
2 3 4 6 7 8 10 11 13  #SUP: 0 (0.00%)
2 3 4 6 7 8 10 12 13  #SUP: 0 (0.00%)
2 3 4 6 7 8 11 12 13  #SUP: 0 (0.00%)
2 3 4 6 7 9 10 11 12  #SUP: 0 (0.00%)
2 3 4 6 7 9 10 11 13  #SUP: 0 (0.00%)
2 3 4 6 7 9 10 12 13  #SUP: 0 (0.00%)
2 3 4 6 7 9 11 12 13  #SUP: 0 (0.00%)
2 3 4 6 7 10 11 12 13  #SUP: 0 (0.00%)
2 3 4 6 8 9 10 11 12  #SUP: 0 (0.00%)
2 3 4 6 8 9 10 11 13  #SUP: 0 (0.00%)
2 3 4 6 8 9 10 12 13  #SUP: 0 (0.00%)
2 3 4 6 8 9 11 12 13  #SUP: 0 (0.00%)
2 3 4 6 8 10 11 12 13  #SUP: 0 (0.00%)
2 3 4 6 9 10 11 12 13  #SUP: 0 (0.00%)
2 3 4 7 8 9 10 11 12  #SUP: 0 (0.00%)
2 3 4 7 8 9 10 11 13  #SUP: 0 (0.00%)
2 3 4 7 8 9 10 12 13  #SUP: 0 (0.00%)
2 3 4 7 8 9 11 12 13  #SUP: 0 (0.00%)
2 3 4 7 8 10 11 12 13  #SUP: 0 (0.00%)
2 3 4 7 9 10 11 12 13  #SUP: 0 (0.00%)
2 3 4 8 9 10 11 12 13  #SUP: 0 (0.00%)
2 3 5 6 7 8 9 10 11  #SUP: 0 (0.00%)
2 3 5 6 7 8 9 10 12  #SUP: 0 (0.00%)
2 3 5 6 7 8 9 10 13  #SUP: 0 (0.00%)
2 3 5 6 7 8 9 11 12  #SUP: 0 (0.00%)
2 3 5 6 7 8 9 11 13  #SUP: 0 (0.00%)
2 3 5 6 7 8 9 12 13  #SUP: 0 (0.00%)
2 3 5 6 7 8 10 11 12  #SUP: 0 (0.00%)
2 3 5 6 7 8 10 11 13  #SUP: 0 (0.00%)
2 3 5 6 7 8 10 12 13  #SUP: 0 (0.00%)
2 3 5 6 7 8 11 12 13  #SUP: 0 (0.00%)
2 3 5 6 7 9 10 11 12  #SUP: 0 (0.00%)
2 3 5 6 7 9 10 11 13  #SUP: 0 (0.00%)
2 3 5 6 7 9 10 12 13  #SUP: 0 (0.00%)
2 3 5 6 7 9 11 12 13  #SUP: 0 (0.00%)
2 3 5 6 7 10 11 12 13  #SUP: 0 (0.00%)
2 3 5 6 8 9 10 11 12  #SUP: 0 (0.00%)
2 3 5 6 8 9 10 11 13  #SUP: 0 (0.00%)
2 3 5 6 8 9 10 12 13  #SUP: 0 (0.00%)
2 3 5 6 8 9 11 12 13  #SUP: 0 (0.00%)
2 3 5 6 8 10 11 12 13  #SUP: 0 (0.00%)
2 3 5 6 9 10 11 12 13  #SUP: 0 (0.00%)
2 3 5 7 8 9 10 11 12  #SUP: 0 (0.00%)
2 3 5 7 8 9 10 11 13  #SUP: 0 (0.00%)
2 3 5 7 8 9 10 12 13  #SUP: 0 (0.00%)
2 3 5 7 8 9 11 12 13  #SUP: 0 (0.00%)
2 3 5 7 8 10 11 12 13  #SUP: 0 (0.00%)
2 3 5 7 9 10 11 12 13  #SUP: 0 (0.00%)
2 3 5 8 9 10 11 12 13  #SUP: 0 (0.00%)
2 3 6 7 8 9 10 11 12  #SUP: 0 (0.00%)
2 3 6 7 8 9 10 11 13  #SUP: 0 (0.00%)
2 3 6 7 8 9 10 12 13  #SUP: 0 (0.00%)
2 3 6 7 8 9 11 12 13  #SUP: 0 (0.00%)
2 3 6 7 8 10 11 12 13  #SUP: 0 (0.00%)
2 3 6 7 9 10 11 12 13  #SUP: 0 (0.00%)
2 3 6 8 9 10 11 12 13  #SUP: 0 (0.00%)
2 3 7 8 9 10 11 12 13  #SUP: 0 (0.00%)
2 4 5 6 7 8 9 10 11  #SUP: 0 (0.00%)
2 4 5 6 7 8 9 10 12  #SUP: 0 (0.00%)
2 4 5 6 7 8 9 10 13  #SUP: 0 (0.00%)
2 4 5 6 7 8 9 11 12  #SUP: 0 (0.00%)
2 4 5 6 7 8 9 11 13  #SUP: 0 (0.00%)
2 4 5 6 7 8 9 12 13  #SUP: 0 (0.00%)
2 4 5 6 7 8 10 11 12  #SUP: 0 (0.00%)
2 4 5 6 7 8 10 11 13  #SUP: 0 (0.00%)
2 4 5 6 7 8 10 12 13  #SUP: 0 (0.00%)
2 4 5 6 7 8 11 12 13  #SUP: 0 (0.00%)
2 4 5 6 7 9 10 11 12  #SUP: 0 (0.00%)
2 4 5 6 7 9 10 11 13  #SUP: 0 (0.00%)
2 4 5 6 7 9 10 12 13  #SUP: 0 (0.00%)
2 4 5 6 7 9 11 12 13  #SUP: 0 (0.00%)
2 4 5 6 7 10 11 12 13  #SUP: 0 (0.00%)
2 4 5 6 8 9 10 11 12  #SUP: 0 (0.00%)
2 4 5 6 8 9 10 11 13  #SUP: 0 (0.00%)
2 4 5 6 8 9 10 12 13  #SUP: 0 (0.00%)
2 4 5 6 8 9 11 12 13  #SUP: 0 (0.00%)
2 4 5 6 8 10 11 12 13  #SUP: 0 (0.00%)
2 4 5 6 9 10 11 12 13  #SUP: 0 (0.00%)
2 4 5 7 8 9 10 11 12  #SUP: 0 (0.00%)
2 4 5 7 8 9 10 11 13  #SUP: 0 (0.00%)
2 4 5 7 8 9 10 12 13  #SUP: 0 (0.00%)
2 4 5 7 8 9 11 12 13  #SUP: 0 (0.00%)
2 4 5 7 8 10 11 12 13  #SUP: 0 (0.00%)
2 4 5 7 9 10 11 12 13  #SUP: 0 (0.00%)
2 4 5 8 9 10 11 12 13  #SUP: 0 (0.00%)
2 4 6 7 8 9 10 11 12  #SUP: 0 (0.00%)
2 4 6 7 8 9 10 11 13  #SUP: 0 (0.00%)
2 4 6 7 8 9 10 12 13  #SUP: 0 (0.00%)
2 4 6 7 8 9 11 12 13  #SUP: 0 (0.00%)
2 4 6 7 8 10 11 12 13  #SUP: 0 (0.00%)
2 4 6 7 9 10 11 12 13  #SUP: 0 (0.00%)
2 4 6 8 9 10 11 12 13  #SUP: 0 (0.00%)
2 4 7 8 9 10 11 12 13  #SUP: 0 (0.00%)
2 5 6 7 8 9 10 11 12  #SUP: 0 (0.00%)
2 5 6 7 8 9 10 11 13  #SUP: 0 (0.00%)
2 5 6 7 8 9 10 12 13  #SUP: 0 (0.00%)
2 5 6 7 8 9 11 12 13  #SUP: 0 (0.00%)
2 5 6 7 8 10 11 12 13  #SUP: 0 (0.00%)
2 5 6 7 9 10 11 12 13  #SUP: 0 (0.00%)
2 5 6 8 9 10 11 12 13  #SUP: 0 (0.00%)
2 5 7 8 9 10 11 12 13  #SUP: 0 (0.00%)
2 6 7 8 9 10 11 12 13  #SUP: 0 (0.00%)
3 4 5 6 7 8 9 10 11  #SUP: 0 (0.00%)
3 4 5 6 7 8 9 10 12  #SUP: 0 (0.00%)
3 4 5 6 7 8 9 10 13  #SUP: 0 (0.00%)
3 4 5 6 7 8 9 11 12  #SUP: 0 (0.00%)
3 4 5 6 7 8 9 11 13  #SUP: 0 (0.00%)
3 4 5 6 7 8 9 12 13  #SUP: 0 (0.00%)
3 4 5 6 7 8 10 11 12  #SUP: 0 (0.00%)
3 4 5 6 7 8 10 11 13  #SUP: 0 (0.00%)
3 4 5 6 7 8 10 12 13  #SUP: 0 (0.00%)
3 4 5 6 7 8 11 12 13  #SUP: 0 (0.00%)
3 4 5 6 7 9 10 11 12  #SUP: 0 (0.00%)
3 4 5 6 7 9 10 11 13  #SUP: 0 (0.00%)
3 4 5 6 7 9 10 12 13  #SUP: 0 (0.00%)
3 4 5 6 7 9 11 12 13  #SUP: 0 (0.00%)
3 4 5 6 7 10 11 12 13  #SUP: 0 (0.00%)
3 4 5 6 8 9 10 11 12  #SUP: 0 (0.00%)
3 4 5 6 8 9 10 11 13  #SUP: 0 (0.00%)
3 4 5 6 8 9 10 12 13  #SUP: 0 (0.00%)
3 4 5 6 8 9 11 12 13  #SUP: 0 (0.00%)
3 4 5 6 8 10 11 12 13  #SUP: 0 (0.00%)
3 4 5 6 9 10 11 12 13  #SUP: 0 (0.00%)
3 4 5 7 8 9 10 11 12  #SUP: 0 (0.00%)
3 4 5 7 8 9 10 11 13  #SUP: 0 (0.00%)
3 4 5 7 8 9 10 12 13  #SUP: 0 (0.00%)
3 4 5 7 8 9 11 12 13  #SUP: 0 (0.00%)
3 4 5 7 8 10 11 12 13  #SUP: 0 (0.00%)
3 4 5 7 9 10 11 12 13  #SUP: 0 (0.00%)
3 4 5 8 9 10 11 12 13  #SUP: 0 (0.00%)
3 4 6 7 8 9 10 11 12  #SUP: 0 (0.00%)
3 4 6 7 8 9 10 11 13  #SUP: 0 (0.00%)
3 4 6 7 8 9 10 12 13  #SUP: 0 (0.00%)
3 4 6 7 8 9 11 12 13  #SUP: 0 (0.00%)
3 4 6 7 8 10 11 12 13  #SUP: 0 (0.00%)
3 4 6 7 9 10 11 12 13  #SUP: 0 (0.00%)
3 4 6 8 9 10 11 12 13  #SUP: 0 (0.00%)
3 4 7 8 9 10 11 12 13  #SUP: 0 (0.00%)
3 5 6 7 8 9 10 11 12  #SUP: 0 (0.00%)
3 5 6 7 8 9 10 11 13  #SUP: 0 (0.00%)
3 5 6 7 8 9 10 12 13  #SUP: 0 (0.00%)
3 5 6 7 8 9 11 12 13  #SUP: 0 (0.00%)
3 5 6 7 8 10 11 12 13  #SUP: 0 (0.00%)
3 5 6 7 9 10 11 12 13  #SUP: 0 (0.00%)
3 5 6 8 9 10 11 12 13  #SUP: 0 (0.00%)
3 5 7 8 9 10 11 12 13  #SUP: 0 (0.00%)
3 6 7 8 9 10 11 12 13  #SUP: 0 (0.00%)
4 5 6 7 8 9 10 11 12  #SUP: 0 (0.00%)
4 5 6 7 8 9 10 11 13  #SUP: 0 (0.00%)
4 5 6 7 8 9 10 12 13  #SUP: 0 (0.00%)
4 5 6 7 8 9 11 12 13  #SUP: 0 (0.00%)
4 5 6 7 8 10 11 12 13  #SUP: 0 (0.00%)
4 5 6 7 9 10 11 12 13  #SUP: 0 (0.00%)
4 5 6 8 9 10 11 12 13  #SUP: 0 (0.00%)
4 5 7 8 9 10 11 12 13  #SUP: 0 (0.00%)
4 6 7 8 9 10 11 12 13  #SUP: 0 (0.00%)
5 6 7 8 9 10 11 12 13  #SUP: 0 (0.00%)

--- 10-itemsets HIẾM ---
2 3 4 5 6 7 8 9 10 11  #SUP: 0 (0.00%)
2 3 4 5 6 7 8 9 10 12  #SUP: 0 (0.00%)
2 3 4 5 6 7 8 9 10 13  #SUP: 0 (0.00%)
2 3 4 5 6 7 8 9 11 12  #SUP: 0 (0.00%)
2 3 4 5 6 7 8 9 11 13  #SUP: 0 (0.00%)
2 3 4 5 6 7 8 9 12 13  #SUP: 0 (0.00%)
2 3 4 5 6 7 8 10 11 12  #SUP: 0 (0.00%)
2 3 4 5 6 7 8 10 11 13  #SUP: 0 (0.00%)
2 3 4 5 6 7 8 10 12 13  #SUP: 0 (0.00%)
2 3 4 5 6 7 8 11 12 13  #SUP: 0 (0.00%)
2 3 4 5 6 7 9 10 11 12  #SUP: 0 (0.00%)
2 3 4 5 6 7 9 10 11 13  #SUP: 0 (0.00%)
2 3 4 5 6 7 9 10 12 13  #SUP: 0 (0.00%)
2 3 4 5 6 7 9 11 12 13  #SUP: 0 (0.00%)
2 3 4 5 6 7 10 11 12 13  #SUP: 0 (0.00%)
2 3 4 5 6 8 9 10 11 12  #SUP: 0 (0.00%)
2 3 4 5 6 8 9 10 11 13  #SUP: 0 (0.00%)
2 3 4 5 6 8 9 10 12 13  #SUP: 0 (0.00%)
2 3 4 5 6 8 9 11 12 13  #SUP: 0 (0.00%)
2 3 4 5 6 8 10 11 12 13  #SUP: 0 (0.00%)
2 3 4 5 6 9 10 11 12 13  #SUP: 0 (0.00%)
2 3 4 5 7 8 9 10 11 12  #SUP: 0 (0.00%)
2 3 4 5 7 8 9 10 11 13  #SUP: 0 (0.00%)
2 3 4 5 7 8 9 10 12 13  #SUP: 0 (0.00%)
2 3 4 5 7 8 9 11 12 13  #SUP: 0 (0.00%)
2 3 4 5 7 8 10 11 12 13  #SUP: 0 (0.00%)
2 3 4 5 7 9 10 11 12 13  #SUP: 0 (0.00%)
2 3 4 5 8 9 10 11 12 13  #SUP: 0 (0.00%)
2 3 4 6 7 8 9 10 11 12  #SUP: 0 (0.00%)
2 3 4 6 7 8 9 10 11 13  #SUP: 0 (0.00%)
2 3 4 6 7 8 9 10 12 13  #SUP: 0 (0.00%)
2 3 4 6 7 8 9 11 12 13  #SUP: 0 (0.00%)
2 3 4 6 7 8 10 11 12 13  #SUP: 0 (0.00%)
2 3 4 6 7 9 10 11 12 13  #SUP: 0 (0.00%)
2 3 4 6 8 9 10 11 12 13  #SUP: 0 (0.00%)
2 3 4 7 8 9 10 11 12 13  #SUP: 0 (0.00%)
2 3 5 6 7 8 9 10 11 12  #SUP: 0 (0.00%)
2 3 5 6 7 8 9 10 11 13  #SUP: 0 (0.00%)
2 3 5 6 7 8 9 10 12 13  #SUP: 0 (0.00%)
2 3 5 6 7 8 9 11 12 13  #SUP: 0 (0.00%)
2 3 5 6 7 8 10 11 12 13  #SUP: 0 (0.00%)
2 3 5 6 7 9 10 11 12 13  #SUP: 0 (0.00%)
2 3 5 6 8 9 10 11 12 13  #SUP: 0 (0.00%)
2 3 5 7 8 9 10 11 12 13  #SUP: 0 (0.00%)
2 3 6 7 8 9 10 11 12 13  #SUP: 0 (0.00%)
2 4 5 6 7 8 9 10 11 12  #SUP: 0 (0.00%)
2 4 5 6 7 8 9 10 11 13  #SUP: 0 (0.00%)
2 4 5 6 7 8 9 10 12 13  #SUP: 0 (0.00%)
2 4 5 6 7 8 9 11 12 13  #SUP: 0 (0.00%)
2 4 5 6 7 8 10 11 12 13  #SUP: 0 (0.00%)
2 4 5 6 7 9 10 11 12 13  #SUP: 0 (0.00%)
2 4 5 6 8 9 10 11 12 13  #SUP: 0 (0.00%)
2 4 5 7 8 9 10 11 12 13  #SUP: 0 (0.00%)
2 4 6 7 8 9 10 11 12 13  #SUP: 0 (0.00%)
2 5 6 7 8 9 10 11 12 13  #SUP: 0 (0.00%)
3 4 5 6 7 8 9 10 11 12  #SUP: 0 (0.00%)
3 4 5 6 7 8 9 10 11 13  #SUP: 0 (0.00%)
3 4 5 6 7 8 9 10 12 13  #SUP: 0 (0.00%)
3 4 5 6 7 8 9 11 12 13  #SUP: 0 (0.00%)
3 4 5 6 7 8 10 11 12 13  #SUP: 0 (0.00%)
3 4 5 6 7 9 10 11 12 13  #SUP: 0 (0.00%)
3 4 5 6 8 9 10 11 12 13  #SUP: 0 (0.00%)
3 4 5 7 8 9 10 11 12 13  #SUP: 0 (0.00%)
3 4 6 7 8 9 10 11 12 13  #SUP: 0 (0.00%)
3 5 6 7 8 9 10 11 12 13  #SUP: 0 (0.00%)
4 5 6 7 8 9 10 11 12 13  #SUP: 0 (0.00%)

--- 11-itemsets HIẾM ---
2 3 4 5 6 7 8 9 10 11 12  #SUP: 0 (0.00%)
2 3 4 5 6 7 8 9 10 11 13  #SUP: 0 (0.00%)
2 3 4 5 6 7 8 9 10 12 13  #SUP: 0 (0.00%)
2 3 4 5 6 7 8 9 11 12 13  #SUP: 0 (0.00%)
2 3 4 5 6 7 8 10 11 12 13  #SUP: 0 (0.00%)
2 3 4 5 6 7 9 10 11 12 13  #SUP: 0 (0.00%)
2 3 4 5 6 8 9 10 11 12 13  #SUP: 0 (0.00%)
2 3 4 5 7 8 9 10 11 12 13  #SUP: 0 (0.00%)
2 3 4 6 7 8 9 10 11 12 13  #SUP: 0 (0.00%)
2 3 5 6 7 8 9 10 11 12 13  #SUP: 0 (0.00%)
2 4 5 6 7 8 9 10 11 12 13  #SUP: 0 (0.00%)
3 4 5 6 7 8 9 10 11 12 13  #SUP: 0 (0.00%)

--- 12-itemsets HIẾM ---
2 3 4 5 6 7 8 9 10 11 12 13  #SUP: 0 (0.00%)

--- 1-itemsets HIẾM ---
8  #SUP: 1 (8.33%)
10  #SUP: 1 (8.33%)
12  #SUP: 1 (8.33%)
13  #SUP: 1 (8.33%)

--- 2-itemsets HIẾM ---
2 5  #SUP: 1 (8.33%)
2 6  #SUP: 1 (8.33%)
2 7  #SUP: 1 (8.33%)
2 8  #SUP: 1 (8.33%)
2 13  #SUP: 1 (8.33%)
3 5  #SUP: 1 (8.33%)
3 7  #SUP: 1 (8.33%)
3 9  #SUP: 1 (8.33%)
3 11  #SUP: 1 (8.33%)
3 13  #SUP: 1 (8.33%)
5 6  #SUP: 1 (8.33%)
5 8  #SUP: 1 (8.33%)
6 7  #SUP: 1 (8.33%)
9 10  #SUP: 1 (8.33%)
9 12  #SUP: 1 (8.33%)
9 13  #SUP: 1 (8.33%)
10 11  #SUP: 1 (8.33%)
11 13  #SUP: 1 (8.33%)

--- 3-itemsets HIẾM ---
2 3 4  #SUP: 1 (8.33%)
2 3 6  #SUP: 1 (8.33%)
2 3 9  #SUP: 1 (8.33%)
2 3 11  #SUP: 1 (8.33%)
2 3 13  #SUP: 1 (8.33%)
2 4 6  #SUP: 1 (8.33%)
2 4 7  #SUP: 1 (8.33%)
2 5 8  #SUP: 1 (8.33%)
2 9 13  #SUP: 1 (8.33%)
2 11 13  #SUP: 1 (8.33%)
3 4 7  #SUP: 1 (8.33%)
3 5 6  #SUP: 1 (8.33%)
3 6 7  #SUP: 1 (8.33%)
3 9 11  #SUP: 1 (8.33%)
3 9 13  #SUP: 1 (8.33%)
3 11 13  #SUP: 1 (8.33%)
4 6 7  #SUP: 1 (8.33%)
9 10 11  #SUP: 1 (8.33%)
9 11 13  #SUP: 1 (8.33%)

--- 4-itemsets HIẾM ---
2 3 4 6  #SUP: 1 (8.33%)
2 3 9 11  #SUP: 1 (8.33%)
2 3 9 13  #SUP: 1 (8.33%)
2 3 11 13  #SUP: 1 (8.33%)
2 9 11 13  #SUP: 1 (8.33%)
3 4 6 7  #SUP: 1 (8.33%)
3 9 11 13  #SUP: 1 (8.33%)

--- 5-itemsets HIẾM ---
2 3 9 11 13  #SUP: 1 (8.33%)

--- 1-itemsets HIẾM ---
5  #SUP: 2 (16.67%)
7  #SUP: 2 (16.67%)

--- 2-itemsets HIẾM ---
2 3  #SUP: 2 (16.67%)
2 4  #SUP: 2 (16.67%)
2 9  #SUP: 2 (16.67%)
2 11  #SUP: 2 (16.67%)
3 4  #SUP: 2 (16.67%)
4 6  #SUP: 2 (16.67%)
4 7  #SUP: 2 (16.67%)

--- 3-itemsets HIẾM ---
2 9 11  #SUP: 2 (16.67%)
3 4 6  #SUP: 2 (16.67%)

--- 1-itemsets HIẾM ---
4  #SUP: 3 (25.00%)
6  #SUP: 3 (25.00%)

--- 2-itemsets HIẾM ---
3 6  #SUP: 3 (25.00%)

--- 1-itemsets HIẾM ---
11  #SUP: 4 (33.33%)

--- 2-itemsets HIẾM ---
9 11  #SUP: 4 (33.33%)

--- 1-itemsets HIẾM ---
2  #SUP: 5 (41.67%)
3  #SUP: 5 (41.67%)
9  #SUP: 6 (50.00%)

========== TỔNG KẾT ==========
Tổng số rare itemsets tìm được: 4095
Thuật toán: Rare Itemset Tree
Định nghĩa: MRT < Support(X) <= MFT
Output folder: release/RareItemsetTree/

========== THÔNG TIN HIỆU SUẤT ==========
Thuật toán: Rare Itemset Tree
Tổng thời gian thực thi: 00:08.942 (phút:giây.mili giây) [8942 ms]
Bộ nhớ tối đa sử dụng: 15.92 MB
Thời gian kết thúc: Thu May 29 21:44:06 ICT 2025
Output folder: release/RareItemsetTree/
Định nghĩa: MRT < Support(X) <= MFT
