=== ITEMSET TREE - FREQUENT PATTERN MINING ===
File dữ liệu: chess.hui
Minsup tuyệt đối: 0 (dựa trên 3196 giao dịch)
Minsup tương đối: 0.0%
Thời gian bắt đầu: Mon Jun 02 23:38:09 ICT 2025

========== ITEMSET TREE CONSTRUCTION - STATS ============
 Số lượng giao dịch: 3196

ĐÂY LÀ CÂY:
{}   sup=3196
  [2 ]   sup=1527
    [2 4 ]   sup=170
      [2 4 5 ]   sup=158
        [2 4 5 7 ]   sup=123
          [2 4 5 7 9 ]   sup=90
            [2 4 5 7 9 11 ]   sup=45
              [2 4 5 7 9 11 13 ]   sup=39
                [2 4 5 7 9 11 13 15 17 19 21 ]   sup=12
                  [2 4 5 7 9 11 13 15 17 19 21 23 25 ]   sup=10
                    [2 4 5 7 9 11 13 15 17 19 21 23 25 28 29 ]   sup=6
                      [2 4 5 7 9 11 13 15 17 19 21 23 25 28 29 33 34 36 38 40 42 44 46 48 ]   sup=3
                        [2 4 5 7 9 11 13 15 17 19 21 23 25 28 29 33 34 36 38 40 42 44 46 48 50 52 54 56 58 60 62 64 67 68 70 73 74 ]   sup=1
                        [2 4 5 7 9 11 13 15 17 19 21 23 25 28 29 33 34 36 38 40 42 44 46 48 51 52 54 56 58 60 ]   sup=2
                          [2 4 5 7 9 11 13 15 17 19 21 23 25 28 29 33 34 36 38 40 42 44 46 48 51 52 54 56 58 60 63 64 67 68 70 73 74 ]   sup=1
                          [2 4 5 7 9 11 13 15 17 19 21 23 25 28 29 33 34 36 38 40 42 44 46 48 51 52 54 56 58 60 62 64 67 68 70 73 74 ]   sup=1
                      [2 4 5 7 9 11 13 15 17 19 21 23 25 28 29 31 34 36 38 40 42 44 46 48 ]   sup=3
                        [2 4 5 7 9 11 13 15 17 19 21 23 25 28 29 31 34 36 38 40 42 44 46 48 50 52 54 56 58 60 62 64 67 68 70 73 74 ]   sup=1
                        [2 4 5 7 9 11 13 15 17 19 21 23 25 28 29 31 34 36 38 40 42 44 46 48 51 52 54 56 58 60 ]   sup=2
                          [2 4 5 7 9 11 13 15 17 19 21 23 25 28 29 31 34 36 38 40 42 44 46 48 51 52 54 56 58 60 63 64 67 68 70 73 74 ]   sup=1
                          [2 4 5 7 9 11 13 15 17 19 21 23 25 28 29 31 34 36 38 40 42 44 46 48 51 52 54 56 58 60 62 64 67 68 70 73 74 ]   sup=1
                    [2 4 5 7 9 11 13 15 17 19 21 23 25 27 29 ]   sup=4
                      [2 4 5 7 9 11 13 15 17 19 21 23 25 27 29 32 34 36 38 40 42 44 46 48 ]   sup=2
                        [2 4 5 7 9 11 13 15 17 19 21 23 25 27 29 32 34 36 38 40 42 44 46 48 51 52 54 56 58 60 62 65 67 68 70 73 74 ]   sup=1
                        [2 4 5 7 9 11 13 15 17 19 21 23 25 27 29 32 34 36 38 40 42 44 46 48 50 52 54 56 58 60 62 65 67 68 70 73 74 ]   sup=1
                      [2 4 5 7 9 11 13 15 17 19 21 23 25 27 29 31 34 36 38 40 42 44 46 48 ]   sup=2
                        [2 4 5 7 9 11 13 15 17 19 21 23 25 27 29 31 34 36 38 40 42 44 46 48 50 52 54 56 58 60 62 65 67 68 70 73 74 ]   sup=1
                        [2 4 5 7 9 11 13 15 17 19 21 23 25 27 29 31 34 36 38 40 42 44 46 48 51 52 54 56 58 60 62 65 67 68 70 73 74 ]   sup=1
                  [2 4 5 7 9 11 13 15 17 19 21 24 25 27 29 33 34 36 38 40 42 44 46 ]   sup=2
                    [2 4 5 7 9 11 13 15 17 19 21 24 25 27 29 33 34 36 38 40 42 44 46 48 51 52 54 56 59 60 63 64 66 68 70 73 74 ]   sup=1
                    [2 4 5 7 9 11 13 15 17 19 21 24 25 27 29 33 34 36 38 40 42 44 46 49 50 52 54 56 58 60 62 64 66 68 70 72 74 ]   sup=1
                [2 4 5 7 9 11 13 16 ]   sup=27
                  [2 4 5 7 9 11 13 16 18 20 ]   sup=18
                    [2 4 5 7 9 11 13 16 18 20 21 23 25 27 29 32 34 36 38 40 42 44 46 48 51 52 54 56 58 60 62 64 67 68 70 73 74 ]   sup=1
                    [2 4 5 7 9 11 13 16 18 20 22 24 25 ]   sup=17
                      [2 4 5 7 9 11 13 16 18 20 22 24 25 27 29 ]   sup=14
                        [2 4 5 7 9 11 13 16 18 20 22 24 25 27 29 31 ]   sup=8
                          [2 4 5 7 9 11 13 16 18 20 22 24 25 27 29 31 35 36 38 40 ]   sup=4
                            [2 4 5 7 9 11 13 16 18 20 22 24 25 27 29 31 35 36 38 40 43 44 46 48 50 52 54 56 58 60 62 ]   sup=2
                              [2 4 5 7 9 11 13 16 18 20 22 24 25 27 29 31 35 36 38 40 43 44 46 48 50 52 54 56 58 60 62 64 66 69 71 73 74 ]   sup=1
                              [2 4 5 7 9 11 13 16 18 20 22 24 25 27 29 31 35 36 38 40 43 44 46 48 50 52 54 56 58 60 62 65 66 69 71 73 74 ]   sup=1
                            [2 4 5 7 9 11 13 16 18 20 22 24 25 27 29 31 35 36 38 40 42 44 46 48 50 52 54 56 58 60 62 ]   sup=2
                              [2 4 5 7 9 11 13 16 18 20 22 24 25 27 29 31 35 36 38 40 42 44 46 48 50 52 54 56 58 60 62 65 66 69 71 73 74 ]   sup=1
                              [2 4 5 7 9 11 13 16 18 20 22 24 25 27 29 31 35 36 38 40 42 44 46 48 50 52 54 56 58 60 62 64 66 69 71 73 74 ]   sup=1
                          [2 4 5 7 9 11 13 16 18 20 22 24 25 27 29 31 34 36 38 40 ]   sup=4
                            [2 4 5 7 9 11 13 16 18 20 22 24 25 27 29 31 34 36 38 40 42 44 46 48 50 52 54 56 58 60 62 64 66 68 71 ]   sup=2
                              [2 4 5 7 9 11 13 16 18 20 22 24 25 27 29 31 34 36 38 40 42 44 46 48 50 52 54 56 58 60 62 64 66 68 71 73 74 ]   sup=1
                              [2 4 5 7 9 11 13 16 18 20 22 24 25 27 29 31 34 36 38 40 42 44 46 48 50 52 54 56 58 60 62 64 66 68 71 72 74 ]   sup=1
                            [2 4 5 7 9 11 13 16 18 20 22 24 25 27 29 31 34 36 38 40 43 44 ]   sup=2
                              [2 4 5 7 9 11 13 16 18 20 22 24 25 27 29 31 34 36 38 40 43 44 47 48 50 52 54 56 58 60 62 65 66 68 71 72 74 ]   sup=1
                              [2 4 5 7 9 11 13 16 18 20 22 24 25 27 29 31 34 36 38 40 43 44 46 48 50 52 54 56 58 60 62 65 66 68 71 72 74 ]   sup=1
                        [2 4 5 7 9 11 13 16 18 20 22 24 25 27 29 33 34 36 38 40 42 44 46 48 50 52 54 56 58 60 62 64 66 68 71 72 74 ]   sup=1
                        [2 4 5 7 9 11 13 16 18 20 22 24 25 27 29 32 34 36 38 40 ]   sup=5
                          [2 4 5 7 9 11 13 16 18 20 22 24 25 27 29 32 34 36 38 40 42 44 46 48 50 52 54 56 58 60 62 64 66 68 71 ]   sup=2
                            [2 4 5 7 9 11 13 16 18 20 22 24 25 27 29 32 34 36 38 40 42 44 46 48 50 52 54 56 58 60 62 64 66 68 71 73 74 ]   sup=1
                            [2 4 5 7 9 11 13 16 18 20 22 24 25 27 29 32 34 36 38 40 42 44 46 48 50 52 54 56 58 60 62 64 66 68 71 72 74 ]   sup=1
                          [2 4 5 7 9 11 13 16 18 20 22 24 25 27 29 32 34 36 38 40 43 44 46 48 50 52 54 56 58 60 62 ]   sup=3
                            [2 4 5 7 9 11 13 16 18 20 22 24 25 27 29 32 34 36 38 40 43 44 46 48 50 52 54 56 58 60 62 64 66 68 71 ]   sup=2
                              [2 4 5 7 9 11 13 16 18 20 22 24 25 27 29 32 34 36 38 40 43 44 46 48 50 52 54 56 58 60 62 64 66 68 71 73 74 ]   sup=1
                              [2 4 5 7 9 11 13 16 18 20 22 24 25 27 29 32 34 36 38 40 43 44 46 48 50 52 54 56 58 60 62 64 66 68 71 72 74 ]   sup=1
                            [2 4 5 7 9 11 13 16 18 20 22 24 25 27 29 32 34 36 38 40 43 44 46 48 50 52 54 56 58 60 62 65 66 68 71 73 74 ]   sup=1
                      [2 4 5 7 9 11 13 16 18 20 22 24 25 28 29 ]   sup=3
                        [2 4 5 7 9 11 13 16 18 20 22 24 25 28 29 31 34 36 38 40 42 44 46 48 50 52 54 56 58 60 62 64 66 68 71 ]   sup=2
                          [2 4 5 7 9 11 13 16 18 20 22 24 25 28 29 31 34 36 38 40 42 44 46 48 50 52 54 56 58 60 62 64 66 68 71 72 74 ]   sup=1
                          [2 4 5 7 9 11 13 16 18 20 22 24 25 28 29 31 34 36 38 40 42 44 46 48 50 52 54 56 58 60 62 64 66 68 71 73 74 ]   sup=1
                        [2 4 5 7 9 11 13 16 18 20 22 24 25 28 29 33 34 36 38 40 42 44 46 48 50 52 54 56 58 60 62 64 66 68 71 72 74 ]   sup=1
                  [2 4 5 7 9 11 13 16 17 19 21 23 ]   sup=9
                    [2 4 5 7 9 11 13 16 17 19 21 23 26 ]   sup=6
                      [2 4 5 7 9 11 13 16 17 19 21 23 26 27 29 ]   sup=3
                        [2 4 5 7 9 11 13 16 17 19 21 23 26 27 29 33 34 36 38 40 42 44 46 49 ]   sup=2
                          [2 4 5 7 9 11 13 16 17 19 21 23 26 27 29 33 34 36 38 40 42 44 46 49 50 52 54 56 58 61 62 64 67 68 70 73 74 ]   sup=1
                          [2 4 5 7 9 11 13 16 17 19 21 23 26 27 29 33 34 36 38 40 42 44 46 49 51 52 54 56 58 61 62 64 67 68 70 73 74 ]   sup=1
                        [2 4 5 7 9 11 13 16 17 19 21 23 26 27 29 31 34 36 38 40 42 44 46 49 50 52 54 56 58 61 62 64 67 68 70 73 74 ]   sup=1
                      [2 4 5 7 9 11 13 16 17 19 21 23 26 28 29 ]   sup=3
                        [2 4 5 7 9 11 13 16 17 19 21 23 26 28 29 31 34 36 38 40 42 44 46 49 50 52 54 56 58 61 62 64 67 68 70 73 74 ]   sup=1
                        [2 4 5 7 9 11 13 16 17 19 21 23 26 28 29 33 34 36 38 40 42 44 46 49 ]   sup=2
                          [2 4 5 7 9 11 13 16 17 19 21 23 26 28 29 33 34 36 38 40 42 44 46 49 50 52 54 56 58 61 62 64 67 68 70 73 74 ]   sup=1
                          [2 4 5 7 9 11 13 16 17 19 21 23 26 28 29 33 34 36 38 40 42 44 46 49 51 52 54 56 58 61 62 64 67 68 70 73 74 ]   sup=1
                    [2 4 5 7 9 11 13 16 17 19 21 23 25 ]   sup=3
                      [2 4 5 7 9 11 13 16 17 19 21 23 25 27 29 ]   sup=2
                        [2 4 5 7 9 11 13 16 17 19 21 23 25 27 29 31 34 36 38 40 43 44 46 48 51 52 54 56 58 60 62 64 67 68 70 73 74 ]   sup=1
                        [2 4 5 7 9 11 13 16 17 19 21 23 25 27 29 33 34 36 38 40 42 44 46 49 50 52 54 56 58 61 62 64 67 68 70 73 74 ]   sup=1
                      [2 4 5 7 9 11 13 16 17 19 21 23 25 28 29 33 34 36 38 40 42 44 46 49 50 52 54 56 58 61 62 64 67 68 70 73 74 ]   sup=1
              [2 4 5 7 9 11 14 ]   sup=6
                [2 4 5 7 9 11 14 16 17 19 21 24 25 27 29 31 34 36 38 40 42 44 46 48 50 52 54 56 58 60 62 64 66 69 70 73 74 ]   sup=1
                [2 4 5 7 9 11 14 15 ]   sup=5
                  [2 4 5 7 9 11 14 15 17 19 21 24 25 27 29 31 34 ]   sup=3
                    [2 4 5 7 9 11 14 15 17 19 21 24 25 27 29 31 34 37 38 40 42 44 46 49 50 52 54 56 58 60 62 64 66 69 70 73 74 ]   sup=1
                    [2 4 5 7 9 11 14 15 17 19 21 24 25 27 29 31 34 36 38 40 42 44 46 ]   sup=2
                      [2 4 5 7 9 11 14 15 17 19 21 24 25 27 29 31 34 36 38 40 42 44 46 48 50 52 54 56 58 60 62 65 66 69 70 73 74 ]   sup=1
                      [2 4 5 7 9 11 14 15 17 19 21 24 25 27 29 31 34 36 38 40 42 44 46 49 50 52 54 56 58 60 62 64 66 69 70 73 74 ]   sup=1
                  [2 4 5 7 9 11 14 15 18 20 22 24 25 ]   sup=2
                    [2 4 5 7 9 11 14 15 18 20 22 24 25 28 29 33 34 36 38 40 42 44 46 48 50 52 54 56 58 60 62 64 66 68 70 72 74 ]   sup=1
                    [2 4 5 7 9 11 14 15 18 20 22 24 25 27 29 33 34 36 38 40 42 44 46 48 50 52 54 56 58 60 62 64 66 68 70 72 74 ]   sup=1
            [2 4 5 7 9 12 ]   sup=45
              [2 4 5 7 9 12 14 16 ]   sup=3
                [2 4 5 7 9 12 14 16 18 20 21 24 25 27 29 31 34 36 ]   sup=2
                  [2 4 5 7 9 12 14 16 18 20 21 24 25 27 29 31 34 36 39 40 42 44 46 48 50 52 54 56 58 60 62 64 66 69 71 73 74 ]   sup=1
                  [2 4 5 7 9 12 14 16 18 20 21 24 25 27 29 31 34 36 38 40 42 44 46 48 50 52 54 56 58 60 62 64 66 69 70 73 74 ]   sup=1
                [2 4 5 7 9 12 14 16 17 20 21 24 25 27 29 31 34 36 38 40 42 44 47 48 50 52 54 56 58 60 62 64 66 69 70 73 74 ]   sup=1
              [2 4 5 7 9 12 13 ]   sup=42
                [2 4 5 7 9 12 13 15 17 20 21 23 25 27 29 ]   sup=4
                  [2 4 5 7 9 12 13 15 17 20 21 23 25 27 29 33 34 36 ]   sup=3
                    [2 4 5 7 9 12 13 15 17 20 21 23 25 27 29 33 34 36 38 40 42 44 47 48 50 52 54 56 58 60 62 64 67 68 71 73 74 ]   sup=1
                    [2 4 5 7 9 12 13 15 17 20 21 23 25 27 29 33 34 36 39 40 42 44 47 48 51 52 54 56 58 60 ]   sup=2
                      [2 4 5 7 9 12 13 15 17 20 21 23 25 27 29 33 34 36 39 40 42 44 47 48 51 52 54 56 58 60 63 64 67 68 71 73 74 ]   sup=1
                      [2 4 5 7 9 12 13 15 17 20 21 23 25 27 29 33 34 36 39 40 42 44 47 48 51 52 54 56 58 60 62 64 67 68 71 73 74 ]   sup=1
                  [2 4 5 7 9 12 13 15 17 20 21 23 25 27 29 31 34 36 38 40 42 44 47 48 50 52 54 56 58 60 62 64 67 68 71 73 74 ]   sup=1
                [2 4 5 7 9 12 13 16 ]   sup=38
                  [2 4 5 7 9 12 13 16 18 20 22 24 25 ]   sup=35
                    [2 4 5 7 9 12 13 16 18 20 22 24 25 27 29 ]   sup=30
                      [2 4 5 7 9 12 13 16 18 20 22 24 25 27 29 33 34 36 38 40 ]   sup=2
                        [2 4 5 7 9 12 13 16 18 20 22 24 25 27 29 33 34 36 38 40 43 44 47 48 50 52 54 56 58 60 62 64 66 68 71 72 74 ]   sup=1
                        [2 4 5 7 9 12 13 16 18 20 22 24 25 27 29 33 34 36 38 40 42 44 47 48 50 52 54 56 58 60 62 65 66 68 71 72 74 ]   sup=1
                      [2 4 5 7 9 12 13 16 18 20 22 24 25 27 29 31 ]   sup=15
                        [2 4 5 7 9 12 13 16 18 20 22 24 25 27 29 31 35 36 38 40 ]   sup=2
                          [2 4 5 7 9 12 13 16 18 20 22 24 25 27 29 31 35 36 38 40 42 44 46 48 50 52 54 56 58 60 62 64 66 69 71 73 74 ]   sup=1
                          [2 4 5 7 9 12 13 16 18 20 22 24 25 27 29 31 35 36 38 40 43 44 46 48 50 52 54 56 58 60 62 65 66 69 71 73 74 ]   sup=1
                        [2 4 5 7 9 12 13 16 18 20 22 24 25 27 29 31 34 36 ]   sup=13
                          [2 4 5 7 9 12 13 16 18 20 22 24 25 27 29 31 34 36 39 40 ]   sup=5
                            [2 4 5 7 9 12 13 16 18 20 22 24 25 27 29 31 34 36 39 40 43 44 46 48 50 52 54 56 58 60 62 ]   sup=2
                              [2 4 5 7 9 12 13 16 18 20 22 24 25 27 29 31 34 36 39 40 43 44 46 48 50 52 54 56 58 60 62 64 66 68 71 73 74 ]   sup=1
                              [2 4 5 7 9 12 13 16 18 20 22 24 25 27 29 31 34 36 39 40 43 44 46 48 50 52 54 56 58 60 62 65 66 69 71 73 74 ]   sup=1
                            [2 4 5 7 9 12 13 16 18 20 22 24 25 27 29 31 34 36 39 40 42 44 46 48 50 52 54 56 58 60 62 64 66 ]   sup=3
                              [2 4 5 7 9 12 13 16 18 20 22 24 25 27 29 31 34 36 39 40 42 44 46 48 50 52 54 56 58 60 62 64 66 68 71 ]   sup=2
                                [2 4 5 7 9 12 13 16 18 20 22 24 25 27 29 31 34 36 39 40 42 44 46 48 50 52 54 56 58 60 62 64 66 68 71 73 74 ]   sup=1
                                [2 4 5 7 9 12 13 16 18 20 22 24 25 27 29 31 34 36 39 40 42 44 46 48 50 52 54 56 58 60 62 64 66 68 71 72 74 ]   sup=1
                              [2 4 5 7 9 12 13 16 18 20 22 24 25 27 29 31 34 36 39 40 42 44 46 48 50 52 54 56 58 60 62 64 66 69 71 73 74 ]   sup=1
                          [2 4 5 7 9 12 13 16 18 20 22 24 25 27 29 31 34 36 38 40 ]   sup=8
                            [2 4 5 7 9 12 13 16 18 20 22 24 25 27 29 31 34 36 38 40 43 44 47 48 50 52 54 56 58 60 62 ]   sup=3
                              [2 4 5 7 9 12 13 16 18 20 22 24 25 27 29 31 34 36 38 40 43 44 47 48 50 52 54 56 58 60 62 65 66 69 71 73 74 ]   sup=1
                              [2 4 5 7 9 12 13 16 18 20 22 24 25 27 29 31 34 36 38 40 43 44 47 48 50 52 54 56 58 60 62 64 66 ]   sup=2
                                [2 4 5 7 9 12 13 16 18 20 22 24 25 27 29 31 34 36 38 40 43 44 47 48 50 52 54 56 58 60 62 64 66 69 71 73 74 ]   sup=1
                                [2 4 5 7 9 12 13 16 18 20 22 24 25 27 29 31 34 36 38 40 43 44 47 48 50 52 54 56 58 60 62 64 66 68 71 73 74 ]   sup=1
                            [2 4 5 7 9 12 13 16 18 20 22 24 25 27 29 31 34 36 38 40 42 44 ]   sup=5
                              [2 4 5 7 9 12 13 16 18 20 22 24 25 27 29 31 34 36 38 40 42 44 46 48 50 52 54 56 58 60 62 64 66 68 71 ]   sup=2
                                [2 4 5 7 9 12 13 16 18 20 22 24 25 27 29 31 34 36 38 40 42 44 46 48 50 52 54 56 58 60 62 64 66 68 71 72 74 ]   sup=1
                                [2 4 5 7 9 12 13 16 18 20 22 24 25 27 29 31 34 36 38 40 42 44 46 48 50 52 54 56 58 60 62 64 66 68 71 73 74 ]   sup=1
                              [2 4 5 7 9 12 13 16 18 20 22 24 25 27 29 31 34 36 38 40 42 44 47 48 50 52 54 56 58 60 62 64 66 ]   sup=3
                                [2 4 5 7 9 12 13 16 18 20 22 24 25 27 29 31 34 36 38 40 42 44 47 48 50 52 54 56 58 60 62 64 66 68 71 ]   sup=2
                                  [2 4 5 7 9 12 13 16 18 20 22 24 25 27 29 31 34 36 38 40 42 44 47 48 50 52 54 56 58 60 62 64 66 68 71 73 74 ]   sup=1
                                  [2 4 5 7 9 12 13 16 18 20 22 24 25 27 29 31 34 36 38 40 42 44 47 48 50 52 54 56 58 60 62 64 66 68 71 72 74 ]   sup=1
                                [2 4 5 7 9 12 13 16 18 20 22 24 25 27 29 31 34 36 38 40 42 44 47 48 50 52 54 56 58 60 62 64 66 69 71 73 74 ]   sup=1
                      [2 4 5 7 9 12 13 16 18 20 22 24 25 27 29 32 34 36 ]   sup=13
                        [2 4 5 7 9 12 13 16 18 20 22 24 25 27 29 32 34 36 39 40 ]   sup=5
                          [2 4 5 7 9 12 13 16 18 20 22 24 25 27 29 32 34 36 39 40 43 44 46 48 50 52 54 56 58 60 62 ]   sup=3
                            [2 4 5 7 9 12 13 16 18 20 22 24 25 27 29 32 34 36 39 40 43 44 46 48 50 52 54 56 58 60 62 64 66 68 71 73 74 ]   sup=1
                            [2 4 5 7 9 12 13 16 18 20 22 24 25 27 29 32 34 36 39 40 43 44 46 48 50 52 54 56 58 60 62 65 66 68 71 ]   sup=2
                              [2 4 5 7 9 12 13 16 18 20 22 24 25 27 29 32 34 36 39 40 43 44 46 48 50 52 54 56 58 60 62 65 66 68 71 73 74 ]   sup=1
                              [2 4 5 7 9 12 13 16 18 20 22 24 25 27 29 32 34 36 39 40 43 44 46 48 50 52 54 56 58 60 62 65 66 68 71 72 74 ]   sup=1
                          [2 4 5 7 9 12 13 16 18 20 22 24 25 27 29 32 34 36 39 40 42 44 46 48 50 52 54 56 58 60 62 64 66 68 71 ]   sup=2
                            [2 4 5 7 9 12 13 16 18 20 22 24 25 27 29 32 34 36 39 40 42 44 46 48 50 52 54 56 58 60 62 64 66 68 71 72 74 ]   sup=1
                            [2 4 5 7 9 12 13 16 18 20 22 24 25 27 29 32 34 36 39 40 42 44 46 48 50 52 54 56 58 60 62 64 66 68 71 73 74 ]   sup=1
                        [2 4 5 7 9 12 13 16 18 20 22 24 25 27 29 32 34 36 38 40 ]   sup=8
                          [2 4 5 7 9 12 13 16 18 20 22 24 25 27 29 32 34 36 38 40 43 44 ]   sup=4
                            [2 4 5 7 9 12 13 16 18 20 22 24 25 27 29 32 34 36 38 40 43 44 47 48 50 52 54 56 58 60 62 64 66 68 71 ]   sup=2
                              [2 4 5 7 9 12 13 16 18 20 22 24 25 27 29 32 34 36 38 40 43 44 47 48 50 52 54 56 58 60 62 64 66 68 71 72 74 ]   sup=1
                              [2 4 5 7 9 12 13 16 18 20 22 24 25 27 29 32 34 36 38 40 43 44 47 48 50 52 54 56 58 60 62 64 66 68 71 73 74 ]   sup=1
                            [2 4 5 7 9 12 13 16 18 20 22 24 25 27 29 32 34 36 38 40 43 44 46 48 50 52 54 56 58 60 62 ]   sup=2
                              [2 4 5 7 9 12 13 16 18 20 22 24 25 27 29 32 34 36 38 40 43 44 46 48 50 52 54 56 58 60 62 65 66 68 71 72 74 ]   sup=1
                              [2 4 5 7 9 12 13 16 18 20 22 24 25 27 29 32 34 36 38 40 43 44 46 48 50 52 54 56 58 60 62 64 66 68 71 73 74 ]   sup=1
                          [2 4 5 7 9 12 13 16 18 20 22 24 25 27 29 32 34 36 38 40 42 44 ]   sup=4
                            [2 4 5 7 9 12 13 16 18 20 22 24 25 27 29 32 34 36 38 40 42 44 46 48 50 52 54 56 58 60 62 64 66 68 71 ]   sup=2
                              [2 4 5 7 9 12 13 16 18 20 22 24 25 27 29 32 34 36 38 40 42 44 46 48 50 52 54 56 58 60 62 64 66 68 71 73 74 ]   sup=1
                              [2 4 5 7 9 12 13 16 18 20 22 24 25 27 29 32 34 36 38 40 42 44 46 48 50 52 54 56 58 60 62 64 66 68 71 72 74 ]   sup=1
                            [2 4 5 7 9 12 13 16 18 20 22 24 25 27 29 32 34 36 38 40 42 44 47 48 50 52 54 56 58 60 62 64 66 68 71 ]   sup=2
                              [2 4 5 7 9 12 13 16 18 20 22 24 25 27 29 32 34 36 38 40 42 44 47 48 50 52 54 56 58 60 62 64 66 68 71 72 74 ]   sup=1
                              [2 4 5 7 9 12 13 16 18 20 22 24 25 27 29 32 34 36 38 40 42 44 47 48 50 52 54 56 58 60 62 64 66 68 71 73 74 ]   sup=1
                    [2 4 5 7 9 12 13 16 18 20 22 24 25 28 29 ]   sup=5
                      [2 4 5 7 9 12 13 16 18 20 22 24 25 28 29 33 34 36 38 40 42 44 47 48 50 52 54 56 58 60 62 64 66 68 71 72 74 ]   sup=1
                      [2 4 5 7 9 12 13 16 18 20 22 24 25 28 29 31 34 36 38 40 42 44 ]   sup=4
                        [2 4 5 7 9 12 13 16 18 20 22 24 25 28 29 31 34 36 38 40 42 44 47 48 50 52 54 56 58 60 62 64 66 68 71 ]   sup=2
                          [2 4 5 7 9 12 13 16 18 20 22 24 25 28 29 31 34 36 38 40 42 44 47 48 50 52 54 56 58 60 62 64 66 68 71 73 74 ]   sup=1
                          [2 4 5 7 9 12 13 16 18 20 22 24 25 28 29 31 34 36 38 40 42 44 47 48 50 52 54 56 58 60 62 64 66 68 71 72 74 ]   sup=1
                        [2 4 5 7 9 12 13 16 18 20 22 24 25 28 29 31 34 36 38 40 42 44 46 48 50 52 54 56 58 60 62 64 66 68 71 ]   sup=2
                          [2 4 5 7 9 12 13 16 18 20 22 24 25 28 29 31 34 36 38 40 42 44 46 48 50 52 54 56 58 60 62 64 66 68 71 72 74 ]   sup=1
                          [2 4 5 7 9 12 13 16 18 20 22 24 25 28 29 31 34 36 38 40 42 44 46 48 50 52 54 56 58 60 62 64 66 68 71 73 74 ]   sup=1
                  [2 4 5 7 9 12 13 16 17 20 21 23 26 27 29 ]   sup=3
                    [2 4 5 7 9 12 13 16 17 20 21 23 26 27 29 31 34 36 38 40 42 44 47 48 50 52 54 56 58 61 62 64 67 68 70 73 74 ]   sup=1
                    [2 4 5 7 9 12 13 16 17 20 21 23 26 27 29 33 34 36 ]   sup=2
                      [2 4 5 7 9 12 13 16 17 20 21 23 26 27 29 33 34 36 39 40 42 44 47 48 51 52 54 56 58 61 62 64 67 68 70 73 74 ]   sup=1
                      [2 4 5 7 9 12 13 16 17 20 21 23 26 27 29 33 34 36 38 40 42 44 47 48 50 52 54 56 58 61 62 64 67 68 70 73 74 ]   sup=1
          [2 4 5 7 10 ]   sup=33
            [2 4 5 7 10 11 ]   sup=15
              [2 4 5 7 10 11 13 ]   sup=8
                [2 4 5 7 10 11 13 15 17 19 21 24 25 28 30 ]   sup=2
                  [2 4 5 7 10 11 13 15 17 19 21 24 25 28 30 31 34 36 38 40 42 44 46 48 50 52 54 56 58 60 62 64 66 68 71 73 74 ]   sup=1
                  [2 4 5 7 10 11 13 15 17 19 21 24 25 28 30 33 34 36 38 40 42 44 46 48 50 52 54 56 58 60 62 64 66 68 71 73 74 ]   sup=1
                [2 4 5 7 10 11 13 16 18 20 ]   sup=6
                  [2 4 5 7 10 11 13 16 18 20 22 24 25 ]   sup=5
                    [2 4 5 7 10 11 13 16 18 20 22 24 25 28 29 ]   sup=2
                      [2 4 5 7 10 11 13 16 18 20 22 24 25 28 29 33 34 36 38 40 42 44 46 48 51 52 54 56 58 60 62 64 66 68 71 72 74 ]   sup=1
                      [2 4 5 7 10 11 13 16 18 20 22 24 25 28 29 31 35 36 38 40 42 44 46 48 51 52 54 56 58 60 62 64 66 69 71 73 74 ]   sup=1
                    [2 4 5 7 10 11 13 16 18 20 22 24 25 27 29 ]   sup=3
                      [2 4 5 7 10 11 13 16 18 20 22 24 25 27 29 31 35 36 39 40 43 44 46 48 51 52 54 56 58 60 62 64 66 69 71 73 74 ]   sup=1
                      [2 4 5 7 10 11 13 16 18 20 22 24 25 27 29 33 34 36 38 40 42 44 46 48 51 52 54 56 58 60 62 64 66 68 71 72 74 ]   sup=1
                      [2 4 5 7 10 11 13 16 18 20 22 24 25 27 29 32 34 36 39 40 43 44 46 48 51 52 54 56 58 60 62 65 66 69 71 73 74 ]   sup=1
                  [2 4 5 7 10 11 13 16 18 20 21 23 26 27 30 31 35 36 38 40 43 44 46 48 51 52 54 56 58 60 62 64 67 68 71 73 74 ]   sup=1
              [2 4 5 7 10 11 14 15 17 19 21 24 25 ]   sup=7
                [2 4 5 7 10 11 14 15 17 19 21 24 25 27 29 ]   sup=6
                  [2 4 5 7 10 11 14 15 17 19 21 24 25 27 29 31 34 36 ]   sup=4
                    [2 4 5 7 10 11 14 15 17 19 21 24 25 27 29 31 34 36 38 40 42 44 46 48 ]   sup=2
                      [2 4 5 7 10 11 14 15 17 19 21 24 25 27 29 31 34 36 38 40 42 44 46 48 51 52 54 57 58 60 62 65 66 69 71 72 74 ]   sup=1
                      [2 4 5 7 10 11 14 15 17 19 21 24 25 27 29 31 34 36 38 40 42 44 46 48 50 52 54 57 58 60 62 65 66 69 71 72 74 ]   sup=1
                    [2 4 5 7 10 11 14 15 17 19 21 24 25 27 29 31 34 36 39 40 42 44 46 48 51 52 54 ]   sup=2
                      [2 4 5 7 10 11 14 15 17 19 21 24 25 27 29 31 34 36 39 40 42 44 46 48 51 52 54 56 58 60 62 65 66 69 71 73 74 ]   sup=1
                      [2 4 5 7 10 11 14 15 17 19 21 24 25 27 29 31 34 36 39 40 42 44 46 48 51 52 54 57 58 60 62 65 66 69 71 72 74 ]   sup=1
                  [2 4 5 7 10 11 14 15 17 19 21 24 25 27 29 33 34 36 38 40 42 44 46 48 ]   sup=2
                    [2 4 5 7 10 11 14 15 17 19 21 24 25 27 29 33 34 36 38 40 42 44 46 48 50 52 54 57 58 60 62 65 66 69 71 72 74 ]   sup=1
                    [2 4 5 7 10 11 14 15 17 19 21 24 25 27 29 33 34 36 38 40 42 44 46 48 51 52 54 57 58 60 62 65 66 69 71 72 74 ]   sup=1
                [2 4 5 7 10 11 14 15 17 19 21 24 25 28 29 33 34 36 38 40 42 44 46 48 51 52 54 57 58 60 62 64 66 69 71 72 74 ]   sup=1
            [2 4 5 7 10 12 ]   sup=18
              [2 4 5 7 10 12 13 16 18 20 22 24 25 ]   sup=9
                [2 4 5 7 10 12 13 16 18 20 22 24 25 28 29 31 34 36 38 40 42 44 46 48 51 52 54 ]   sup=2
                  [2 4 5 7 10 12 13 16 18 20 22 24 25 28 29 31 34 36 38 40 42 44 46 48 51 52 54 57 58 60 62 64 66 69 71 72 74 ]   sup=1
                  [2 4 5 7 10 12 13 16 18 20 22 24 25 28 29 31 34 36 38 40 42 44 46 48 51 52 54 56 58 60 62 64 66 69 71 73 74 ]   sup=1
                [2 4 5 7 10 12 13 16 18 20 22 24 25 27 29 ]   sup=7
                  [2 4 5 7 10 12 13 16 18 20 22 24 25 27 29 31 34 36 39 40 ]   sup=3
                    [2 4 5 7 10 12 13 16 18 20 22 24 25 27 29 31 34 36 39 40 43 44 46 48 51 52 54 56 58 60 62 64 66 69 71 73 74 ]   sup=1
                    [2 4 5 7 10 12 13 16 18 20 22 24 25 27 29 31 34 36 39 40 42 44 46 48 51 52 54 ]   sup=2
                      [2 4 5 7 10 12 13 16 18 20 22 24 25 27 29 31 34 36 39 40 42 44 46 48 51 52 54 56 58 60 62 64 66 69 71 73 74 ]   sup=1
                      [2 4 5 7 10 12 13 16 18 20 22 24 25 27 29 31 34 36 39 40 42 44 46 48 51 52 54 57 58 60 62 64 66 69 71 72 74 ]   sup=1
                  [2 4 5 7 10 12 13 16 18 20 22 24 25 27 29 32 34 36 39 40 ]   sup=4
                    [2 4 5 7 10 12 13 16 18 20 22 24 25 27 29 32 34 36 39 40 43 44 46 48 51 52 54 ]   sup=2
                      [2 4 5 7 10 12 13 16 18 20 22 24 25 27 29 32 34 36 39 40 43 44 46 48 51 52 54 57 58 60 62 65 66 69 71 72 74 ]   sup=1
                      [2 4 5 7 10 12 13 16 18 20 22 24 25 27 29 32 34 36 39 40 43 44 46 48 51 52 54 56 58 60 62 64 66 69 71 73 74 ]   sup=1
                    [2 4 5 7 10 12 13 16 18 20 22 24 25 27 29 32 34 36 39 40 42 44 46 48 51 52 54 ]   sup=2
                      [2 4 5 7 10 12 13 16 18 20 22 24 25 27 29 32 34 36 39 40 42 44 46 48 51 52 54 56 58 60 62 64 66 69 71 73 74 ]   sup=1
                      [2 4 5 7 10 12 13 16 18 20 22 24 25 27 29 32 34 36 39 40 42 44 46 48 51 52 54 57 58 60 62 64 66 69 71 72 74 ]   sup=1
              [2 4 5 7 10 12 14 16 18 20 21 24 25 ]   sup=9
                [2 4 5 7 10 12 14 16 18 20 21 24 25 27 29 ]   sup=6
                  [2 4 5 7 10 12 14 16 18 20 21 24 25 27 29 33 34 36 38 40 42 44 46 48 51 52 54 57 58 60 62 64 66 69 71 72 74 ]   sup=1
                  [2 4 5 7 10 12 14 16 18 20 21 24 25 27 29 31 34 36 ]   sup=3
                    [2 4 5 7 10 12 14 16 18 20 21 24 25 27 29 31 34 36 38 40 42 44 46 48 51 52 54 57 58 60 62 64 66 69 71 72 74 ]   sup=1
                    [2 4 5 7 10 12 14 16 18 20 21 24 25 27 29 31 34 36 39 40 42 44 46 48 51 52 54 ]   sup=2
                      [2 4 5 7 10 12 14 16 18 20 21 24 25 27 29 31 34 36 39 40 42 44 46 48 51 52 54 57 58 60 62 64 66 69 71 72 74 ]   sup=1
                      [2 4 5 7 10 12 14 16 18 20 21 24 25 27 29 31 34 36 39 40 42 44 46 48 51 52 54 56 58 60 62 64 66 69 71 73 74 ]   sup=1
                  [2 4 5 7 10 12 14 16 18 20 21 24 25 27 29 32 34 36 39 40 42 44 46 48 51 52 54 ]   sup=2
                    [2 4 5 7 10 12 14 16 18 20 21 24 25 27 29 32 34 36 39 40 42 44 46 48 51 52 54 57 58 60 62 64 66 69 71 72 74 ]   sup=1
                    [2 4 5 7 10 12 14 16 18 20 21 24 25 27 29 32 34 36 39 40 42 44 46 48 51 52 54 56 58 60 62 64 66 69 71 73 74 ]   sup=1
                [2 4 5 7 10 12 14 16 18 20 21 24 25 28 29 ]   sup=3
                  [2 4 5 7 10 12 14 16 18 20 21 24 25 28 29 33 34 36 38 40 42 44 46 48 51 52 54 57 58 60 62 64 66 69 71 72 74 ]   sup=1
                  [2 4 5 7 10 12 14 16 18 20 21 24 25 28 29 31 34 36 38 40 42 44 46 48 51 52 54 ]   sup=2
                    [2 4 5 7 10 12 14 16 18 20 21 24 25 28 29 31 34 36 38 40 42 44 46 48 51 52 54 57 58 60 62 64 66 69 71 72 74 ]   sup=1
                    [2 4 5 7 10 12 14 16 18 20 21 24 25 28 29 31 34 36 38 40 42 44 46 48 51 52 54 56 58 60 62 64 66 69 71 73 74 ]   sup=1
        [2 4 5 8 9 ]   sup=35
          [2 4 5 8 9 11 ]   sup=32
            [2 4 5 8 9 11 13 ]   sup=18
              [2 4 5 8 9 11 13 16 ]   sup=16
                [2 4 5 8 9 11 13 16 17 19 21 23 26 27 30 ]   sup=2
                  [2 4 5 8 9 11 13 16 17 19 21 23 26 27 30 31 35 36 38 40 42 44 46 48 51 52 54 56 58 61 62 64 67 68 71 73 74 ]   sup=1
                  [2 4 5 8 9 11 13 16 17 19 21 23 26 27 30 33 35 36 38 40 42 44 46 48 51 52 54 56 58 61 62 64 67 68 71 73 74 ]   sup=1
                [2 4 5 8 9 11 13 16 18 20 22 24 25 ]   sup=14
                  [2 4 5 8 9 11 13 16 18 20 22 24 25 27 29 ]   sup=10
                    [2 4 5 8 9 11 13 16 18 20 22 24 25 27 29 32 34 36 39 40 ]   sup=4
                      [2 4 5 8 9 11 13 16 18 20 22 24 25 27 29 32 34 36 39 40 42 44 46 48 51 52 54 ]   sup=2
                        [2 4 5 8 9 11 13 16 18 20 22 24 25 27 29 32 34 36 39 40 42 44 46 48 51 52 54 56 58 60 62 64 66 69 71 73 74 ]   sup=1
                        [2 4 5 8 9 11 13 16 18 20 22 24 25 27 29 32 34 36 39 40 42 44 46 48 51 52 54 57 58 60 62 64 66 69 71 72 74 ]   sup=1
                      [2 4 5 8 9 11 13 16 18 20 22 24 25 27 29 32 34 36 39 40 43 44 46 48 51 52 54 ]   sup=2
                        [2 4 5 8 9 11 13 16 18 20 22 24 25 27 29 32 34 36 39 40 43 44 46 48 51 52 54 56 58 60 62 64 66 69 71 73 74 ]   sup=1
                        [2 4 5 8 9 11 13 16 18 20 22 24 25 27 29 32 34 36 39 40 43 44 46 48 51 52 54 57 58 60 62 64 66 69 71 72 74 ]   sup=1
                    [2 4 5 8 9 11 13 16 18 20 22 24 25 27 29 33 34 36 ]   sup=2
                      [2 4 5 8 9 11 13 16 18 20 22 24 25 27 29 33 34 36 39 40 43 44 46 48 51 52 54 57 58 60 62 64 66 69 71 72 74 ]   sup=1
                      [2 4 5 8 9 11 13 16 18 20 22 24 25 27 29 33 34 36 38 40 42 44 46 48 51 52 54 56 58 60 62 64 66 68 71 72 74 ]   sup=1
                    [2 4 5 8 9 11 13 16 18 20 22 24 25 27 29 31 ]   sup=4
                      [2 4 5 8 9 11 13 16 18 20 22 24 25 27 29 31 35 36 39 40 43 44 46 48 51 52 54 56 58 60 62 64 66 69 71 73 74 ]   sup=1
                      [2 4 5 8 9 11 13 16 18 20 22 24 25 27 29 31 34 36 39 40 ]   sup=3
                        [2 4 5 8 9 11 13 16 18 20 22 24 25 27 29 31 34 36 39 40 43 44 46 48 51 52 54 56 58 60 62 64 66 69 71 73 74 ]   sup=1
                        [2 4 5 8 9 11 13 16 18 20 22 24 25 27 29 31 34 36 39 40 42 44 46 48 51 52 54 ]   sup=2
                          [2 4 5 8 9 11 13 16 18 20 22 24 25 27 29 31 34 36 39 40 42 44 46 48 51 52 54 57 58 60 62 64 66 69 71 72 74 ]   sup=1
                          [2 4 5 8 9 11 13 16 18 20 22 24 25 27 29 31 34 36 39 40 42 44 46 48 51 52 54 56 58 60 62 64 66 69 71 73 74 ]   sup=1
                  [2 4 5 8 9 11 13 16 18 20 22 24 25 28 29 ]   sup=4
                    [2 4 5 8 9 11 13 16 18 20 22 24 25 28 29 31 ]   sup=3
                      [2 4 5 8 9 11 13 16 18 20 22 24 25 28 29 31 35 36 38 40 42 44 46 48 51 52 54 56 58 60 62 64 66 69 71 73 74 ]   sup=1
                      [2 4 5 8 9 11 13 16 18 20 22 24 25 28 29 31 34 36 38 40 42 44 46 48 51 52 54 ]   sup=2
                        [2 4 5 8 9 11 13 16 18 20 22 24 25 28 29 31 34 36 38 40 42 44 46 48 51 52 54 57 58 60 62 64 66 69 71 72 74 ]   sup=1
                        [2 4 5 8 9 11 13 16 18 20 22 24 25 28 29 31 34 36 38 40 42 44 46 48 51 52 54 56 58 60 62 64 66 69 71 73 74 ]   sup=1
                    [2 4 5 8 9 11 13 16 18 20 22 24 25 28 29 33 34 36 39 40 42 44 46 48 51 52 54 57 58 60 62 64 66 69 71 72 74 ]   sup=1
              [2 4 5 8 9 11 13 15 17 19 21 24 25 28 30 ]   sup=2
                [2 4 5 8 9 11 13 15 17 19 21 24 25 28 30 31 34 36 38 40 42 44 46 48 51 52 54 56 58 60 62 64 66 68 71 73 74 ]   sup=1
                [2 4 5 8 9 11 13 15 17 19 21 24 25 28 30 33 34 36 38 40 42 44 46 48 51 52 54 56 58 60 62 64 66 68 71 73 74 ]   sup=1
            [2 4 5 8 9 11 14 ]   sup=14
              [2 4 5 8 9 11 14 16 17 19 21 24 25 ]   sup=9
                [2 4 5 8 9 11 14 16 17 19 21 24 25 27 29 ]   sup=6
                  [2 4 5 8 9 11 14 16 17 19 21 24 25 27 29 33 34 36 38 40 42 44 46 48 51 52 54 57 58 60 62 64 66 69 71 72 74 ]   sup=1
                  [2 4 5 8 9 11 14 16 17 19 21 24 25 27 29 32 34 36 39 40 42 44 46 48 51 52 54 ]   sup=2
                    [2 4 5 8 9 11 14 16 17 19 21 24 25 27 29 32 34 36 39 40 42 44 46 48 51 52 54 57 58 60 62 64 66 69 71 72 74 ]   sup=1
                    [2 4 5 8 9 11 14 16 17 19 21 24 25 27 29 32 34 36 39 40 42 44 46 48 51 52 54 56 58 60 62 64 66 69 71 73 74 ]   sup=1
                  [2 4 5 8 9 11 14 16 17 19 21 24 25 27 29 31 34 36 ]   sup=3
                    [2 4 5 8 9 11 14 16 17 19 21 24 25 27 29 31 34 36 38 40 42 44 46 48 51 52 54 57 58 60 62 64 66 69 71 72 74 ]   sup=1
                    [2 4 5 8 9 11 14 16 17 19 21 24 25 27 29 31 34 36 39 40 42 44 46 48 51 52 54 ]   sup=2
                      [2 4 5 8 9 11 14 16 17 19 21 24 25 27 29 31 34 36 39 40 42 44 46 48 51 52 54 56 58 60 62 64 66 69 71 73 74 ]   sup=1
                      [2 4 5 8 9 11 14 16 17 19 21 24 25 27 29 31 34 36 39 40 42 44 46 48 51 52 54 57 58 60 62 64 66 69 71 72 74 ]   sup=1
                [2 4 5 8 9 11 14 16 17 19 21 24 25 28 29 ]   sup=3
                  [2 4 5 8 9 11 14 16 17 19 21 24 25 28 29 33 34 36 38 40 42 44 46 48 51 52 54 57 58 60 62 64 66 69 71 72 74 ]   sup=1
                  [2 4 5 8 9 11 14 16 17 19 21 24 25 28 29 31 34 36 38 40 42 44 46 48 51 52 54 ]   sup=2
                    [2 4 5 8 9 11 14 16 17 19 21 24 25 28 29 31 34 36 38 40 42 44 46 48 51 52 54 56 58 60 62 64 66 69 71 73 74 ]   sup=1
                    [2 4 5 8 9 11 14 16 17 19 21 24 25 28 29 31 34 36 38 40 42 44 46 48 51 52 54 57 58 60 62 64 66 69 71 72 74 ]   sup=1
              [2 4 5 8 9 11 14 15 17 19 21 24 25 ]   sup=5
                [2 4 5 8 9 11 14 15 17 19 21 24 25 27 29 ]   sup=4
                  [2 4 5 8 9 11 14 15 17 19 21 24 25 27 29 33 35 36 38 40 42 44 46 48 51 52 54 57 58 60 62 65 66 69 71 72 74 ]   sup=1
                  [2 4 5 8 9 11 14 15 17 19 21 24 25 27 29 31 ]   sup=3
                    [2 4 5 8 9 11 14 15 17 19 21 24 25 27 29 31 34 36 39 40 42 44 46 48 51 52 54 ]   sup=2
                      [2 4 5 8 9 11 14 15 17 19 21 24 25 27 29 31 34 36 39 40 42 44 46 48 51 52 54 57 58 60 62 65 66 69 71 72 74 ]   sup=1
                      [2 4 5 8 9 11 14 15 17 19 21 24 25 27 29 31 34 36 39 40 42 44 46 48 51 52 54 56 58 60 62 65 66 69 71 73 74 ]   sup=1
                    [2 4 5 8 9 11 14 15 17 19 21 24 25 27 29 31 35 36 38 40 42 44 46 48 51 52 54 57 58 60 62 65 66 69 71 72 74 ]   sup=1
                [2 4 5 8 9 11 14 15 17 19 21 24 25 28 29 33 34 36 38 40 42 44 46 48 51 52 54 57 58 60 62 64 66 69 71 72 74 ]   sup=1
          [2 4 5 8 9 12 13 16 18 20 22 24 25 ]   sup=3
            [2 4 5 8 9 12 13 16 18 20 22 24 25 27 29 33 34 36 39 40 42 44 46 48 51 52 54 56 58 60 62 64 66 68 71 72 74 ]   sup=1
            [2 4 5 8 9 12 13 16 18 20 22 24 25 28 29 33 34 36 ]   sup=2
              [2 4 5 8 9 12 13 16 18 20 22 24 25 28 29 33 34 36 38 40 42 44 46 48 51 52 54 56 58 60 62 64 66 68 71 72 74 ]   sup=1
              [2 4 5 8 9 12 13 16 18 20 22 24 25 28 29 33 34 36 39 40 42 44 46 48 51 52 54 56 58 60 62 64 66 68 71 72 74 ]   sup=1
      [2 4 6 ]   sup=12
        [2 4 6 8 9 11 13 15 17 19 21 ]   sup=4
          [2 4 6 8 9 11 13 15 17 19 21 23 25 27 30 ]   sup=2
            [2 4 6 8 9 11 13 15 17 19 21 23 25 27 30 33 35 36 38 40 42 44 46 48 51 52 54 56 58 60 62 64 67 68 71 73 74 ]   sup=1
            [2 4 6 8 9 11 13 15 17 19 21 23 25 27 30 31 35 36 38 40 42 44 46 48 51 52 54 56 58 60 62 64 67 68 71 73 74 ]   sup=1
          [2 4 6 8 9 11 13 15 17 19 21 24 25 28 30 ]   sup=2
            [2 4 6 8 9 11 13 15 17 19 21 24 25 28 30 33 35 36 38 40 42 44 46 48 51 52 54 56 58 60 62 64 66 68 71 73 74 ]   sup=1
            [2 4 6 8 9 11 13 15 17 19 21 24 25 28 30 31 35 36 38 40 42 44 46 48 51 52 54 56 58 60 62 64 66 68 71 73 74 ]   sup=1
        [2 4 6 7 ]   sup=8
          [2 4 6 7 10 11 13 15 17 19 21 ]   sup=4
            [2 4 6 7 10 11 13 15 17 19 21 23 25 27 30 31 35 36 38 40 43 44 46 48 ]   sup=2
              [2 4 6 7 10 11 13 15 17 19 21 23 25 27 30 31 35 36 38 40 43 44 46 48 51 52 54 56 58 60 62 64 67 68 71 73 74 ]   sup=1
              [2 4 6 7 10 11 13 15 17 19 21 23 25 27 30 31 35 36 38 40 43 44 46 48 50 52 54 56 58 60 62 64 67 68 71 73 74 ]   sup=1
            [2 4 6 7 10 11 13 15 17 19 21 24 25 28 30 ]   sup=2
              [2 4 6 7 10 11 13 15 17 19 21 24 25 28 30 33 35 36 38 40 42 44 46 48 50 52 54 56 58 60 62 64 66 68 71 73 74 ]   sup=1
              [2 4 6 7 10 11 13 15 17 19 21 24 25 28 30 31 35 36 38 40 42 44 46 48 50 52 54 56 58 60 62 64 66 68 71 73 74 ]   sup=1
          [2 4 6 7 9 11 13 15 17 19 21 23 25 27 29 ]   sup=4
            [2 4 6 7 9 11 13 15 17 19 21 23 25 27 29 31 34 36 38 40 42 44 46 48 50 52 54 56 58 60 62 64 67 68 71 73 74 ]   sup=1
            [2 4 6 7 9 11 13 15 17 19 21 23 25 27 29 33 34 36 ]   sup=3
              [2 4 6 7 9 11 13 15 17 19 21 23 25 27 29 33 34 36 39 40 42 44 46 48 51 52 54 56 58 60 ]   sup=2
                [2 4 6 7 9 11 13 15 17 19 21 23 25 27 29 33 34 36 39 40 42 44 46 48 51 52 54 56 58 60 62 64 67 68 71 73 74 ]   sup=1
                [2 4 6 7 9 11 13 15 17 19 21 23 25 27 29 33 34 36 39 40 42 44 46 48 51 52 54 56 58 60 63 64 67 68 71 73 74 ]   sup=1
              [2 4 6 7 9 11 13 15 17 19 21 23 25 27 29 33 34 36 38 40 42 44 46 48 50 52 54 56 58 60 62 64 67 68 71 73 74 ]   sup=1
    [2 3 ]   sup=1357
      [2 3 6 7 ]   sup=94
        [2 3 6 7 9 11 ]   sup=86
          [2 3 6 7 9 11 14 15 17 19 ]   sup=28
            [2 3 6 7 9 11 14 15 17 19 22 ]   sup=20
              [2 3 6 7 9 11 14 15 17 19 22 24 25 27 29 ]   sup=8
                [2 3 6 7 9 11 14 15 17 19 22 24 25 27 29 31 34 36 39 40 ]   sup=6
                  [2 3 6 7 9 11 14 15 17 19 22 24 25 27 29 31 34 36 39 40 42 44 46 48 ]   sup=3
                    [2 3 6 7 9 11 14 15 17 19 22 24 25 27 29 31 34 36 39 40 42 44 46 48 50 52 54 56 58 60 62 64 66 68 ]   sup=2
                      [2 3 6 7 9 11 14 15 17 19 22 24 25 27 29 31 34 36 39 40 42 44 46 48 50 52 54 56 58 60 62 64 66 68 71 72 74 ]   sup=1
                      [2 3 6 7 9 11 14 15 17 19 22 24 25 27 29 31 34 36 39 40 42 44 46 48 50 52 54 56 58 60 62 64 66 68 70 72 74 ]   sup=1
                    [2 3 6 7 9 11 14 15 17 19 22 24 25 27 29 31 34 36 39 40 42 44 46 48 51 52 54 56 58 60 62 64 66 68 70 72 74 ]   sup=1
                  [2 3 6 7 9 11 14 15 17 19 22 24 25 27 29 31 34 36 39 40 43 44 46 48 ]   sup=3
                    [2 3 6 7 9 11 14 15 17 19 22 24 25 27 29 31 34 36 39 40 43 44 46 48 51 52 54 56 58 60 62 65 66 68 71 72 74 ]   sup=1
                    [2 3 6 7 9 11 14 15 17 19 22 24 25 27 29 31 34 36 39 40 43 44 46 48 50 52 54 56 58 60 62 65 66 ]   sup=2
                      [2 3 6 7 9 11 14 15 17 19 22 24 25 27 29 31 34 36 39 40 43 44 46 48 50 52 54 56 58 60 62 65 66 68 71 72 74 ]   sup=1
                      [2 3 6 7 9 11 14 15 17 19 22 24 25 27 29 31 34 36 39 40 43 44 46 48 50 52 54 56 58 60 62 65 66 69 71 72 74 ]   sup=1
                [2 3 6 7 9 11 14 15 17 19 22 24 25 27 29 32 34 36 39 40 42 44 46 48 50 52 54 56 58 60 62 64 66 68 71 72 74 ]   sup=1
                [2 3 6 7 9 11 14 15 17 19 22 24 25 27 29 33 35 36 38 40 42 44 46 48 51 52 54 56 58 60 62 64 66 68 70 72 74 ]   sup=1
              [2 3 6 7 9 11 14 15 17 19 22 23 25 27 29 31 ]   sup=12
                [2 3 6 7 9 11 14 15 17 19 22 23 25 27 29 31 35 36 38 40 42 44 46 48 51 52 55 56 58 60 62 64 66 ]   sup=2
                  [2 3 6 7 9 11 14 15 17 19 22 23 25 27 29 31 35 36 38 40 42 44 46 48 51 52 55 56 58 60 62 64 66 69 70 72 74 ]   sup=1
                  [2 3 6 7 9 11 14 15 17 19 22 23 25 27 29 31 35 36 38 40 42 44 46 48 51 52 55 56 58 60 62 64 66 68 70 72 75 ]   sup=1
                [2 3 6 7 9 11 14 15 17 19 22 23 25 27 29 31 34 36 39 40 42 44 46 48 ]   sup=10
                  [2 3 6 7 9 11 14 15 17 19 22 23 25 27 29 31 34 36 39 40 42 44 46 48 50 52 ]   sup=6
                    [2 3 6 7 9 11 14 15 17 19 22 23 25 27 29 31 34 36 39 40 42 44 46 48 50 52 54 56 58 60 62 64 66 ]   sup=3
                      [2 3 6 7 9 11 14 15 17 19 22 23 25 27 29 31 34 36 39 40 42 44 46 48 50 52 54 56 58 60 62 64 66 68 71 72 74 ]   sup=1
                      [2 3 6 7 9 11 14 15 17 19 22 23 25 27 29 31 34 36 39 40 42 44 46 48 50 52 54 56 58 60 62 64 66 69 ]   sup=2
                        [2 3 6 7 9 11 14 15 17 19 22 23 25 27 29 31 34 36 39 40 42 44 46 48 50 52 54 56 58 60 62 64 66 69 70 72 74 ]   sup=1
                        [2 3 6 7 9 11 14 15 17 19 22 23 25 27 29 31 34 36 39 40 42 44 46 48 50 52 54 56 58 60 62 64 66 69 71 72 74 ]   sup=1
                    [2 3 6 7 9 11 14 15 17 19 22 23 25 27 29 31 34 36 39 40 42 44 46 48 50 52 55 56 58 60 62 64 66 ]   sup=3
                      [2 3 6 7 9 11 14 15 17 19 22 23 25 27 29 31 34 36 39 40 42 44 46 48 50 52 55 56 58 60 62 64 66 68 ]   sup=2
                        [2 3 6 7 9 11 14 15 17 19 22 23 25 27 29 31 34 36 39 40 42 44 46 48 50 52 55 56 58 60 62 64 66 68 70 72 75 ]   sup=1
                        [2 3 6 7 9 11 14 15 17 19 22 23 25 27 29 31 34 36 39 40 42 44 46 48 50 52 55 56 58 60 62 64 66 68 71 72 75 ]   sup=1
                      [2 3 6 7 9 11 14 15 17 19 22 23 25 27 29 31 34 36 39 40 42 44 46 48 50 52 55 56 58 60 62 64 66 69 71 72 74 ]   sup=1
                  [2 3 6 7 9 11 14 15 17 19 22 23 25 27 29 31 34 36 39 40 42 44 46 48 51 52 ]   sup=4
                    [2 3 6 7 9 11 14 15 17 19 22 23 25 27 29 31 34 36 39 40 42 44 46 48 51 52 55 56 58 60 62 64 66 ]   sup=3
                      [2 3 6 7 9 11 14 15 17 19 22 23 25 27 29 31 34 36 39 40 42 44 46 48 51 52 55 56 58 60 62 64 66 69 70 72 74 ]   sup=1
                      [2 3 6 7 9 11 14 15 17 19 22 23 25 27 29 31 34 36 39 40 42 44 46 48 51 52 55 56 58 60 62 64 66 68 ]   sup=2
                        [2 3 6 7 9 11 14 15 17 19 22 23 25 27 29 31 34 36 39 40 42 44 46 48 51 52 55 56 58 60 62 64 66 68 70 72 75 ]   sup=1
                        [2 3 6 7 9 11 14 15 17 19 22 23 25 27 29 31 34 36 39 40 42 44 46 48 51 52 55 56 58 60 62 64 66 68 71 72 75 ]   sup=1
                    [2 3 6 7 9 11 14 15 17 19 22 23 25 27 29 31 34 36 39 40 42 44 46 48 51 52 54 56 58 60 62 64 66 68 71 72 74 ]   sup=1
            [2 3 6 7 9 11 14 15 17 19 21 ]   sup=8
              [2 3 6 7 9 11 14 15 17 19 21 23 25 27 29 31 35 36 ]   sup=4
                [2 3 6 7 9 11 14 15 17 19 21 23 25 27 29 31 35 36 39 40 42 44 46 48 51 52 55 56 58 60 62 64 66 69 71 72 ]   sup=2
                  [2 3 6 7 9 11 14 15 17 19 21 23 25 27 29 31 35 36 39 40 42 44 46 48 51 52 55 56 58 60 62 64 66 69 71 72 74 ]   sup=1
                  [2 3 6 7 9 11 14 15 17 19 21 23 25 27 29 31 35 36 39 40 42 44 46 48 51 52 55 56 58 60 62 64 66 69 71 72 75 ]   sup=1
                [2 3 6 7 9 11 14 15 17 19 21 23 25 27 29 31 35 36 38 40 42 44 46 48 50 52 55 56 58 60 62 64 66 69 71 72 ]   sup=2
                  [2 3 6 7 9 11 14 15 17 19 21 23 25 27 29 31 35 36 38 40 42 44 46 48 50 52 55 56 58 60 62 64 66 69 71 72 75 ]   sup=1
                  [2 3 6 7 9 11 14 15 17 19 21 23 25 27 29 31 35 36 38 40 42 44 46 48 50 52 55 56 58 60 62 64 66 69 71 72 74 ]   sup=1
              [2 3 6 7 9 11 14 15 17 19 21 24 25 27 29 31 35 36 ]   sup=4
                [2 3 6 7 9 11 14 15 17 19 21 24 25 27 29 31 35 36 39 ]   sup=2
                  [2 3 6 7 9 11 14 15 17 19 21 24 25 27 29 31 35 36 39 40 42 44 46 48 51 52 54 56 58 60 62 65 66 69 71 73 74 ]   sup=1
                  [2 3 6 7 9 11 14 15 17 19 21 24 25 27 29 31 35 36 39 41 42 44 46 48 51 52 54 56 58 60 62 65 66 69 71 73 74 ]   sup=1
                [2 3 6 7 9 11 14 15 17 19 21 24 25 27 29 31 35 36 38 40 ]   sup=2
                  [2 3 6 7 9 11 14 15 17 19 21 24 25 27 29 31 35 36 38 40 42 44 46 48 50 52 54 56 58 60 62 65 66 69 70 73 74 ]   sup=1
                  [2 3 6 7 9 11 14 15 17 19 21 24 25 27 29 31 35 36 38 40 43 44 46 48 50 52 54 56 58 60 62 65 66 69 71 73 74 ]   sup=1
          [2 3 6 7 9 11 13 15 17 19 ]   sup=58
            [2 3 6 7 9 11 13 15 17 19 21 ]   sup=13
              [2 3 6 7 9 11 13 15 17 19 21 24 25 27 29 31 ]   sup=4
                [2 3 6 7 9 11 13 15 17 19 21 24 25 27 29 31 34 36 39 41 42 44 46 48 51 52 54 56 58 60 63 65 66 69 71 73 74 ]   sup=1
                [2 3 6 7 9 11 13 15 17 19 21 24 25 27 29 31 35 36 ]   sup=3
                  [2 3 6 7 9 11 13 15 17 19 21 24 25 27 29 31 35 36 39 40 42 44 46 48 51 52 54 56 58 60 62 65 66 69 70 73 74 ]   sup=1
                  [2 3 6 7 9 11 13 15 17 19 21 24 25 27 29 31 35 36 38 40 ]   sup=2
                    [2 3 6 7 9 11 13 15 17 19 21 24 25 27 29 31 35 36 38 40 43 44 46 48 50 52 54 56 58 60 62 65 66 68 70 73 74 ]   sup=1
                    [2 3 6 7 9 11 13 15 17 19 21 24 25 27 29 31 35 36 38 40 42 44 46 48 50 52 54 56 58 60 62 65 66 69 70 73 74 ]   sup=1
              [2 3 6 7 9 11 13 15 17 19 21 23 ]   sup=9
                [2 3 6 7 9 11 13 15 17 19 21 23 26 27 29 31 35 36 39 40 42 44 46 48 51 52 55 56 58 60 62 64 66 69 70 72 75 ]   sup=1
                [2 3 6 7 9 11 13 15 17 19 21 23 25 27 29 ]   sup=8
                  [2 3 6 7 9 11 13 15 17 19 21 23 25 27 29 31 ]   sup=7
                    [2 3 6 7 9 11 13 15 17 19 21 23 25 27 29 31 35 36 ]   sup=3
                      [2 3 6 7 9 11 13 15 17 19 21 23 25 27 29 31 35 36 39 40 42 44 46 48 51 52 54 56 58 60 62 65 67 68 70 73 74 ]   sup=1
                      [2 3 6 7 9 11 13 15 17 19 21 23 25 27 29 31 35 36 38 40 42 44 46 48 50 52 ]   sup=2
                        [2 3 6 7 9 11 13 15 17 19 21 23 25 27 29 31 35 36 38 40 42 44 46 48 50 52 55 56 58 60 62 64 66 69 70 72 75 ]   sup=1
                        [2 3 6 7 9 11 13 15 17 19 21 23 25 27 29 31 35 36 38 40 42 44 46 48 50 52 54 56 58 60 62 65 67 68 70 73 74 ]   sup=1
                    [2 3 6 7 9 11 13 15 17 19 21 23 25 27 29 31 34 36 ]   sup=4
                      [2 3 6 7 9 11 13 15 17 19 21 23 25 27 29 31 34 36 39 ]   sup=3
                        [2 3 6 7 9 11 13 15 17 19 21 23 25 27 29 31 34 36 39 41 42 44 46 48 51 52 54 56 58 60 63 65 67 68 71 73 74 ]   sup=1
                        [2 3 6 7 9 11 13 15 17 19 21 23 25 27 29 31 34 36 39 40 42 44 46 48 51 52 ]   sup=2
                          [2 3 6 7 9 11 13 15 17 19 21 23 25 27 29 31 34 36 39 40 42 44 46 48 51 52 54 56 58 60 62 65 67 68 71 73 74 ]   sup=1
                          [2 3 6 7 9 11 13 15 17 19 21 23 25 27 29 31 34 36 39 40 42 44 46 48 51 52 55 56 58 60 63 64 66 69 71 72 75 ]   sup=1
                      [2 3 6 7 9 11 13 15 17 19 21 23 25 27 29 31 34 36 38 40 42 44 46 48 50 52 54 56 58 60 62 65 67 68 71 73 74 ]   sup=1
                  [2 3 6 7 9 11 13 15 17 19 21 23 25 27 29 33 35 36 38 40 42 44 46 48 50 52 54 56 58 60 62 65 67 68 70 73 74 ]   sup=1
            [2 3 6 7 9 11 13 15 17 19 22 ]   sup=45
              [2 3 6 7 9 11 13 15 17 19 22 24 25 27 29 ]   sup=18
                [2 3 6 7 9 11 13 15 17 19 22 24 25 27 29 31 ]   sup=12
                  [2 3 6 7 9 11 13 15 17 19 22 24 25 27 29 31 35 36 ]   sup=5
                    [2 3 6 7 9 11 13 15 17 19 22 24 25 27 29 31 35 36 38 40 ]   sup=3
                      [2 3 6 7 9 11 13 15 17 19 22 24 25 27 29 31 35 36 38 40 42 44 46 48 50 52 54 56 58 60 62 64 66 68 70 72 74 ]   sup=1
                      [2 3 6 7 9 11 13 15 17 19 22 24 25 27 29 31 35 36 38 40 43 44 46 48 ]   sup=2
                        [2 3 6 7 9 11 13 15 17 19 22 24 25 27 29 31 35 36 38 40 43 44 46 48 51 52 54 56 58 60 62 65 66 69 70 73 74 ]   sup=1
                        [2 3 6 7 9 11 13 15 17 19 22 24 25 27 29 31 35 36 38 40 43 44 46 48 50 52 54 56 58 60 62 65 66 69 70 73 74 ]   sup=1
                    [2 3 6 7 9 11 13 15 17 19 22 24 25 27 29 31 35 36 39 40 42 44 46 48 50 52 54 56 58 60 62 64 66 68 ]   sup=2
                      [2 3 6 7 9 11 13 15 17 19 22 24 25 27 29 31 35 36 39 40 42 44 46 48 50 52 54 56 58 60 62 64 66 68 71 72 74 ]   sup=1
                      [2 3 6 7 9 11 13 15 17 19 22 24 25 27 29 31 35 36 39 40 42 44 46 48 50 52 54 56 58 60 62 64 66 68 70 72 74 ]   sup=1
                  [2 3 6 7 9 11 13 15 17 19 22 24 25 27 29 31 34 36 39 40 ]   sup=7
                    [2 3 6 7 9 11 13 15 17 19 22 24 25 27 29 31 34 36 39 40 42 44 46 48 ]   sup=4
                      [2 3 6 7 9 11 13 15 17 19 22 24 25 27 29 31 34 36 39 40 42 44 46 48 50 52 54 56 58 60 62 64 66 68 ]   sup=2
                        [2 3 6 7 9 11 13 15 17 19 22 24 25 27 29 31 34 36 39 40 42 44 46 48 50 52 54 56 58 60 62 64 66 68 70 72 74 ]   sup=1
                        [2 3 6 7 9 11 13 15 17 19 22 24 25 27 29 31 34 36 39 40 42 44 46 48 50 52 54 56 58 60 62 64 66 68 71 72 74 ]   sup=1
                      [2 3 6 7 9 11 13 15 17 19 22 24 25 27 29 31 34 36 39 40 42 44 46 48 51 52 54 56 58 60 62 64 66 68 ]   sup=2
                        [2 3 6 7 9 11 13 15 17 19 22 24 25 27 29 31 34 36 39 40 42 44 46 48 51 52 54 56 58 60 62 64 66 68 71 72 74 ]   sup=1
                        [2 3 6 7 9 11 13 15 17 19 22 24 25 27 29 31 34 36 39 40 42 44 46 48 51 52 54 56 58 60 62 64 66 68 70 72 74 ]   sup=1
                    [2 3 6 7 9 11 13 15 17 19 22 24 25 27 29 31 34 36 39 40 43 44 46 48 ]   sup=3
                      [2 3 6 7 9 11 13 15 17 19 22 24 25 27 29 31 34 36 39 40 43 44 46 48 50 52 54 56 58 60 62 65 66 ]   sup=2
                        [2 3 6 7 9 11 13 15 17 19 22 24 25 27 29 31 34 36 39 40 43 44 46 48 50 52 54 56 58 60 62 65 66 68 71 72 74 ]   sup=1
                        [2 3 6 7 9 11 13 15 17 19 22 24 25 27 29 31 34 36 39 40 43 44 46 48 50 52 54 56 58 60 62 65 66 69 71 72 74 ]   sup=1
                      [2 3 6 7 9 11 13 15 17 19 22 24 25 27 29 31 34 36 39 40 43 44 46 48 51 52 54 56 58 60 62 65 66 69 71 72 74 ]   sup=1
                [2 3 6 7 9 11 13 15 17 19 22 24 25 27 29 32 ]   sup=5
                  [2 3 6 7 9 11 13 15 17 19 22 24 25 27 29 32 34 36 39 40 ]   sup=4
                    [2 3 6 7 9 11 13 15 17 19 22 24 25 27 29 32 34 36 39 40 43 44 46 48 ]   sup=2
                      [2 3 6 7 9 11 13 15 17 19 22 24 25 27 29 32 34 36 39 40 43 44 46 48 51 52 54 56 58 60 62 65 66 69 71 72 74 ]   sup=1
                      [2 3 6 7 9 11 13 15 17 19 22 24 25 27 29 32 34 36 39 40 43 44 46 48 50 52 54 56 58 60 62 65 66 69 71 72 74 ]   sup=1
                    [2 3 6 7 9 11 13 15 17 19 22 24 25 27 29 32 34 36 39 40 42 44 46 48 ]   sup=2
                      [2 3 6 7 9 11 13 15 17 19 22 24 25 27 29 32 34 36 39 40 42 44 46 48 51 52 54 56 58 60 62 64 66 68 71 72 74 ]   sup=1
                      [2 3 6 7 9 11 13 15 17 19 22 24 25 27 29 32 34 36 39 40 42 44 46 48 50 52 54 56 58 60 62 64 66 68 71 72 74 ]   sup=1
                  [2 3 6 7 9 11 13 15 17 19 22 24 25 27 29 32 35 36 39 40 42 44 46 48 50 52 54 56 58 60 62 64 66 68 71 72 74 ]   sup=1
                [2 3 6 7 9 11 13 15 17 19 22 24 25 27 29 33 35 36 38 40 42 44 46 48 50 52 54 56 58 60 62 64 66 68 70 72 74 ]   sup=1
              [2 3 6 7 9 11 13 15 17 19 22 23 ]   sup=27
                [2 3 6 7 9 11 13 15 17 19 22 23 26 27 29 31 ]   sup=8
                  [2 3 6 7 9 11 13 15 17 19 22 23 26 27 29 31 35 36 39 40 42 44 46 48 50 52 55 56 58 60 62 64 66 68 ]   sup=2
                    [2 3 6 7 9 11 13 15 17 19 22 23 26 27 29 31 35 36 39 40 42 44 46 48 50 52 55 56 58 60 62 64 66 68 70 72 75 ]   sup=1
                    [2 3 6 7 9 11 13 15 17 19 22 23 26 27 29 31 35 36 39 40 42 44 46 48 50 52 55 56 58 60 62 64 66 68 71 72 75 ]   sup=1
                  [2 3 6 7 9 11 13 15 17 19 22 23 26 27 29 31 34 36 39 40 42 44 46 48 ]   sup=6
                    [2 3 6 7 9 11 13 15 17 19 22 23 26 27 29 31 34 36 39 40 42 44 46 48 51 52 54 56 58 60 62 64 66 69 71 72 74 ]   sup=1
                    [2 3 6 7 9 11 13 15 17 19 22 23 26 27 29 31 34 36 39 40 42 44 46 48 50 52 ]   sup=5
                      [2 3 6 7 9 11 13 15 17 19 22 23 26 27 29 31 34 36 39 40 42 44 46 48 50 52 55 56 58 60 62 64 66 ]   sup=3
                        [2 3 6 7 9 11 13 15 17 19 22 23 26 27 29 31 34 36 39 40 42 44 46 48 50 52 55 56 58 60 62 64 66 69 ]   sup=2
                          [2 3 6 7 9 11 13 15 17 19 22 23 26 27 29 31 34 36 39 40 42 44 46 48 50 52 55 56 58 60 62 64 66 69 70 72 74 ]   sup=1
                          [2 3 6 7 9 11 13 15 17 19 22 23 26 27 29 31 34 36 39 40 42 44 46 48 50 52 55 56 58 60 62 64 66 69 71 72 74 ]   sup=1
                        [2 3 6 7 9 11 13 15 17 19 22 23 26 27 29 31 34 36 39 40 42 44 46 48 50 52 55 56 58 60 62 64 66 68 71 72 75 ]   sup=1
                      [2 3 6 7 9 11 13 15 17 19 22 23 26 27 29 31 34 36 39 40 42 44 46 48 50 52 54 56 58 60 62 64 66 ]   sup=2
                        [2 3 6 7 9 11 13 15 17 19 22 23 26 27 29 31 34 36 39 40 42 44 46 48 50 52 54 56 58 60 62 64 66 69 70 72 74 ]   sup=1
                        [2 3 6 7 9 11 13 15 17 19 22 23 26 27 29 31 34 36 39 40 42 44 46 48 50 52 54 56 58 60 62 64 66 68 71 72 74 ]   sup=1
                [2 3 6 7 9 11 13 15 17 19 22 23 25 27 29 ]   sup=19
                  [2 3 6 7 9 11 13 15 17 19 22 23 25 27 29 31 ]   sup=17
                    [2 3 6 7 9 11 13 15 17 19 22 23 25 27 29 31 34 36 39 40 ]   sup=13
                      [2 3 6 7 9 11 13 15 17 19 22 23 25 27 29 31 34 36 39 40 42 44 46 48 ]   sup=9
                        [2 3 6 7 9 11 13 15 17 19 22 23 25 27 29 31 34 36 39 40 42 44 46 48 50 52 ]   sup=7
                          [2 3 6 7 9 11 13 15 17 19 22 23 25 27 29 31 34 36 39 40 42 44 46 48 50 52 54 56 58 60 62 64 66 ]   sup=3
                            [2 3 6 7 9 11 13 15 17 19 22 23 25 27 29 31 34 36 39 40 42 44 46 48 50 52 54 56 58 60 62 64 66 69 ]   sup=2
                              [2 3 6 7 9 11 13 15 17 19 22 23 25 27 29 31 34 36 39 40 42 44 46 48 50 52 54 56 58 60 62 64 66 69 71 72 74 ]   sup=1
                              [2 3 6 7 9 11 13 15 17 19 22 23 25 27 29 31 34 36 39 40 42 44 46 48 50 52 54 56 58 60 62 64 66 69 70 72 74 ]   sup=1
                            [2 3 6 7 9 11 13 15 17 19 22 23 25 27 29 31 34 36 39 40 42 44 46 48 50 52 54 56 58 60 62 64 66 68 71 72 74 ]   sup=1
                          [2 3 6 7 9 11 13 15 17 19 22 23 25 27 29 31 34 36 39 40 42 44 46 48 50 52 55 56 58 60 62 64 66 ]   sup=4
                            [2 3 6 7 9 11 13 15 17 19 22 23 25 27 29 31 34 36 39 40 42 44 46 48 50 52 55 56 58 60 62 64 66 68 ]   sup=2
                              [2 3 6 7 9 11 13 15 17 19 22 23 25 27 29 31 34 36 39 40 42 44 46 48 50 52 55 56 58 60 62 64 66 68 71 72 75 ]   sup=1
                              [2 3 6 7 9 11 13 15 17 19 22 23 25 27 29 31 34 36 39 40 42 44 46 48 50 52 55 56 58 60 62 64 66 68 70 72 75 ]   sup=1
                            [2 3 6 7 9 11 13 15 17 19 22 23 25 27 29 31 34 36 39 40 42 44 46 48 50 52 55 56 58 60 62 64 66 69 ]   sup=2
                              [2 3 6 7 9 11 13 15 17 19 22 23 25 27 29 31 34 36 39 40 42 44 46 48 50 52 55 56 58 60 62 64 66 69 70 72 74 ]   sup=1
                              [2 3 6 7 9 11 13 15 17 19 22 23 25 27 29 31 34 36 39 40 42 44 46 48 50 52 55 56 58 60 62 64 66 69 71 72 74 ]   sup=1
                        [2 3 6 7 9 11 13 15 17 19 22 23 25 27 29 31 34 36 39 40 42 44 46 48 51 52 ]   sup=2
                          [2 3 6 7 9 11 13 15 17 19 22 23 25 27 29 31 34 36 39 40 42 44 46 48 51 52 55 56 58 60 62 64 66 68 71 72 75 ]   sup=1
                          [2 3 6 7 9 11 13 15 17 19 22 23 25 27 29 31 34 36 39 40 42 44 46 48 51 52 54 56 58 60 62 64 66 69 71 72 74 ]   sup=1
                      [2 3 6 7 9 11 13 15 17 19 22 23 25 27 29 31 34 36 39 40 43 44 46 48 ]   sup=4
                        [2 3 6 7 9 11 13 15 17 19 22 23 25 27 29 31 34 36 39 40 43 44 46 48 51 52 54 56 58 60 62 ]   sup=2
                          [2 3 6 7 9 11 13 15 17 19 22 23 25 27 29 31 34 36 39 40 43 44 46 48 51 52 54 56 58 60 62 65 67 69 70 73 74 ]   sup=1
                          [2 3 6 7 9 11 13 15 17 19 22 23 25 27 29 31 34 36 39 40 43 44 46 48 51 52 54 56 58 60 62 64 67 68 71 73 74 ]   sup=1
                        [2 3 6 7 9 11 13 15 17 19 22 23 25 27 29 31 34 36 39 40 43 44 46 48 50 52 54 56 58 60 62 ]   sup=2
                          [2 3 6 7 9 11 13 15 17 19 22 23 25 27 29 31 34 36 39 40 43 44 46 48 50 52 54 56 58 60 62 64 67 68 71 73 74 ]   sup=1
                          [2 3 6 7 9 11 13 15 17 19 22 23 25 27 29 31 34 36 39 40 43 44 46 48 50 52 54 56 58 60 62 65 67 69 70 73 74 ]   sup=1
                    [2 3 6 7 9 11 13 15 17 19 22 23 25 27 29 31 35 36 ]   sup=4
                      [2 3 6 7 9 11 13 15 17 19 22 23 25 27 29 31 35 36 39 40 43 44 46 48 50 52 54 56 58 60 62 ]   sup=2
                        [2 3 6 7 9 11 13 15 17 19 22 23 25 27 29 31 35 36 39 40 43 44 46 48 50 52 54 56 58 60 62 65 67 69 70 73 74 ]   sup=1
                        [2 3 6 7 9 11 13 15 17 19 22 23 25 27 29 31 35 36 39 40 43 44 46 48 50 52 54 56 58 60 62 64 67 68 71 73 74 ]   sup=1
                      [2 3 6 7 9 11 13 15 17 19 22 23 25 27 29 31 35 36 38 40 ]   sup=2
                        [2 3 6 7 9 11 13 15 17 19 22 23 25 27 29 31 35 36 38 40 42 44 46 48 50 52 55 56 58 60 62 64 66 68 70 72 75 ]   sup=1
                        [2 3 6 7 9 11 13 15 17 19 22 23 25 27 29 31 35 36 38 40 43 44 46 48 50 52 54 56 58 60 62 64 67 68 70 73 74 ]   sup=1
                  [2 3 6 7 9 11 13 15 17 19 22 23 25 27 29 33 35 36 38 40 43 44 46 48 ]   sup=2
                    [2 3 6 7 9 11 13 15 17 19 22 23 25 27 29 33 35 36 38 40 43 44 46 48 50 52 54 56 58 60 62 65 67 69 70 73 74 ]   sup=1
                    [2 3 6 7 9 11 13 15 17 19 22 23 25 27 29 33 35 36 38 40 43 44 46 48 51 52 54 56 58 60 62 65 67 69 70 73 74 ]   sup=1
        [2 3 6 7 10 11 ]   sup=8
          [2 3 6 7 10 11 14 15 17 19 22 ]   sup=7
            [2 3 6 7 10 11 14 15 17 19 22 23 25 27 29 31 ]   sup=4
              [2 3 6 7 10 11 14 15 17 19 22 23 25 27 29 31 34 36 39 40 42 44 46 48 51 52 ]   sup=2
                [2 3 6 7 10 11 14 15 17 19 22 23 25 27 29 31 34 36 39 40 42 44 46 48 51 52 55 56 58 60 62 64 66 68 71 72 75 ]   sup=1
                [2 3 6 7 10 11 14 15 17 19 22 23 25 27 29 31 34 36 39 40 42 44 46 48 51 52 54 56 58 60 62 64 66 68 71 72 74 ]   sup=1
              [2 3 6 7 10 11 14 15 17 19 22 23 25 27 29 31 35 36 38 40 42 44 46 48 51 52 55 56 58 60 62 64 66 ]   sup=2
                [2 3 6 7 10 11 14 15 17 19 22 23 25 27 29 31 35 36 38 40 42 44 46 48 51 52 55 56 58 60 62 64 66 69 70 72 74 ]   sup=1
                [2 3 6 7 10 11 14 15 17 19 22 23 25 27 29 31 35 36 38 40 42 44 46 48 51 52 55 56 58 60 62 64 66 68 70 72 75 ]   sup=1
            [2 3 6 7 10 11 14 15 17 19 22 24 25 27 29 ]   sup=3
              [2 3 6 7 10 11 14 15 17 19 22 24 25 27 29 33 35 36 38 40 42 44 46 48 51 52 54 56 58 60 62 64 66 68 70 72 74 ]   sup=1
              [2 3 6 7 10 11 14 15 17 19 22 24 25 27 29 31 ]   sup=2
                [2 3 6 7 10 11 14 15 17 19 22 24 25 27 29 31 34 36 39 40 43 44 46 48 51 52 54 56 58 60 62 65 66 69 71 72 74 ]   sup=1
                [2 3 6 7 10 11 14 15 17 19 22 24 25 27 29 31 35 36 38 40 42 44 46 48 51 52 54 56 58 60 62 64 66 68 70 72 74 ]   sup=1
          [2 3 6 7 10 11 13 15 17 19 22 23 25 27 29 31 35 36 38 40 43 44 46 48 51 52 54 56 58 60 62 64 67 68 70 73 74 ]   sup=1
      [2 3 5 ]   sup=1263
        [2 3 5 8 ]   sup=46
          [2 3 5 8 10 12 13 16 18 20 22 23 25 28 29 31 34 36 39 40 42 44 46 48 51 52 55 56 58 60 62 64 66 69 71 72 75 ]   sup=1
          [2 3 5 8 9 ]   sup=45
            [2 3 5 8 9 12 ]   sup=26
              [2 3 5 8 9 12 13 16 18 20 22 23 25 ]   sup=14
                [2 3 5 8 9 12 13 16 18 20 22 23 25 27 29 31 34 36 39 40 42 44 46 48 51 52 ]   sup=5
                  [2 3 5 8 9 12 13 16 18 20 22 23 25 27 29 31 34 36 39 40 42 44 46 48 51 52 55 56 58 60 62 64 66 ]   sup=2
                    [2 3 5 8 9 12 13 16 18 20 22 23 25 27 29 31 34 36 39 40 42 44 46 48 51 52 55 56 58 60 62 64 66 68 71 72 75 ]   sup=1
                    [2 3 5 8 9 12 13 16 18 20 22 23 25 27 29 31 34 36 39 40 42 44 46 48 51 52 55 56 58 60 62 64 66 69 71 72 75 ]   sup=1
                  [2 3 5 8 9 12 13 16 18 20 22 23 25 27 29 31 34 36 39 40 42 44 46 48 51 52 54 56 58 60 62 64 66 ]   sup=3
                    [2 3 5 8 9 12 13 16 18 20 22 23 25 27 29 31 34 36 39 40 42 44 46 48 51 52 54 56 58 60 62 64 66 68 71 72 ]   sup=2
                      [2 3 5 8 9 12 13 16 18 20 22 23 25 27 29 31 34 36 39 40 42 44 46 48 51 52 54 56 58 60 62 64 66 68 71 72 75 ]   sup=1
                      [2 3 5 8 9 12 13 16 18 20 22 23 25 27 29 31 34 36 39 40 42 44 46 48 51 52 54 56 58 60 62 64 66 68 71 72 74 ]   sup=1
                    [2 3 5 8 9 12 13 16 18 20 22 23 25 27 29 31 34 36 39 40 42 44 46 48 51 52 54 56 58 60 62 64 66 69 71 72 74 ]   sup=1
                [2 3 5 8 9 12 13 16 18 20 22 23 25 28 29 31 34 36 ]   sup=9
                  [2 3 5 8 9 12 13 16 18 20 22 23 25 28 29 31 34 36 39 40 42 44 46 48 51 52 ]   sup=3
                    [2 3 5 8 9 12 13 16 18 20 22 23 25 28 29 31 34 36 39 40 42 44 46 48 51 52 54 56 58 60 62 64 66 68 71 72 74 ]   sup=1
                    [2 3 5 8 9 12 13 16 18 20 22 23 25 28 29 31 34 36 39 40 42 44 46 48 51 52 55 56 58 60 62 64 66 68 71 72 ]   sup=2
                      [2 3 5 8 9 12 13 16 18 20 22 23 25 28 29 31 34 36 39 40 42 44 46 48 51 52 55 56 58 60 62 64 66 68 71 72 74 ]   sup=1
                      [2 3 5 8 9 12 13 16 18 20 22 23 25 28 29 31 34 36 39 40 42 44 46 48 51 52 55 56 58 60 62 64 66 68 71 72 75 ]   sup=1
                  [2 3 5 8 9 12 13 16 18 20 22 23 25 28 29 31 34 36 38 40 42 44 46 48 51 52 ]   sup=6
                    [2 3 5 8 9 12 13 16 18 20 22 23 25 28 29 31 34 36 38 40 42 44 46 48 51 52 54 56 58 60 62 64 66 ]   sup=3
                      [2 3 5 8 9 12 13 16 18 20 22 23 25 28 29 31 34 36 38 40 42 44 46 48 51 52 54 56 58 60 62 64 66 69 71 72 74 ]   sup=1
                      [2 3 5 8 9 12 13 16 18 20 22 23 25 28 29 31 34 36 38 40 42 44 46 48 51 52 54 56 58 60 62 64 66 68 71 72 ]   sup=2
                        [2 3 5 8 9 12 13 16 18 20 22 23 25 28 29 31 34 36 38 40 42 44 46 48 51 52 54 56 58 60 62 64 66 68 71 72 75 ]   sup=1
                        [2 3 5 8 9 12 13 16 18 20 22 23 25 28 29 31 34 36 38 40 42 44 46 48 51 52 54 56 58 60 62 64 66 68 71 72 74 ]   sup=1
                    [2 3 5 8 9 12 13 16 18 20 22 23 25 28 29 31 34 36 38 40 42 44 46 48 51 52 55 56 58 60 62 64 66 ]   sup=3
                      [2 3 5 8 9 12 13 16 18 20 22 23 25 28 29 31 34 36 38 40 42 44 46 48 51 52 55 56 58 60 62 64 66 69 71 72 74 ]   sup=1
                      [2 3 5 8 9 12 13 16 18 20 22 23 25 28 29 31 34 36 38 40 42 44 46 48 51 52 55 56 58 60 62 64 66 68 71 72 ]   sup=2
                        [2 3 5 8 9 12 13 16 18 20 22 23 25 28 29 31 34 36 38 40 42 44 46 48 51 52 55 56 58 60 62 64 66 68 71 72 74 ]   sup=1
                        [2 3 5 8 9 12 13 16 18 20 22 23 25 28 29 31 34 36 38 40 42 44 46 48 51 52 55 56 58 60 62 64 66 68 71 72 75 ]   sup=1
              [2 3 5 8 9 12 14 16 17 19 ]   sup=12
                [2 3 5 8 9 12 14 16 17 19 22 ]   sup=7
                  [2 3 5 8 9 12 14 16 17 19 22 23 25 ]   sup=5
                    [2 3 5 8 9 12 14 16 17 19 22 23 25 27 29 31 34 36 38 40 42 44 46 48 51 52 54 56 58 60 62 64 66 68 70 72 74 ]   sup=1
                    [2 3 5 8 9 12 14 16 17 19 22 23 25 28 29 31 34 36 38 40 42 44 46 48 51 52 ]   sup=4
                      [2 3 5 8 9 12 14 16 17 19 22 23 25 28 29 31 34 36 38 40 42 44 46 48 51 52 55 56 58 60 62 64 66 ]   sup=3
                        [2 3 5 8 9 12 14 16 17 19 22 23 25 28 29 31 34 36 38 40 42 44 46 48 51 52 55 56 58 60 62 64 66 68 70 72 ]   sup=2
                          [2 3 5 8 9 12 14 16 17 19 22 23 25 28 29 31 34 36 38 40 42 44 46 48 51 52 55 56 58 60 62 64 66 68 70 72 75 ]   sup=1
                          [2 3 5 8 9 12 14 16 17 19 22 23 25 28 29 31 34 36 38 40 42 44 46 48 51 52 55 56 58 60 62 64 66 68 70 72 74 ]   sup=1
                        [2 3 5 8 9 12 14 16 17 19 22 23 25 28 29 31 34 36 38 40 42 44 46 48 51 52 55 56 58 60 62 64 66 69 70 72 75 ]   sup=1
                      [2 3 5 8 9 12 14 16 17 19 22 23 25 28 29 31 34 36 38 40 42 44 46 48 51 52 54 56 58 60 62 64 66 68 70 72 74 ]   sup=1
                  [2 3 5 8 9 12 14 16 17 19 22 24 25 28 29 ]   sup=2
                    [2 3 5 8 9 12 14 16 17 19 22 24 25 28 29 33 34 36 38 40 42 44 46 48 51 52 54 56 58 60 62 64 66 68 70 72 74 ]   sup=1
                    [2 3 5 8 9 12 14 16 17 19 22 24 25 28 29 31 34 36 38 40 42 44 46 48 51 52 54 56 58 60 62 64 66 68 70 72 74 ]   sup=1
                [2 3 5 8 9 12 14 16 17 19 21 23 25 ]   sup=5
                  [2 3 5 8 9 12 14 16 17 19 21 23 25 27 29 31 34 36 ]   sup=3
                    [2 3 5 8 9 12 14 16 17 19 21 23 25 27 29 31 34 36 39 40 42 44 46 48 51 52 ]   sup=2
                      [2 3 5 8 9 12 14 16 17 19 21 23 25 27 29 31 34 36 39 40 42 44 46 48 51 52 55 56 58 60 62 64 66 69 71 72 75 ]   sup=1
                      [2 3 5 8 9 12 14 16 17 19 21 23 25 27 29 31 34 36 39 40 42 44 46 48 51 52 54 56 58 60 62 64 66 69 71 72 74 ]   sup=1
                    [2 3 5 8 9 12 14 16 17 19 21 23 25 27 29 31 34 36 38 40 42 44 46 48 51 52 54 56 58 60 62 64 66 69 71 72 74 ]   sup=1
                  [2 3 5 8 9 12 14 16 17 19 21 23 25 28 29 31 34 36 38 40 42 44 46 48 51 52 ]   sup=2
                    [2 3 5 8 9 12 14 16 17 19 21 23 25 28 29 31 34 36 38 40 42 44 46 48 51 52 54 56 58 60 62 64 66 69 71 72 74 ]   sup=1
                    [2 3 5 8 9 12 14 16 17 19 21 23 25 28 29 31 34 36 38 40 42 44 46 48 51 52 55 56 58 60 62 64 66 69 71 72 74 ]   sup=1
            [2 3 5 8 9 11 ]   sup=19
              [2 3 5 8 9 11 13 16 18 20 22 23 25 ]   sup=8
                [2 3 5 8 9 11 13 16 18 20 22 23 25 28 29 31 34 36 38 40 42 44 46 48 51 52 54 56 58 60 62 64 66 68 71 72 ]   sup=2
                  [2 3 5 8 9 11 13 16 18 20 22 23 25 28 29 31 34 36 38 40 42 44 46 48 51 52 54 56 58 60 62 64 66 68 71 72 75 ]   sup=1
                  [2 3 5 8 9 11 13 16 18 20 22 23 25 28 29 31 34 36 38 40 42 44 46 48 51 52 54 56 58 60 62 64 66 68 71 72 74 ]   sup=1
                [2 3 5 8 9 11 13 16 18 20 22 23 25 27 29 31 34 36 ]   sup=6
                  [2 3 5 8 9 11 13 16 18 20 22 23 25 27 29 31 34 36 39 40 42 44 46 48 51 52 ]   sup=5
                    [2 3 5 8 9 11 13 16 18 20 22 23 25 27 29 31 34 36 39 40 42 44 46 48 51 52 55 56 58 60 62 64 66 ]   sup=2
                      [2 3 5 8 9 11 13 16 18 20 22 23 25 27 29 31 34 36 39 40 42 44 46 48 51 52 55 56 58 60 62 64 66 69 71 72 75 ]   sup=1
                      [2 3 5 8 9 11 13 16 18 20 22 23 25 27 29 31 34 36 39 40 42 44 46 48 51 52 55 56 58 60 62 64 66 68 71 72 75 ]   sup=1
                    [2 3 5 8 9 11 13 16 18 20 22 23 25 27 29 31 34 36 39 40 42 44 46 48 51 52 54 56 58 60 62 64 66 ]   sup=3
                      [2 3 5 8 9 11 13 16 18 20 22 23 25 27 29 31 34 36 39 40 42 44 46 48 51 52 54 56 58 60 62 64 66 68 71 72 ]   sup=2
                        [2 3 5 8 9 11 13 16 18 20 22 23 25 27 29 31 34 36 39 40 42 44 46 48 51 52 54 56 58 60 62 64 66 68 71 72 74 ]   sup=1
                        [2 3 5 8 9 11 13 16 18 20 22 23 25 27 29 31 34 36 39 40 42 44 46 48 51 52 54 56 58 60 62 64 66 68 71 72 75 ]   sup=1
                      [2 3 5 8 9 11 13 16 18 20 22 23 25 27 29 31 34 36 39 40 42 44 46 48 51 52 54 56 58 60 62 64 66 69 71 72 74 ]   sup=1
                  [2 3 5 8 9 11 13 16 18 20 22 23 25 27 29 31 34 36 38 40 42 44 46 48 51 52 55 56 58 60 62 64 66 68 71 72 75 ]   sup=1
              [2 3 5 8 9 11 14 ]   sup=11
                [2 3 5 8 9 11 14 15 17 19 21 23 25 ]   sup=3
                  [2 3 5 8 9 11 14 15 17 19 21 23 25 27 29 31 34 36 39 40 42 44 46 48 51 52 54 56 58 60 62 64 66 69 71 72 74 ]   sup=1
                  [2 3 5 8 9 11 14 15 17 19 21 23 25 28 29 31 34 36 38 40 42 44 46 48 51 52 ]   sup=2
                    [2 3 5 8 9 11 14 15 17 19 21 23 25 28 29 31 34 36 38 40 42 44 46 48 51 52 54 56 58 60 62 64 66 69 71 72 74 ]   sup=1
                    [2 3 5 8 9 11 14 15 17 19 21 23 25 28 29 31 34 36 38 40 42 44 46 48 51 52 55 56 58 60 62 64 66 69 71 72 74 ]   sup=1
                [2 3 5 8 9 11 14 16 17 19 22 ]   sup=8
                  [2 3 5 8 9 11 14 16 17 19 22 24 25 ]   sup=4
                    [2 3 5 8 9 11 14 16 17 19 22 24 25 28 29 ]   sup=2
                      [2 3 5 8 9 11 14 16 17 19 22 24 25 28 29 31 34 36 38 40 42 44 46 48 51 52 54 56 58 60 62 64 66 68 70 72 74 ]   sup=1
                      [2 3 5 8 9 11 14 16 17 19 22 24 25 28 29 33 34 36 38 40 42 44 46 48 51 52 54 56 58 60 62 64 66 68 70 72 74 ]   sup=1
                    [2 3 5 8 9 11 14 16 17 19 22 24 25 27 29 ]   sup=2
                      [2 3 5 8 9 11 14 16 17 19 22 24 25 27 29 33 34 36 38 40 43 44 46 48 51 52 54 56 58 60 62 64 66 68 70 72 74 ]   sup=1
                      [2 3 5 8 9 11 14 16 17 19 22 24 25 27 29 31 34 36 38 40 42 44 46 48 51 52 54 56 58 60 62 64 66 68 70 72 74 ]   sup=1
                  [2 3 5 8 9 11 14 16 17 19 22 23 25 27 29 31 34 36 38 40 42 44 46 48 51 52 ]   sup=4
                    [2 3 5 8 9 11 14 16 17 19 22 23 25 27 29 31 34 36 38 40 42 44 46 48 51 52 54 56 58 60 62 64 66 68 70 72 74 ]   sup=1
                    [2 3 5 8 9 11 14 16 17 19 22 23 25 27 29 31 34 36 38 40 42 44 46 48 51 52 55 56 58 60 62 64 66 ]   sup=3
                      [2 3 5 8 9 11 14 16 17 19 22 23 25 27 29 31 34 36 38 40 42 44 46 48 51 52 55 56 58 60 62 64 66 68 70 72 ]   sup=2
                        [2 3 5 8 9 11 14 16 17 19 22 23 25 27 29 31 34 36 38 40 42 44 46 48 51 52 55 56 58 60 62 64 66 68 70 72 75 ]   sup=1
                        [2 3 5 8 9 11 14 16 17 19 22 23 25 27 29 31 34 36 38 40 42 44 46 48 51 52 55 56 58 60 62 64 66 68 70 72 74 ]   sup=1
                      [2 3 5 8 9 11 14 16 17 19 22 23 25 27 29 31 34 36 38 40 42 44 46 48 51 52 55 56 58 60 62 64 66 69 70 72 75 ]   sup=1
        [2 3 5 7 ]   sup=1217
          [2 3 5 7 10 ]   sup=114
            [2 3 5 7 10 12 ]   sup=68
              [2 3 5 7 10 12 14 ]   sup=47
                [2 3 5 7 10 12 14 16 18 20 ]   sup=12
                  [2 3 5 7 10 12 14 16 18 20 21 23 25 ]   sup=9
                    [2 3 5 7 10 12 14 16 18 20 21 23 25 27 29 31 34 36 ]   sup=4
                      [2 3 5 7 10 12 14 16 18 20 21 23 25 27 29 31 34 36 39 40 42 44 46 48 51 52 ]   sup=2
                        [2 3 5 7 10 12 14 16 18 20 21 23 25 27 29 31 34 36 39 40 42 44 46 48 51 52 54 56 58 60 62 64 66 69 71 72 74 ]   sup=1
                        [2 3 5 7 10 12 14 16 18 20 21 23 25 27 29 31 34 36 39 40 42 44 46 48 51 52 55 56 58 60 62 64 66 69 71 72 75 ]   sup=1
                      [2 3 5 7 10 12 14 16 18 20 21 23 25 27 29 31 34 36 38 40 42 44 ]   sup=2
                        [2 3 5 7 10 12 14 16 18 20 21 23 25 27 29 31 34 36 38 40 42 44 46 48 51 52 54 56 58 60 62 64 66 69 71 72 74 ]   sup=1
                        [2 3 5 7 10 12 14 16 18 20 21 23 25 27 29 31 34 36 38 40 42 44 47 48 50 52 55 56 58 60 62 64 66 69 70 72 75 ]   sup=1
                    [2 3 5 7 10 12 14 16 18 20 21 23 25 28 29 31 34 36 ]   sup=5
                      [2 3 5 7 10 12 14 16 18 20 21 23 25 28 29 31 34 36 39 40 42 44 46 48 51 52 55 56 58 60 62 64 66 69 71 72 75 ]   sup=1
                      [2 3 5 7 10 12 14 16 18 20 21 23 25 28 29 31 34 36 38 40 42 44 ]   sup=4
                        [2 3 5 7 10 12 14 16 18 20 21 23 25 28 29 31 34 36 38 40 42 44 46 48 ]   sup=3
                          [2 3 5 7 10 12 14 16 18 20 21 23 25 28 29 31 34 36 38 40 42 44 46 48 51 52 ]   sup=2
                            [2 3 5 7 10 12 14 16 18 20 21 23 25 28 29 31 34 36 38 40 42 44 46 48 51 52 54 56 58 60 62 64 66 69 71 72 74 ]   sup=1
                            [2 3 5 7 10 12 14 16 18 20 21 23 25 28 29 31 34 36 38 40 42 44 46 48 51 52 55 56 58 60 62 64 66 69 71 72 74 ]   sup=1
                          [2 3 5 7 10 12 14 16 18 20 21 23 25 28 29 31 34 36 38 40 42 44 46 48 50 52 55 56 58 60 62 64 66 69 71 72 75 ]   sup=1
                        [2 3 5 7 10 12 14 16 18 20 21 23 25 28 29 31 34 36 38 40 42 44 47 48 50 52 55 56 58 60 62 64 66 69 70 72 75 ]   sup=1
                  [2 3 5 7 10 12 14 16 18 20 22 ]   sup=3
                    [2 3 5 7 10 12 14 16 18 20 22 24 25 28 29 31 34 36 38 40 42 44 46 48 51 52 54 56 58 60 62 64 66 68 70 72 74 ]   sup=1
                    [2 3 5 7 10 12 14 16 18 20 22 23 25 28 29 31 34 36 38 40 42 44 46 48 51 52 ]   sup=2
                      [2 3 5 7 10 12 14 16 18 20 22 23 25 28 29 31 34 36 38 40 42 44 46 48 51 52 54 56 58 60 62 64 66 68 70 72 74 ]   sup=1
                      [2 3 5 7 10 12 14 16 18 20 22 23 25 28 29 31 34 36 38 40 42 44 46 48 51 52 55 56 58 60 62 64 66 68 70 72 75 ]   sup=1
                [2 3 5 7 10 12 14 15 17 ]   sup=35
                  [2 3 5 7 10 12 14 15 17 19 21 23 25 ]   sup=31
                    [2 3 5 7 10 12 14 15 17 19 21 23 25 27 29 31 ]   sup=15
                      [2 3 5 7 10 12 14 15 17 19 21 23 25 27 29 31 35 36 ]   sup=5
                        [2 3 5 7 10 12 14 15 17 19 21 23 25 27 29 31 35 36 39 40 42 44 46 48 51 52 ]   sup=3
                          [2 3 5 7 10 12 14 15 17 19 21 23 25 27 29 31 35 36 39 40 42 44 46 48 51 52 54 57 58 60 62 64 66 69 71 72 75 ]   sup=1
                          [2 3 5 7 10 12 14 15 17 19 21 23 25 27 29 31 35 36 39 40 42 44 46 48 51 52 55 ]   sup=2
                            [2 3 5 7 10 12 14 15 17 19 21 23 25 27 29 31 35 36 39 40 42 44 46 48 51 52 55 56 58 60 62 64 66 69 71 72 74 ]   sup=1
                            [2 3 5 7 10 12 14 15 17 19 21 23 25 27 29 31 35 36 39 40 42 44 46 48 51 52 55 57 58 60 62 64 66 69 71 72 75 ]   sup=1
                        [2 3 5 7 10 12 14 15 17 19 21 23 25 27 29 31 35 36 38 40 42 44 46 48 50 52 55 ]   sup=2
                          [2 3 5 7 10 12 14 15 17 19 21 23 25 27 29 31 35 36 38 40 42 44 46 48 50 52 55 57 58 60 62 64 66 69 71 72 75 ]   sup=1
                          [2 3 5 7 10 12 14 15 17 19 21 23 25 27 29 31 35 36 38 40 42 44 46 48 50 52 55 56 58 60 62 64 66 69 71 72 74 ]   sup=1
                      [2 3 5 7 10 12 14 15 17 19 21 23 25 27 29 31 34 36 ]   sup=10
                        [2 3 5 7 10 12 14 15 17 19 21 23 25 27 29 31 34 36 39 40 42 44 46 48 ]   sup=5
                          [2 3 5 7 10 12 14 15 17 19 21 23 25 27 29 31 34 36 39 40 42 44 46 48 51 52 54 ]   sup=2
                            [2 3 5 7 10 12 14 15 17 19 21 23 25 27 29 31 34 36 39 40 42 44 46 48 51 52 54 57 58 60 62 64 66 69 71 72 75 ]   sup=1
                            [2 3 5 7 10 12 14 15 17 19 21 23 25 27 29 31 34 36 39 40 42 44 46 48 51 52 54 56 58 60 62 64 66 69 71 72 75 ]   sup=1
                          [2 3 5 7 10 12 14 15 17 19 21 23 25 27 29 31 34 36 39 40 42 44 46 48 50 52 ]   sup=3
                            [2 3 5 7 10 12 14 15 17 19 21 23 25 27 29 31 34 36 39 40 42 44 46 48 50 52 54 57 58 60 63 64 66 69 71 72 75 ]   sup=1
                            [2 3 5 7 10 12 14 15 17 19 21 23 25 27 29 31 34 36 39 40 42 44 46 48 50 52 55 57 58 60 ]   sup=2
                              [2 3 5 7 10 12 14 15 17 19 21 23 25 27 29 31 34 36 39 40 42 44 46 48 50 52 55 57 58 60 63 64 66 69 71 72 75 ]   sup=1
                              [2 3 5 7 10 12 14 15 17 19 21 23 25 27 29 31 34 36 39 40 42 44 46 48 50 52 55 57 58 60 62 64 66 69 71 72 75 ]   sup=1
                        [2 3 5 7 10 12 14 15 17 19 21 23 25 27 29 31 34 36 38 40 42 44 46 48 50 52 ]   sup=5
                          [2 3 5 7 10 12 14 15 17 19 21 23 25 27 29 31 34 36 38 40 42 44 46 48 50 52 54 ]   sup=2
                            [2 3 5 7 10 12 14 15 17 19 21 23 25 27 29 31 34 36 38 40 42 44 46 48 50 52 54 56 58 60 62 64 66 69 70 72 75 ]   sup=1
                            [2 3 5 7 10 12 14 15 17 19 21 23 25 27 29 31 34 36 38 40 42 44 46 48 50 52 54 57 58 60 63 64 66 69 70 72 75 ]   sup=1
                          [2 3 5 7 10 12 14 15 17 19 21 23 25 27 29 31 34 36 38 40 42 44 46 48 50 52 55 ]   sup=3
                            [2 3 5 7 10 12 14 15 17 19 21 23 25 27 29 31 34 36 38 40 42 44 46 48 50 52 55 57 58 60 ]   sup=2
                              [2 3 5 7 10 12 14 15 17 19 21 23 25 27 29 31 34 36 38 40 42 44 46 48 50 52 55 57 58 60 63 64 66 69 70 72 75 ]   sup=1
                              [2 3 5 7 10 12 14 15 17 19 21 23 25 27 29 31 34 36 38 40 42 44 46 48 50 52 55 57 58 60 62 64 66 69 70 72 75 ]   sup=1
                            [2 3 5 7 10 12 14 15 17 19 21 23 25 27 29 31 34 36 38 40 42 44 46 48 50 52 55 56 58 60 62 64 66 69 70 72 74 ]   sup=1
                    [2 3 5 7 10 12 14 15 17 19 21 23 25 28 29 31 ]   sup=16
                      [2 3 5 7 10 12 14 15 17 19 21 23 25 28 29 31 35 36 ]   sup=6
                        [2 3 5 7 10 12 14 15 17 19 21 23 25 28 29 31 35 36 38 40 42 44 46 48 50 52 ]   sup=3
                          [2 3 5 7 10 12 14 15 17 19 21 23 25 28 29 31 35 36 38 40 42 44 46 48 50 52 54 ]   sup=2
                            [2 3 5 7 10 12 14 15 17 19 21 23 25 28 29 31 35 36 38 40 42 44 46 48 50 52 54 56 58 60 62 64 66 69 71 72 74 ]   sup=1
                            [2 3 5 7 10 12 14 15 17 19 21 23 25 28 29 31 35 36 38 40 42 44 46 48 50 52 54 57 58 60 62 64 66 69 71 72 75 ]   sup=1
                          [2 3 5 7 10 12 14 15 17 19 21 23 25 28 29 31 35 36 38 40 42 44 46 48 50 52 55 56 58 60 62 64 66 69 71 72 74 ]   sup=1
                        [2 3 5 7 10 12 14 15 17 19 21 23 25 28 29 31 35 36 39 40 42 44 46 48 51 52 ]   sup=3
                          [2 3 5 7 10 12 14 15 17 19 21 23 25 28 29 31 35 36 39 40 42 44 46 48 51 52 54 ]   sup=2
                            [2 3 5 7 10 12 14 15 17 19 21 23 25 28 29 31 35 36 39 40 42 44 46 48 51 52 54 57 58 60 62 64 66 69 71 72 75 ]   sup=1
                            [2 3 5 7 10 12 14 15 17 19 21 23 25 28 29 31 35 36 39 40 42 44 46 48 51 52 54 56 58 60 62 64 66 69 71 72 74 ]   sup=1
                          [2 3 5 7 10 12 14 15 17 19 21 23 25 28 29 31 35 36 39 40 42 44 46 48 51 52 55 56 58 60 62 64 66 69 71 72 74 ]   sup=1
                      [2 3 5 7 10 12 14 15 17 19 21 23 25 28 29 31 34 36 ]   sup=10
                        [2 3 5 7 10 12 14 15 17 19 21 23 25 28 29 31 34 36 39 40 42 44 46 48 51 52 ]   sup=3
                          [2 3 5 7 10 12 14 15 17 19 21 23 25 28 29 31 34 36 39 40 42 44 46 48 51 52 54 ]   sup=2
                            [2 3 5 7 10 12 14 15 17 19 21 23 25 28 29 31 34 36 39 40 42 44 46 48 51 52 54 57 58 60 62 64 66 69 71 72 75 ]   sup=1
                            [2 3 5 7 10 12 14 15 17 19 21 23 25 28 29 31 34 36 39 40 42 44 46 48 51 52 54 56 58 60 62 64 66 69 71 72 75 ]   sup=1
                          [2 3 5 7 10 12 14 15 17 19 21 23 25 28 29 31 34 36 39 40 42 44 46 48 51 52 55 56 58 60 62 64 66 69 71 72 75 ]   sup=1
                        [2 3 5 7 10 12 14 15 17 19 21 23 25 28 29 31 34 36 38 40 42 44 46 48 50 52 ]   sup=7
                          [2 3 5 7 10 12 14 15 17 19 21 23 25 28 29 31 34 36 38 40 42 44 46 48 50 52 54 ]   sup=4
                            [2 3 5 7 10 12 14 15 17 19 21 23 25 28 29 31 34 36 38 40 42 44 46 48 50 52 54 56 58 60 62 64 66 69 ]   sup=2
                              [2 3 5 7 10 12 14 15 17 19 21 23 25 28 29 31 34 36 38 40 42 44 46 48 50 52 54 56 58 60 62 64 66 69 70 72 74 ]   sup=1
                              [2 3 5 7 10 12 14 15 17 19 21 23 25 28 29 31 34 36 38 40 42 44 46 48 50 52 54 56 58 60 62 64 66 69 71 72 75 ]   sup=1
                            [2 3 5 7 10 12 14 15 17 19 21 23 25 28 29 31 34 36 38 40 42 44 46 48 50 52 54 57 58 60 62 64 66 69 ]   sup=2
                              [2 3 5 7 10 12 14 15 17 19 21 23 25 28 29 31 34 36 38 40 42 44 46 48 50 52 54 57 58 60 62 64 66 69 71 72 75 ]   sup=1
                              [2 3 5 7 10 12 14 15 17 19 21 23 25 28 29 31 34 36 38 40 42 44 46 48 50 52 54 57 58 60 62 64 66 69 70 72 75 ]   sup=1
                          [2 3 5 7 10 12 14 15 17 19 21 23 25 28 29 31 34 36 38 40 42 44 46 48 50 52 55 ]   sup=3
                            [2 3 5 7 10 12 14 15 17 19 21 23 25 28 29 31 34 36 38 40 42 44 46 48 50 52 55 56 58 60 62 64 66 69 ]   sup=2
                              [2 3 5 7 10 12 14 15 17 19 21 23 25 28 29 31 34 36 38 40 42 44 46 48 50 52 55 56 58 60 62 64 66 69 70 72 74 ]   sup=1
                              [2 3 5 7 10 12 14 15 17 19 21 23 25 28 29 31 34 36 38 40 42 44 46 48 50 52 55 56 58 60 62 64 66 69 71 72 75 ]   sup=1
                            [2 3 5 7 10 12 14 15 17 19 21 23 25 28 29 31 34 36 38 40 42 44 46 48 50 52 55 57 58 60 62 64 66 69 70 72 75 ]   sup=1
                  [2 3 5 7 10 12 14 15 17 20 21 23 25 ]   sup=4
                    [2 3 5 7 10 12 14 15 17 20 21 23 25 27 29 31 34 36 ]   sup=2
                      [2 3 5 7 10 12 14 15 17 20 21 23 25 27 29 31 34 36 38 40 42 44 47 48 50 52 55 56 58 60 62 64 66 69 70 72 75 ]   sup=1
                      [2 3 5 7 10 12 14 15 17 20 21 23 25 27 29 31 34 36 39 40 42 44 47 48 50 52 55 57 58 60 63 64 66 69 71 72 75 ]   sup=1
                    [2 3 5 7 10 12 14 15 17 20 21 23 25 28 29 31 34 36 38 40 42 44 47 48 50 52 55 ]   sup=2
                      [2 3 5 7 10 12 14 15 17 20 21 23 25 28 29 31 34 36 38 40 42 44 47 48 50 52 55 56 58 60 62 64 66 69 70 72 75 ]   sup=1
                      [2 3 5 7 10 12 14 15 17 20 21 23 25 28 29 31 34 36 38 40 42 44 47 48 50 52 55 57 58 60 62 64 66 69 70 72 75 ]   sup=1
              [2 3 5 7 10 12 13 ]   sup=21
                [2 3 5 7 10 12 13 15 17 19 ]   sup=8
                  [2 3 5 7 10 12 13 15 17 19 22 24 25 28 29 31 34 36 38 40 42 44 46 48 50 52 54 56 58 60 62 64 66 68 70 72 74 ]   sup=1
                  [2 3 5 7 10 12 13 15 17 19 21 24 25 ]   sup=7
                    [2 3 5 7 10 12 13 15 17 19 21 24 25 27 29 ]   sup=5
                      [2 3 5 7 10 12 13 15 17 19 21 24 25 27 29 33 34 36 38 40 ]   sup=2
                        [2 3 5 7 10 12 13 15 17 19 21 24 25 27 29 33 34 36 38 40 42 44 46 48 50 52 54 56 58 60 62 64 66 68 70 73 74 ]   sup=1
                        [2 3 5 7 10 12 13 15 17 19 21 24 25 27 29 33 34 36 38 40 43 44 46 48 50 52 54 56 58 60 62 64 66 68 70 73 74 ]   sup=1
                      [2 3 5 7 10 12 13 15 17 19 21 24 25 27 29 31 34 36 ]   sup=3
                        [2 3 5 7 10 12 13 15 17 19 21 24 25 27 29 31 34 36 39 40 43 44 46 48 50 52 54 56 58 60 62 ]   sup=2
                          [2 3 5 7 10 12 13 15 17 19 21 24 25 27 29 31 34 36 39 40 43 44 46 48 50 52 54 56 58 60 62 65 66 68 71 73 74 ]   sup=1
                          [2 3 5 7 10 12 13 15 17 19 21 24 25 27 29 31 34 36 39 40 43 44 46 48 50 52 54 56 58 60 62 64 66 68 71 73 74 ]   sup=1
                        [2 3 5 7 10 12 13 15 17 19 21 24 25 27 29 31 34 36 38 40 42 44 46 48 50 52 54 56 58 60 62 64 66 68 70 73 74 ]   sup=1
                    [2 3 5 7 10 12 13 15 17 19 21 24 25 28 29 ]   sup=2
                      [2 3 5 7 10 12 13 15 17 19 21 24 25 28 29 33 34 36 38 40 42 44 46 48 50 52 54 56 58 60 62 64 66 68 70 73 74 ]   sup=1
                      [2 3 5 7 10 12 13 15 17 19 21 24 25 28 29 31 34 36 38 40 42 44 46 48 50 52 54 56 58 60 62 64 66 68 70 73 74 ]   sup=1
                [2 3 5 7 10 12 13 16 18 20 22 23 25 ]   sup=13
                  [2 3 5 7 10 12 13 16 18 20 22 23 25 27 29 31 34 36 39 40 42 44 46 48 51 52 ]   sup=5
                    [2 3 5 7 10 12 13 16 18 20 22 23 25 27 29 31 34 36 39 40 42 44 46 48 51 52 55 56 58 60 62 64 66 ]   sup=2
                      [2 3 5 7 10 12 13 16 18 20 22 23 25 27 29 31 34 36 39 40 42 44 46 48 51 52 55 56 58 60 62 64 66 69 71 72 75 ]   sup=1
                      [2 3 5 7 10 12 13 16 18 20 22 23 25 27 29 31 34 36 39 40 42 44 46 48 51 52 55 56 58 60 62 64 66 68 71 72 75 ]   sup=1
                    [2 3 5 7 10 12 13 16 18 20 22 23 25 27 29 31 34 36 39 40 42 44 46 48 51 52 54 56 58 60 62 64 66 ]   sup=3
                      [2 3 5 7 10 12 13 16 18 20 22 23 25 27 29 31 34 36 39 40 42 44 46 48 51 52 54 56 58 60 62 64 66 69 71 72 74 ]   sup=1
                      [2 3 5 7 10 12 13 16 18 20 22 23 25 27 29 31 34 36 39 40 42 44 46 48 51 52 54 56 58 60 62 64 66 68 71 72 ]   sup=2
                        [2 3 5 7 10 12 13 16 18 20 22 23 25 27 29 31 34 36 39 40 42 44 46 48 51 52 54 56 58 60 62 64 66 68 71 72 74 ]   sup=1
                        [2 3 5 7 10 12 13 16 18 20 22 23 25 27 29 31 34 36 39 40 42 44 46 48 51 52 54 56 58 60 62 64 66 68 71 72 75 ]   sup=1
                  [2 3 5 7 10 12 13 16 18 20 22 23 25 28 29 31 34 36 38 40 42 44 ]   sup=8
                    [2 3 5 7 10 12 13 16 18 20 22 23 25 28 29 31 34 36 38 40 42 44 47 48 50 52 55 56 58 60 62 64 66 69 71 72 75 ]   sup=1
                    [2 3 5 7 10 12 13 16 18 20 22 23 25 28 29 31 34 36 38 40 42 44 46 48 ]   sup=7
                      [2 3 5 7 10 12 13 16 18 20 22 23 25 28 29 31 34 36 38 40 42 44 46 48 51 52 ]   sup=6
                        [2 3 5 7 10 12 13 16 18 20 22 23 25 28 29 31 34 36 38 40 42 44 46 48 51 52 55 56 58 60 62 64 66 ]   sup=3
                          [2 3 5 7 10 12 13 16 18 20 22 23 25 28 29 31 34 36 38 40 42 44 46 48 51 52 55 56 58 60 62 64 66 69 71 72 74 ]   sup=1
                          [2 3 5 7 10 12 13 16 18 20 22 23 25 28 29 31 34 36 38 40 42 44 46 48 51 52 55 56 58 60 62 64 66 68 71 72 ]   sup=2
                            [2 3 5 7 10 12 13 16 18 20 22 23 25 28 29 31 34 36 38 40 42 44 46 48 51 52 55 56 58 60 62 64 66 68 71 72 74 ]   sup=1
                            [2 3 5 7 10 12 13 16 18 20 22 23 25 28 29 31 34 36 38 40 42 44 46 48 51 52 55 56 58 60 62 64 66 68 71 72 75 ]   sup=1
                        [2 3 5 7 10 12 13 16 18 20 22 23 25 28 29 31 34 36 38 40 42 44 46 48 51 52 54 56 58 60 62 64 66 ]   sup=3
                          [2 3 5 7 10 12 13 16 18 20 22 23 25 28 29 31 34 36 38 40 42 44 46 48 51 52 54 56 58 60 62 64 66 69 71 72 74 ]   sup=1
                          [2 3 5 7 10 12 13 16 18 20 22 23 25 28 29 31 34 36 38 40 42 44 46 48 51 52 54 56 58 60 62 64 66 68 71 72 ]   sup=2
                            [2 3 5 7 10 12 13 16 18 20 22 23 25 28 29 31 34 36 38 40 42 44 46 48 51 52 54 56 58 60 62 64 66 68 71 72 75 ]   sup=1
                            [2 3 5 7 10 12 13 16 18 20 22 23 25 28 29 31 34 36 38 40 42 44 46 48 51 52 54 56 58 60 62 64 66 68 71 72 74 ]   sup=1
                      [2 3 5 7 10 12 13 16 18 20 22 23 25 28 29 31 34 36 38 40 42 44 46 48 50 52 55 56 58 60 62 64 66 69 71 72 75 ]   sup=1
            [2 3 5 7 10 11 ]   sup=46
              [2 3 5 7 10 11 13 ]   sup=16
                [2 3 5 7 10 11 13 16 18 20 ]   sup=11
                  [2 3 5 7 10 11 13 16 18 20 21 23 26 27 29 32 34 36 ]   sup=3
                    [2 3 5 7 10 11 13 16 18 20 21 23 26 27 29 32 34 36 38 40 42 44 ]   sup=2
                      [2 3 5 7 10 11 13 16 18 20 21 23 26 27 29 32 34 36 38 40 42 44 47 48 50 52 54 56 58 61 62 64 67 68 70 73 74 ]   sup=1
                      [2 3 5 7 10 11 13 16 18 20 21 23 26 27 29 32 34 36 38 40 42 44 46 48 50 52 54 56 58 61 62 64 67 68 71 73 74 ]   sup=1
                    [2 3 5 7 10 11 13 16 18 20 21 23 26 27 29 32 34 36 39 40 42 44 46 48 51 52 54 56 58 61 62 64 67 68 71 73 74 ]   sup=1
                  [2 3 5 7 10 11 13 16 18 20 22 23 25 ]   sup=8
                    [2 3 5 7 10 11 13 16 18 20 22 23 25 27 29 31 34 36 ]   sup=7
                      [2 3 5 7 10 11 13 16 18 20 22 23 25 27 29 31 34 36 38 40 42 44 46 48 51 52 55 56 58 60 62 64 66 68 71 72 ]   sup=2
                        [2 3 5 7 10 11 13 16 18 20 22 23 25 27 29 31 34 36 38 40 42 44 46 48 51 52 55 56 58 60 62 64 66 68 71 72 75 ]   sup=1
                        [2 3 5 7 10 11 13 16 18 20 22 23 25 27 29 31 34 36 38 40 42 44 46 48 51 52 55 56 58 60 62 64 66 68 71 72 74 ]   sup=1
                      [2 3 5 7 10 11 13 16 18 20 22 23 25 27 29 31 34 36 39 40 42 44 46 48 51 52 ]   sup=5
                        [2 3 5 7 10 11 13 16 18 20 22 23 25 27 29 31 34 36 39 40 42 44 46 48 51 52 54 56 58 60 62 64 66 68 71 72 75 ]   sup=1
                        [2 3 5 7 10 11 13 16 18 20 22 23 25 27 29 31 34 36 39 40 42 44 46 48 51 52 55 56 58 60 62 64 66 ]   sup=4
                          [2 3 5 7 10 11 13 16 18 20 22 23 25 27 29 31 34 36 39 40 42 44 46 48 51 52 55 56 58 60 62 64 66 68 71 72 ]   sup=2
                            [2 3 5 7 10 11 13 16 18 20 22 23 25 27 29 31 34 36 39 40 42 44 46 48 51 52 55 56 58 60 62 64 66 68 71 72 75 ]   sup=1
                            [2 3 5 7 10 11 13 16 18 20 22 23 25 27 29 31 34 36 39 40 42 44 46 48 51 52 55 56 58 60 62 64 66 68 71 72 74 ]   sup=1
                          [2 3 5 7 10 11 13 16 18 20 22 23 25 27 29 31 34 36 39 40 42 44 46 48 51 52 55 56 58 60 62 64 66 69 71 72 ]   sup=2
                            [2 3 5 7 10 11 13 16 18 20 22 23 25 27 29 31 34 36 39 40 42 44 46 48 51 52 55 56 58 60 62 64 66 69 71 72 74 ]   sup=1
                            [2 3 5 7 10 11 13 16 18 20 22 23 25 27 29 31 34 36 39 40 42 44 46 48 51 52 55 56 58 60 62 64 66 69 71 72 75 ]   sup=1
                    [2 3 5 7 10 11 13 16 18 20 22 23 25 28 29 31 34 36 38 40 42 44 46 48 51 52 54 56 58 60 62 64 66 68 71 72 75 ]   sup=1
                [2 3 5 7 10 11 13 15 17 19 21 23 25 27 29 32 34 36 ]   sup=5
                  [2 3 5 7 10 11 13 15 17 19 21 23 25 27 29 32 34 36 38 40 43 44 46 48 50 52 54 56 58 61 62 64 67 68 ]   sup=2
                    [2 3 5 7 10 11 13 15 17 19 21 23 25 27 29 32 34 36 38 40 43 44 46 48 50 52 54 56 58 61 62 64 67 68 71 73 74 ]   sup=1
                    [2 3 5 7 10 11 13 15 17 19 21 23 25 27 29 32 34 36 38 40 43 44 46 48 50 52 54 56 58 61 62 64 67 68 70 73 74 ]   sup=1
                  [2 3 5 7 10 11 13 15 17 19 21 23 25 27 29 32 34 36 39 ]   sup=3
                    [2 3 5 7 10 11 13 15 17 19 21 23 25 27 29 32 34 36 39 40 43 44 46 48 ]   sup=2
                      [2 3 5 7 10 11 13 15 17 19 21 23 25 27 29 32 34 36 39 40 43 44 46 48 50 52 54 56 58 61 62 64 67 68 70 73 74 ]   sup=1
                      [2 3 5 7 10 11 13 15 17 19 21 23 25 27 29 32 34 36 39 40 43 44 46 48 51 52 54 56 58 61 62 64 67 68 71 73 74 ]   sup=1
                    [2 3 5 7 10 11 13 15 17 19 21 23 25 27 29 32 34 36 39 41 43 44 46 48 51 52 54 56 58 61 63 64 67 68 71 73 74 ]   sup=1
              [2 3 5 7 10 11 14 ]   sup=30
                [2 3 5 7 10 11 14 15 17 19 ]   sup=23
                  [2 3 5 7 10 11 14 15 17 19 22 ]   sup=9
                    [2 3 5 7 10 11 14 15 17 19 22 23 25 ]   sup=6
                      [2 3 5 7 10 11 14 15 17 19 22 23 25 27 29 31 34 36 38 40 42 44 46 48 51 52 ]   sup=2
                        [2 3 5 7 10 11 14 15 17 19 22 23 25 27 29 31 34 36 38 40 42 44 46 48 51 52 54 56 58 60 62 64 66 68 70 72 74 ]   sup=1
                        [2 3 5 7 10 11 14 15 17 19 22 23 25 27 29 31 34 36 38 40 42 44 46 48 51 52 55 56 58 60 62 64 66 68 70 72 75 ]   sup=1
                      [2 3 5 7 10 11 14 15 17 19 22 23 25 28 29 31 34 36 38 40 42 44 46 48 51 52 ]   sup=4
                        [2 3 5 7 10 11 14 15 17 19 22 23 25 28 29 31 34 36 38 40 42 44 46 48 51 52 54 56 58 60 62 64 66 68 70 72 74 ]   sup=1
                        [2 3 5 7 10 11 14 15 17 19 22 23 25 28 29 31 34 36 38 40 42 44 46 48 51 52 55 56 58 60 62 64 66 ]   sup=3
                          [2 3 5 7 10 11 14 15 17 19 22 23 25 28 29 31 34 36 38 40 42 44 46 48 51 52 55 56 58 60 62 64 66 68 70 72 ]   sup=2
                            [2 3 5 7 10 11 14 15 17 19 22 23 25 28 29 31 34 36 38 40 42 44 46 48 51 52 55 56 58 60 62 64 66 68 70 72 74 ]   sup=1
                            [2 3 5 7 10 11 14 15 17 19 22 23 25 28 29 31 34 36 38 40 42 44 46 48 51 52 55 56 58 60 62 64 66 68 70 72 75 ]   sup=1
                          [2 3 5 7 10 11 14 15 17 19 22 23 25 28 29 31 34 36 38 40 42 44 46 48 51 52 55 56 58 60 62 64 66 69 70 72 74 ]   sup=1
                    [2 3 5 7 10 11 14 15 17 19 22 24 25 28 29 ]   sup=3
                      [2 3 5 7 10 11 14 15 17 19 22 24 25 28 29 33 34 36 38 40 42 44 46 48 51 52 54 56 58 60 62 64 66 68 70 72 74 ]   sup=1
                      [2 3 5 7 10 11 14 15 17 19 22 24 25 28 29 31 34 36 38 40 42 44 46 48 51 52 54 56 58 60 62 64 66 ]   sup=2
                        [2 3 5 7 10 11 14 15 17 19 22 24 25 28 29 31 34 36 38 40 42 44 46 48 51 52 54 56 58 60 62 64 66 69 70 72 74 ]   sup=1
                        [2 3 5 7 10 11 14 15 17 19 22 24 25 28 29 31 34 36 38 40 42 44 46 48 51 52 54 56 58 60 62 64 66 68 70 72 74 ]   sup=1
                  [2 3 5 7 10 11 14 15 17 19 21 ]   sup=14
                    [2 3 5 7 10 11 14 15 17 19 21 23 25 ]   sup=6
                      [2 3 5 7 10 11 14 15 17 19 21 23 25 28 29 31 34 36 38 40 42 44 46 48 ]   sup=4
                        [2 3 5 7 10 11 14 15 17 19 21 23 25 28 29 31 34 36 38 40 42 44 46 48 51 52 ]   sup=2
                          [2 3 5 7 10 11 14 15 17 19 21 23 25 28 29 31 34 36 38 40 42 44 46 48 51 52 55 56 58 60 62 64 66 69 71 72 74 ]   sup=1
                          [2 3 5 7 10 11 14 15 17 19 21 23 25 28 29 31 34 36 38 40 42 44 46 48 51 52 54 56 58 60 62 64 66 69 71 72 74 ]   sup=1
                        [2 3 5 7 10 11 14 15 17 19 21 23 25 28 29 31 34 36 38 40 42 44 46 48 50 52 ]   sup=2
                          [2 3 5 7 10 11 14 15 17 19 21 23 25 28 29 31 34 36 38 40 42 44 46 48 50 52 54 56 58 60 62 64 66 69 71 72 74 ]   sup=1
                          [2 3 5 7 10 11 14 15 17 19 21 23 25 28 29 31 34 36 38 40 42 44 46 48 50 52 55 56 58 60 62 64 66 69 71 72 74 ]   sup=1
                      [2 3 5 7 10 11 14 15 17 19 21 23 25 27 29 31 34 36 39 40 42 44 46 48 ]   sup=2
                        [2 3 5 7 10 11 14 15 17 19 21 23 25 27 29 31 34 36 39 40 42 44 46 48 51 52 54 56 58 60 62 64 66 69 71 72 74 ]   sup=1
                        [2 3 5 7 10 11 14 15 17 19 21 23 25 27 29 31 34 36 39 40 42 44 46 48 50 52 54 56 58 60 62 64 66 69 71 72 74 ]   sup=1
                    [2 3 5 7 10 11 14 15 17 19 21 24 25 27 29 31 ]   sup=8
                      [2 3 5 7 10 11 14 15 17 19 21 24 25 27 29 31 34 36 ]   sup=3
                        [2 3 5 7 10 11 14 15 17 19 21 24 25 27 29 31 34 36 38 40 43 44 46 48 50 ]   sup=2
                          [2 3 5 7 10 11 14 15 17 19 21 24 25 27 29 31 34 36 38 40 43 44 46 48 50 52 54 57 58 60 62 65 66 69 70 73 74 ]   sup=1
                          [2 3 5 7 10 11 14 15 17 19 21 24 25 27 29 31 34 36 38 40 43 44 46 48 50 53 54 57 58 60 62 65 66 69 70 73 74 ]   sup=1
                        [2 3 5 7 10 11 14 15 17 19 21 24 25 27 29 31 34 36 39 40 43 44 46 48 50 52 54 57 58 60 62 65 66 69 70 73 74 ]   sup=1
                      [2 3 5 7 10 11 14 15 17 19 21 24 25 27 29 31 35 36 ]   sup=5
                        [2 3 5 7 10 11 14 15 17 19 21 24 25 27 29 31 35 36 38 40 43 44 46 48 50 ]   sup=2
                          [2 3 5 7 10 11 14 15 17 19 21 24 25 27 29 31 35 36 38 40 43 44 46 48 50 53 54 57 58 60 62 65 66 69 71 73 74 ]   sup=1
                          [2 3 5 7 10 11 14 15 17 19 21 24 25 27 29 31 35 36 38 40 43 44 46 48 50 52 54 57 58 60 62 65 66 69 71 73 74 ]   sup=1
                        [2 3 5 7 10 11 14 15 17 19 21 24 25 27 29 31 35 36 39 ]   sup=3
                          [2 3 5 7 10 11 14 15 17 19 21 24 25 27 29 31 35 36 39 40 42 44 46 48 51 ]   sup=2
                            [2 3 5 7 10 11 14 15 17 19 21 24 25 27 29 31 35 36 39 40 42 44 46 48 51 52 54 57 58 60 62 65 66 69 71 73 74 ]   sup=1
                            [2 3 5 7 10 11 14 15 17 19 21 24 25 27 29 31 35 36 39 40 42 44 46 48 51 53 54 57 58 60 62 65 66 69 71 73 74 ]   sup=1
                          [2 3 5 7 10 11 14 15 17 19 21 24 25 27 29 31 35 36 39 41 42 44 46 48 51 52 54 57 58 60 62 65 66 69 71 73 74 ]   sup=1
                [2 3 5 7 10 11 14 16 18 20 ]   sup=7
                  [2 3 5 7 10 11 14 16 18 20 22 ]   sup=4
                    [2 3 5 7 10 11 14 16 18 20 22 23 25 27 29 31 34 36 ]   sup=2
                      [2 3 5 7 10 11 14 16 18 20 22 23 25 27 29 31 34 36 38 40 42 44 46 48 51 52 54 56 58 60 62 64 66 68 70 72 74 ]   sup=1
                      [2 3 5 7 10 11 14 16 18 20 22 23 25 27 29 31 34 36 39 40 42 44 46 48 51 52 55 56 58 60 62 64 66 68 70 72 75 ]   sup=1
                    [2 3 5 7 10 11 14 16 18 20 22 24 25 ]   sup=2
                      [2 3 5 7 10 11 14 16 18 20 22 24 25 28 29 31 34 36 38 40 42 44 46 48 51 52 54 56 58 60 62 64 66 69 70 72 74 ]   sup=1
                      [2 3 5 7 10 11 14 16 18 20 22 24 25 27 29 31 34 36 39 40 42 44 46 48 51 52 54 56 58 60 62 64 66 69 70 72 74 ]   sup=1
                  [2 3 5 7 10 11 14 16 18 20 21 24 25 27 29 31 ]   sup=3
                    [2 3 5 7 10 11 14 16 18 20 21 24 25 27 29 31 34 36 38 40 43 44 47 48 50 52 54 57 58 60 63 65 66 69 70 73 74 ]   sup=1
                    [2 3 5 7 10 11 14 16 18 20 21 24 25 27 29 31 35 36 ]   sup=2
                      [2 3 5 7 10 11 14 16 18 20 21 24 25 27 29 31 35 36 39 40 42 44 46 48 51 52 54 57 58 60 62 65 66 69 71 73 74 ]   sup=1
                      [2 3 5 7 10 11 14 16 18 20 21 24 25 27 29 31 35 36 38 40 43 44 46 48 50 52 54 57 58 60 62 65 66 69 71 73 74 ]   sup=1
          [2 3 5 7 9 ]   sup=1103
            [2 3 5 7 9 11 ]   sup=725
              [2 3 5 7 9 11 14 ]   sup=268
                [2 3 5 7 9 11 14 15 ]   sup=185
                  [2 3 5 7 9 11 14 15 17 ]   sup=138
                    [2 3 5 7 9 11 14 15 17 19 ]   sup=111
                      [2 3 5 7 9 11 14 15 17 19 21 ]   sup=39
                        [2 3 5 7 9 11 14 15 17 19 21 23 ]   sup=30
                          [2 3 5 7 9 11 14 15 17 19 21 23 26 ]   sup=9
                            [2 3 5 7 9 11 14 15 17 19 21 23 26 27 29 31 34 36 38 40 42 44 46 48 ]   sup=4
                              [2 3 5 7 9 11 14 15 17 19 21 23 26 27 29 31 34 36 38 40 42 44 46 48 51 52 55 56 58 60 62 64 66 69 70 72 ]   sup=2
                                [2 3 5 7 9 11 14 15 17 19 21 23 26 27 29 31 34 36 38 40 42 44 46 48 51 52 55 56 58 60 62 64 66 69 70 72 75 ]   sup=1
                                [2 3 5 7 9 11 14 15 17 19 21 23 26 27 29 31 34 36 38 40 42 44 46 48 51 52 55 56 58 60 62 64 66 69 70 72 74 ]   sup=1
                              [2 3 5 7 9 11 14 15 17 19 21 23 26 27 29 31 34 36 38 40 42 44 46 48 50 52 ]   sup=2
                                [2 3 5 7 9 11 14 15 17 19 21 23 26 27 29 31 34 36 38 40 42 44 46 48 50 52 55 56 58 60 62 64 66 69 70 72 74 ]   sup=1
                                [2 3 5 7 9 11 14 15 17 19 21 23 26 27 29 31 34 36 38 40 42 44 46 48 50 52 54 56 58 60 62 64 66 69 70 72 74 ]   sup=1
                            [2 3 5 7 9 11 14 15 17 19 21 23 26 28 29 31 34 36 38 40 42 44 46 48 ]   sup=5
                              [2 3 5 7 9 11 14 15 17 19 21 23 26 28 29 31 34 36 38 40 42 44 46 48 50 52 ]   sup=3
                                [2 3 5 7 9 11 14 15 17 19 21 23 26 28 29 31 34 36 38 40 42 44 46 48 50 52 55 56 58 60 62 64 66 69 70 72 74 ]   sup=1
                                [2 3 5 7 9 11 14 15 17 19 21 23 26 28 29 31 34 36 38 40 42 44 46 48 50 52 54 56 58 60 62 64 66 69 70 72 ]   sup=2
                                  [2 3 5 7 9 11 14 15 17 19 21 23 26 28 29 31 34 36 38 40 42 44 46 48 50 52 54 56 58 60 62 64 66 69 70 72 75 ]   sup=1
                                  [2 3 5 7 9 11 14 15 17 19 21 23 26 28 29 31 34 36 38 40 42 44 46 48 50 52 54 56 58 60 62 64 66 69 70 72 74 ]   sup=1
                              [2 3 5 7 9 11 14 15 17 19 21 23 26 28 29 31 34 36 38 40 42 44 46 48 51 52 ]   sup=2
                                [2 3 5 7 9 11 14 15 17 19 21 23 26 28 29 31 34 36 38 40 42 44 46 48 51 52 55 56 58 60 62 64 66 69 70 72 74 ]   sup=1
                                [2 3 5 7 9 11 14 15 17 19 21 23 26 28 29 31 34 36 38 40 42 44 46 48 51 52 54 56 58 60 62 64 66 69 70 72 74 ]   sup=1
                          [2 3 5 7 9 11 14 15 17 19 21 23 25 ]   sup=21
                            [2 3 5 7 9 11 14 15 17 19 21 23 25 28 29 31 ]   sup=11
                              [2 3 5 7 9 11 14 15 17 19 21 23 25 28 29 31 34 36 38 40 42 44 46 ]   sup=10
                                [2 3 5 7 9 11 14 15 17 19 21 23 25 28 29 31 34 36 38 40 42 44 46 48 ]   sup=8
                                  [2 3 5 7 9 11 14 15 17 19 21 23 25 28 29 31 34 36 38 40 42 44 46 48 50 52 ]   sup=4
                                    [2 3 5 7 9 11 14 15 17 19 21 23 25 28 29 31 34 36 38 40 42 44 46 48 50 52 55 56 58 60 62 64 66 69 70 72 ]   sup=2
                                      [2 3 5 7 9 11 14 15 17 19 21 23 25 28 29 31 34 36 38 40 42 44 46 48 50 52 55 56 58 60 62 64 66 69 70 72 74 ]   sup=1
                                      [2 3 5 7 9 11 14 15 17 19 21 23 25 28 29 31 34 36 38 40 42 44 46 48 50 52 55 56 58 60 62 64 66 69 70 72 75 ]   sup=1
                                    [2 3 5 7 9 11 14 15 17 19 21 23 25 28 29 31 34 36 38 40 42 44 46 48 50 52 54 56 58 60 62 64 66 69 70 72 ]   sup=2
                                      [2 3 5 7 9 11 14 15 17 19 21 23 25 28 29 31 34 36 38 40 42 44 46 48 50 52 54 56 58 60 62 64 66 69 70 72 75 ]   sup=1
                                      [2 3 5 7 9 11 14 15 17 19 21 23 25 28 29 31 34 36 38 40 42 44 46 48 50 52 54 56 58 60 62 64 66 69 70 72 74 ]   sup=1
                                  [2 3 5 7 9 11 14 15 17 19 21 23 25 28 29 31 34 36 38 40 42 44 46 48 51 52 ]   sup=4
                                    [2 3 5 7 9 11 14 15 17 19 21 23 25 28 29 31 34 36 38 40 42 44 46 48 51 52 55 56 58 60 62 64 66 69 70 72 ]   sup=2
                                      [2 3 5 7 9 11 14 15 17 19 21 23 25 28 29 31 34 36 38 40 42 44 46 48 51 52 55 56 58 60 62 64 66 69 70 72 74 ]   sup=1
                                      [2 3 5 7 9 11 14 15 17 19 21 23 25 28 29 31 34 36 38 40 42 44 46 48 51 52 55 56 58 60 62 64 66 69 70 72 75 ]   sup=1
                                    [2 3 5 7 9 11 14 15 17 19 21 23 25 28 29 31 34 36 38 40 42 44 46 48 51 52 54 56 58 60 62 64 66 69 70 72 ]   sup=2
                                      [2 3 5 7 9 11 14 15 17 19 21 23 25 28 29 31 34 36 38 40 42 44 46 48 51 52 54 56 58 60 62 64 66 69 70 72 75 ]   sup=1
                                      [2 3 5 7 9 11 14 15 17 19 21 23 25 28 29 31 34 36 38 40 42 44 46 48 51 52 54 56 58 60 62 64 66 69 70 72 74 ]   sup=1
                                [2 3 5 7 9 11 14 15 17 19 21 23 25 28 29 31 34 36 38 40 42 44 46 49 50 52 ]   sup=2
                                  [2 3 5 7 9 11 14 15 17 19 21 23 25 28 29 31 34 36 38 40 42 44 46 49 50 52 55 56 58 60 62 64 66 69 70 72 74 ]   sup=1
                                  [2 3 5 7 9 11 14 15 17 19 21 23 25 28 29 31 34 36 38 40 42 44 46 49 50 52 54 56 58 60 62 64 66 69 70 72 74 ]   sup=1
                              [2 3 5 7 9 11 14 15 17 19 21 23 25 28 29 31 35 36 38 40 42 44 46 48 51 52 55 56 58 60 62 64 66 69 70 72 74 ]   sup=1
                            [2 3 5 7 9 11 14 15 17 19 21 23 25 27 29 31 ]   sup=10
                              [2 3 5 7 9 11 14 15 17 19 21 23 25 27 29 31 34 36 38 40 42 44 46 48 ]   sup=6
                                [2 3 5 7 9 11 14 15 17 19 21 23 25 27 29 31 34 36 38 40 42 44 46 48 50 52 ]   sup=3
                                  [2 3 5 7 9 11 14 15 17 19 21 23 25 27 29 31 34 36 38 40 42 44 46 48 50 52 54 56 58 60 62 64 66 69 70 72 74 ]   sup=1
                                  [2 3 5 7 9 11 14 15 17 19 21 23 25 27 29 31 34 36 38 40 42 44 46 48 50 52 55 56 58 60 62 64 66 69 70 72 ]   sup=2
                                    [2 3 5 7 9 11 14 15 17 19 21 23 25 27 29 31 34 36 38 40 42 44 46 48 50 52 55 56 58 60 62 64 66 69 70 72 74 ]   sup=1
                                    [2 3 5 7 9 11 14 15 17 19 21 23 25 27 29 31 34 36 38 40 42 44 46 48 50 52 55 56 58 60 62 64 66 69 70 72 75 ]   sup=1
                                [2 3 5 7 9 11 14 15 17 19 21 23 25 27 29 31 34 36 38 40 42 44 46 48 51 52 ]   sup=3
                                  [2 3 5 7 9 11 14 15 17 19 21 23 25 27 29 31 34 36 38 40 42 44 46 48 51 52 54 56 58 60 62 64 66 69 70 72 74 ]   sup=1
                                  [2 3 5 7 9 11 14 15 17 19 21 23 25 27 29 31 34 36 38 40 42 44 46 48 51 52 55 56 58 60 62 64 66 69 70 72 ]   sup=2
                                    [2 3 5 7 9 11 14 15 17 19 21 23 25 27 29 31 34 36 38 40 42 44 46 48 51 52 55 56 58 60 62 64 66 69 70 72 74 ]   sup=1
                                    [2 3 5 7 9 11 14 15 17 19 21 23 25 27 29 31 34 36 38 40 42 44 46 48 51 52 55 56 58 60 62 64 66 69 70 72 75 ]   sup=1
                              [2 3 5 7 9 11 14 15 17 19 21 23 25 27 29 31 35 36 ]   sup=4
                                [2 3 5 7 9 11 14 15 17 19 21 23 25 27 29 31 35 36 38 40 42 44 46 48 50 52 55 56 58 60 62 64 66 69 71 72 ]   sup=2
                                  [2 3 5 7 9 11 14 15 17 19 21 23 25 27 29 31 35 36 38 40 42 44 46 48 50 52 55 56 58 60 62 64 66 69 71 72 74 ]   sup=1
                                  [2 3 5 7 9 11 14 15 17 19 21 23 25 27 29 31 35 36 38 40 42 44 46 48 50 52 55 56 58 60 62 64 66 69 71 72 75 ]   sup=1
                                [2 3 5 7 9 11 14 15 17 19 21 23 25 27 29 31 35 36 39 40 42 44 46 48 51 52 55 56 58 60 62 64 66 69 71 72 ]   sup=2
                                  [2 3 5 7 9 11 14 15 17 19 21 23 25 27 29 31 35 36 39 40 42 44 46 48 51 52 55 56 58 60 62 64 66 69 71 72 75 ]   sup=1
                                  [2 3 5 7 9 11 14 15 17 19 21 23 25 27 29 31 35 36 39 40 42 44 46 48 51 52 55 56 58 60 62 64 66 69 71 72 74 ]   sup=1
                        [2 3 5 7 9 11 14 15 17 19 21 24 25 27 29 31 ]   sup=9
                          [2 3 5 7 9 11 14 15 17 19 21 24 25 27 29 31 35 36 ]   sup=4
                            [2 3 5 7 9 11 14 15 17 19 21 24 25 27 29 31 35 36 38 40 ]   sup=2
                              [2 3 5 7 9 11 14 15 17 19 21 24 25 27 29 31 35 36 38 40 43 44 46 48 50 52 54 56 58 60 62 65 66 69 71 73 74 ]   sup=1
                              [2 3 5 7 9 11 14 15 17 19 21 24 25 27 29 31 35 36 38 40 42 44 46 48 50 52 54 56 58 60 62 65 66 69 71 73 74 ]   sup=1
                            [2 3 5 7 9 11 14 15 17 19 21 24 25 27 29 31 35 36 39 ]   sup=2
                              [2 3 5 7 9 11 14 15 17 19 21 24 25 27 29 31 35 36 39 41 42 44 46 48 51 52 54 56 58 60 62 65 66 69 71 73 74 ]   sup=1
                              [2 3 5 7 9 11 14 15 17 19 21 24 25 27 29 31 35 36 39 40 42 44 46 48 51 52 54 56 58 60 62 65 66 69 71 73 74 ]   sup=1
                          [2 3 5 7 9 11 14 15 17 19 21 24 25 27 29 31 34 36 ]   sup=5
                            [2 3 5 7 9 11 14 15 17 19 21 24 25 27 29 31 34 36 38 40 ]   sup=4
                              [2 3 5 7 9 11 14 15 17 19 21 24 25 27 29 31 34 36 38 40 42 44 46 48 ]   sup=2
                                [2 3 5 7 9 11 14 15 17 19 21 24 25 27 29 31 34 36 38 40 42 44 46 48 50 52 54 56 58 60 62 65 66 69 70 73 74 ]   sup=1
                                [2 3 5 7 9 11 14 15 17 19 21 24 25 27 29 31 34 36 38 40 42 44 46 48 51 52 54 56 58 60 62 65 66 69 70 73 74 ]   sup=1
                              [2 3 5 7 9 11 14 15 17 19 21 24 25 27 29 31 34 36 38 40 43 44 46 48 ]   sup=2
                                [2 3 5 7 9 11 14 15 17 19 21 24 25 27 29 31 34 36 38 40 43 44 46 48 50 52 54 56 58 60 62 65 66 69 70 73 74 ]   sup=1
                                [2 3 5 7 9 11 14 15 17 19 21 24 25 27 29 31 34 36 38 40 43 44 46 48 51 52 54 56 58 60 62 65 66 69 70 73 74 ]   sup=1
                            [2 3 5 7 9 11 14 15 17 19 21 24 25 27 29 31 34 36 39 40 43 44 46 48 50 52 54 56 58 60 62 65 66 69 70 73 74 ]   sup=1
                      [2 3 5 7 9 11 14 15 17 19 22 ]   sup=72
                        [2 3 5 7 9 11 14 15 17 19 22 23 ]   sup=48
                          [2 3 5 7 9 11 14 15 17 19 22 23 26 ]   sup=13
                            [2 3 5 7 9 11 14 15 17 19 22 23 26 27 29 31 34 36 38 40 42 44 46 48 ]   sup=4
                              [2 3 5 7 9 11 14 15 17 19 22 23 26 27 29 31 34 36 38 40 42 44 46 48 51 52 54 56 58 60 62 64 66 69 70 72 74 ]   sup=1
                              [2 3 5 7 9 11 14 15 17 19 22 23 26 27 29 31 34 36 38 40 42 44 46 48 50 52 54 56 58 60 62 64 66 ]   sup=3
                                [2 3 5 7 9 11 14 15 17 19 22 23 26 27 29 31 34 36 38 40 42 44 46 48 50 52 54 56 58 60 62 64 66 69 70 72 74 ]   sup=1
                                [2 3 5 7 9 11 14 15 17 19 22 23 26 27 29 31 34 36 38 40 42 44 46 48 50 52 54 56 58 60 62 64 66 68 70 72 ]   sup=2
                                  [2 3 5 7 9 11 14 15 17 19 22 23 26 27 29 31 34 36 38 40 42 44 46 48 50 52 54 56 58 60 62 64 66 68 70 72 74 ]   sup=1
                                  [2 3 5 7 9 11 14 15 17 19 22 23 26 27 29 31 34 36 38 40 42 44 46 48 50 52 54 56 58 60 62 64 66 68 70 72 75 ]   sup=1
                            [2 3 5 7 9 11 14 15 17 19 22 23 26 28 29 31 34 36 38 40 42 44 46 48 ]   sup=9
                              [2 3 5 7 9 11 14 15 17 19 22 23 26 28 29 31 34 36 38 40 42 44 46 48 50 52 ]   sup=6
                                [2 3 5 7 9 11 14 15 17 19 22 23 26 28 29 31 34 36 38 40 42 44 46 48 50 52 55 56 58 60 62 64 66 ]   sup=3
                                  [2 3 5 7 9 11 14 15 17 19 22 23 26 28 29 31 34 36 38 40 42 44 46 48 50 52 55 56 58 60 62 64 66 69 70 72 74 ]   sup=1
                                  [2 3 5 7 9 11 14 15 17 19 22 23 26 28 29 31 34 36 38 40 42 44 46 48 50 52 55 56 58 60 62 64 66 68 70 72 ]   sup=2
                                    [2 3 5 7 9 11 14 15 17 19 22 23 26 28 29 31 34 36 38 40 42 44 46 48 50 52 55 56 58 60 62 64 66 68 70 72 75 ]   sup=1
                                    [2 3 5 7 9 11 14 15 17 19 22 23 26 28 29 31 34 36 38 40 42 44 46 48 50 52 55 56 58 60 62 64 66 68 70 72 74 ]   sup=1
                                [2 3 5 7 9 11 14 15 17 19 22 23 26 28 29 31 34 36 38 40 42 44 46 48 50 52 54 56 58 60 62 64 66 ]   sup=3
                                  [2 3 5 7 9 11 14 15 17 19 22 23 26 28 29 31 34 36 38 40 42 44 46 48 50 52 54 56 58 60 62 64 66 68 70 72 ]   sup=2
                                    [2 3 5 7 9 11 14 15 17 19 22 23 26 28 29 31 34 36 38 40 42 44 46 48 50 52 54 56 58 60 62 64 66 68 70 72 75 ]   sup=1
                                    [2 3 5 7 9 11 14 15 17 19 22 23 26 28 29 31 34 36 38 40 42 44 46 48 50 52 54 56 58 60 62 64 66 68 70 72 74 ]   sup=1
                                  [2 3 5 7 9 11 14 15 17 19 22 23 26 28 29 31 34 36 38 40 42 44 46 48 50 52 54 56 58 60 62 64 66 69 70 72 74 ]   sup=1
                              [2 3 5 7 9 11 14 15 17 19 22 23 26 28 29 31 34 36 38 40 42 44 46 48 51 52 ]   sup=3
                                [2 3 5 7 9 11 14 15 17 19 22 23 26 28 29 31 34 36 38 40 42 44 46 48 51 52 55 56 58 60 62 64 66 68 70 72 ]   sup=2
                                  [2 3 5 7 9 11 14 15 17 19 22 23 26 28 29 31 34 36 38 40 42 44 46 48 51 52 55 56 58 60 62 64 66 68 70 72 74 ]   sup=1
                                  [2 3 5 7 9 11 14 15 17 19 22 23 26 28 29 31 34 36 38 40 42 44 46 48 51 52 55 56 58 60 62 64 66 68 70 72 75 ]   sup=1
                                [2 3 5 7 9 11 14 15 17 19 22 23 26 28 29 31 34 36 38 40 42 44 46 48 51 52 54 56 58 60 62 64 66 69 70 72 74 ]   sup=1
                          [2 3 5 7 9 11 14 15 17 19 22 23 25 ]   sup=35
                            [2 3 5 7 9 11 14 15 17 19 22 23 25 27 29 31 34 36 ]   sup=18
                              [2 3 5 7 9 11 14 15 17 19 22 23 25 27 29 31 34 36 39 40 42 44 46 48 51 52 55 56 58 60 62 64 66 68 70 72 75 ]   sup=1
                              [2 3 5 7 9 11 14 15 17 19 22 23 25 27 29 31 34 36 38 40 42 44 46 48 ]   sup=17
                                [2 3 5 7 9 11 14 15 17 19 22 23 25 27 29 31 34 36 38 40 42 44 46 48 50 52 ]   sup=9
                                  [2 3 5 7 9 11 14 15 17 19 22 23 25 27 29 31 34 36 38 40 42 44 46 48 50 52 54 56 58 60 62 64 66 ]   sup=5
                                    [2 3 5 7 9 11 14 15 17 19 22 23 25 27 29 31 34 36 38 40 42 44 46 48 50 52 54 56 58 60 62 64 66 69 70 72 74 ]   sup=1
                                    [2 3 5 7 9 11 14 15 17 19 22 23 25 27 29 31 34 36 38 40 42 44 46 48 50 52 54 56 58 60 62 64 66 68 ]   sup=4
                                      [2 3 5 7 9 11 14 15 17 19 22 23 25 27 29 31 34 36 38 40 42 44 46 48 50 52 54 56 58 60 62 64 66 68 71 72 ]   sup=2
                                        [2 3 5 7 9 11 14 15 17 19 22 23 25 27 29 31 34 36 38 40 42 44 46 48 50 52 54 56 58 60 62 64 66 68 71 72 75 ]   sup=1
                                        [2 3 5 7 9 11 14 15 17 19 22 23 25 27 29 31 34 36 38 40 42 44 46 48 50 52 54 56 58 60 62 64 66 68 71 72 74 ]   sup=1
                                      [2 3 5 7 9 11 14 15 17 19 22 23 25 27 29 31 34 36 38 40 42 44 46 48 50 52 54 56 58 60 62 64 66 68 70 72 ]   sup=2
                                        [2 3 5 7 9 11 14 15 17 19 22 23 25 27 29 31 34 36 38 40 42 44 46 48 50 52 54 56 58 60 62 64 66 68 70 72 75 ]   sup=1
                                        [2 3 5 7 9 11 14 15 17 19 22 23 25 27 29 31 34 36 38 40 42 44 46 48 50 52 54 56 58 60 62 64 66 68 70 72 74 ]   sup=1
                                  [2 3 5 7 9 11 14 15 17 19 22 23 25 27 29 31 34 36 38 40 42 44 46 48 50 52 55 56 58 60 62 64 66 68 ]   sup=4
                                    [2 3 5 7 9 11 14 15 17 19 22 23 25 27 29 31 34 36 38 40 42 44 46 48 50 52 55 56 58 60 62 64 66 68 70 72 ]   sup=2
                                      [2 3 5 7 9 11 14 15 17 19 22 23 25 27 29 31 34 36 38 40 42 44 46 48 50 52 55 56 58 60 62 64 66 68 70 72 74 ]   sup=1
                                      [2 3 5 7 9 11 14 15 17 19 22 23 25 27 29 31 34 36 38 40 42 44 46 48 50 52 55 56 58 60 62 64 66 68 70 72 75 ]   sup=1
                                    [2 3 5 7 9 11 14 15 17 19 22 23 25 27 29 31 34 36 38 40 42 44 46 48 50 52 55 56 58 60 62 64 66 68 71 72 ]   sup=2
                                      [2 3 5 7 9 11 14 15 17 19 22 23 25 27 29 31 34 36 38 40 42 44 46 48 50 52 55 56 58 60 62 64 66 68 71 72 75 ]   sup=1
                                      [2 3 5 7 9 11 14 15 17 19 22 23 25 27 29 31 34 36 38 40 42 44 46 48 50 52 55 56 58 60 62 64 66 68 71 72 74 ]   sup=1
                                [2 3 5 7 9 11 14 15 17 19 22 23 25 27 29 31 34 36 38 40 42 44 46 48 51 52 ]   sup=8
                                  [2 3 5 7 9 11 14 15 17 19 22 23 25 27 29 31 34 36 38 40 42 44 46 48 51 52 54 56 58 60 62 64 66 ]   sup=4
                                    [2 3 5 7 9 11 14 15 17 19 22 23 25 27 29 31 34 36 38 40 42 44 46 48 51 52 54 56 58 60 62 64 66 68 ]   sup=3
                                      [2 3 5 7 9 11 14 15 17 19 22 23 25 27 29 31 34 36 38 40 42 44 46 48 51 52 54 56 58 60 62 64 66 68 70 72 ]   sup=2
                                        [2 3 5 7 9 11 14 15 17 19 22 23 25 27 29 31 34 36 38 40 42 44 46 48 51 52 54 56 58 60 62 64 66 68 70 72 74 ]   sup=1
                                        [2 3 5 7 9 11 14 15 17 19 22 23 25 27 29 31 34 36 38 40 42 44 46 48 51 52 54 56 58 60 62 64 66 68 70 72 75 ]   sup=1
                                      [2 3 5 7 9 11 14 15 17 19 22 23 25 27 29 31 34 36 38 40 42 44 46 48 51 52 54 56 58 60 62 64 66 68 71 72 75 ]   sup=1
                                    [2 3 5 7 9 11 14 15 17 19 22 23 25 27 29 31 34 36 38 40 42 44 46 48 51 52 54 56 58 60 62 64 66 69 70 72 74 ]   sup=1
                                  [2 3 5 7 9 11 14 15 17 19 22 23 25 27 29 31 34 36 38 40 42 44 46 48 51 52 55 56 58 60 62 64 66 68 ]   sup=4
                                    [2 3 5 7 9 11 14 15 17 19 22 23 25 27 29 31 34 36 38 40 42 44 46 48 51 52 55 56 58 60 62 64 66 68 70 72 ]   sup=2
                                      [2 3 5 7 9 11 14 15 17 19 22 23 25 27 29 31 34 36 38 40 42 44 46 48 51 52 55 56 58 60 62 64 66 68 70 72 75 ]   sup=1
                                      [2 3 5 7 9 11 14 15 17 19 22 23 25 27 29 31 34 36 38 40 42 44 46 48 51 52 55 56 58 60 62 64 66 68 70 72 74 ]   sup=1
                                    [2 3 5 7 9 11 14 15 17 19 22 23 25 27 29 31 34 36 38 40 42 44 46 48 51 52 55 56 58 60 62 64 66 68 71 72 ]   sup=2
                                      [2 3 5 7 9 11 14 15 17 19 22 23 25 27 29 31 34 36 38 40 42 44 46 48 51 52 55 56 58 60 62 64 66 68 71 72 75 ]   sup=1
                                      [2 3 5 7 9 11 14 15 17 19 22 23 25 27 29 31 34 36 38 40 42 44 46 48 51 52 55 56 58 60 62 64 66 68 71 72 74 ]   sup=1
                            [2 3 5 7 9 11 14 15 17 19 22 23 25 28 29 31 34 ]   sup=17
                              [2 3 5 7 9 11 14 15 17 19 22 23 25 28 29 31 34 36 38 40 42 44 46 ]   sup=14
                                [2 3 5 7 9 11 14 15 17 19 22 23 25 28 29 31 34 36 38 40 42 44 46 48 ]   sup=12
                                  [2 3 5 7 9 11 14 15 17 19 22 23 25 28 29 31 34 36 38 40 42 44 46 48 50 52 ]   sup=6
                                    [2 3 5 7 9 11 14 15 17 19 22 23 25 28 29 31 34 36 38 40 42 44 46 48 50 52 54 56 58 60 62 64 66 ]   sup=3
                                      [2 3 5 7 9 11 14 15 17 19 22 23 25 28 29 31 34 36 38 40 42 44 46 48 50 52 54 56 58 60 62 64 66 68 70 72 ]   sup=2
                                        [2 3 5 7 9 11 14 15 17 19 22 23 25 28 29 31 34 36 38 40 42 44 46 48 50 52 54 56 58 60 62 64 66 68 70 72 74 ]   sup=1
                                        [2 3 5 7 9 11 14 15 17 19 22 23 25 28 29 31 34 36 38 40 42 44 46 48 50 52 54 56 58 60 62 64 66 68 70 72 75 ]   sup=1
                                      [2 3 5 7 9 11 14 15 17 19 22 23 25 28 29 31 34 36 38 40 42 44 46 48 50 52 54 56 58 60 62 64 66 69 70 72 74 ]   sup=1
                                    [2 3 5 7 9 11 14 15 17 19 22 23 25 28 29 31 34 36 38 40 42 44 46 48 50 52 55 56 58 60 62 64 66 ]   sup=3
                                      [2 3 5 7 9 11 14 15 17 19 22 23 25 28 29 31 34 36 38 40 42 44 46 48 50 52 55 56 58 60 62 64 66 68 70 72 ]   sup=2
                                        [2 3 5 7 9 11 14 15 17 19 22 23 25 28 29 31 34 36 38 40 42 44 46 48 50 52 55 56 58 60 62 64 66 68 70 72 75 ]   sup=1
                                        [2 3 5 7 9 11 14 15 17 19 22 23 25 28 29 31 34 36 38 40 42 44 46 48 50 52 55 56 58 60 62 64 66 68 70 72 74 ]   sup=1
                                      [2 3 5 7 9 11 14 15 17 19 22 23 25 28 29 31 34 36 38 40 42 44 46 48 50 52 55 56 58 60 62 64 66 69 70 72 74 ]   sup=1
                                  [2 3 5 7 9 11 14 15 17 19 22 23 25 28 29 31 34 36 38 40 42 44 46 48 51 52 ]   sup=6
                                    [2 3 5 7 9 11 14 15 17 19 22 23 25 28 29 31 34 36 38 40 42 44 46 48 51 52 55 56 58 60 62 64 66 ]   sup=3
                                      [2 3 5 7 9 11 14 15 17 19 22 23 25 28 29 31 34 36 38 40 42 44 46 48 51 52 55 56 58 60 62 64 66 69 70 72 74 ]   sup=1
                                      [2 3 5 7 9 11 14 15 17 19 22 23 25 28 29 31 34 36 38 40 42 44 46 48 51 52 55 56 58 60 62 64 66 68 70 72 ]   sup=2
                                        [2 3 5 7 9 11 14 15 17 19 22 23 25 28 29 31 34 36 38 40 42 44 46 48 51 52 55 56 58 60 62 64 66 68 70 72 74 ]   sup=1
                                        [2 3 5 7 9 11 14 15 17 19 22 23 25 28 29 31 34 36 38 40 42 44 46 48 51 52 55 56 58 60 62 64 66 68 70 72 75 ]   sup=1
                                    [2 3 5 7 9 11 14 15 17 19 22 23 25 28 29 31 34 36 38 40 42 44 46 48 51 52 54 56 58 60 62 64 66 ]   sup=3
                                      [2 3 5 7 9 11 14 15 17 19 22 23 25 28 29 31 34 36 38 40 42 44 46 48 51 52 54 56 58 60 62 64 66 68 70 72 ]   sup=2
                                        [2 3 5 7 9 11 14 15 17 19 22 23 25 28 29 31 34 36 38 40 42 44 46 48 51 52 54 56 58 60 62 64 66 68 70 72 75 ]   sup=1
                                        [2 3 5 7 9 11 14 15 17 19 22 23 25 28 29 31 34 36 38 40 42 44 46 48 51 52 54 56 58 60 62 64 66 68 70 72 74 ]   sup=1
                                      [2 3 5 7 9 11 14 15 17 19 22 23 25 28 29 31 34 36 38 40 42 44 46 48 51 52 54 56 58 60 62 64 66 69 70 72 74 ]   sup=1
                                [2 3 5 7 9 11 14 15 17 19 22 23 25 28 29 31 34 36 38 40 42 44 46 49 50 52 ]   sup=2
                                  [2 3 5 7 9 11 14 15 17 19 22 23 25 28 29 31 34 36 38 40 42 44 46 49 50 52 54 56 58 60 62 64 66 68 70 72 74 ]   sup=1
                                  [2 3 5 7 9 11 14 15 17 19 22 23 25 28 29 31 34 36 38 40 42 44 46 49 50 52 55 56 58 60 62 64 66 68 70 72 74 ]   sup=1
                              [2 3 5 7 9 11 14 15 17 19 22 23 25 28 29 31 34 37 38 40 42 44 46 49 ]   sup=3
                                [2 3 5 7 9 11 14 15 17 19 22 23 25 28 29 31 34 37 38 40 42 44 46 49 50 52 54 56 58 60 62 64 66 ]   sup=2
                                  [2 3 5 7 9 11 14 15 17 19 22 23 25 28 29 31 34 37 38 40 42 44 46 49 50 52 54 56 58 60 62 64 66 68 70 72 74 ]   sup=1
                                  [2 3 5 7 9 11 14 15 17 19 22 23 25 28 29 31 34 37 38 40 42 44 46 49 50 52 54 56 58 60 62 64 66 69 70 72 74 ]   sup=1
                                [2 3 5 7 9 11 14 15 17 19 22 23 25 28 29 31 34 37 38 40 42 44 46 49 51 52 54 56 58 60 62 64 66 68 70 72 74 ]   sup=1
                        [2 3 5 7 9 11 14 15 17 19 22 24 25 ]   sup=24
                          [2 3 5 7 9 11 14 15 17 19 22 24 25 28 29 ]   sup=10
                            [2 3 5 7 9 11 14 15 17 19 22 24 25 28 29 33 34 36 38 40 42 44 46 48 ]   sup=2
                              [2 3 5 7 9 11 14 15 17 19 22 24 25 28 29 33 34 36 38 40 42 44 46 48 51 52 54 56 58 60 62 64 66 68 70 72 74 ]   sup=1
                              [2 3 5 7 9 11 14 15 17 19 22 24 25 28 29 33 34 36 38 40 42 44 46 48 50 52 54 56 58 60 62 64 66 68 70 72 74 ]   sup=1
                            [2 3 5 7 9 11 14 15 17 19 22 24 25 28 29 31 34 ]   sup=8
                              [2 3 5 7 9 11 14 15 17 19 22 24 25 28 29 31 34 36 38 40 42 44 46 ]   sup=7
                                [2 3 5 7 9 11 14 15 17 19 22 24 25 28 29 31 34 36 38 40 42 44 46 48 ]   sup=6
                                  [2 3 5 7 9 11 14 15 17 19 22 24 25 28 29 31 34 36 38 40 42 44 46 48 50 52 54 56 58 60 62 64 66 ]   sup=3
                                    [2 3 5 7 9 11 14 15 17 19 22 24 25 28 29 31 34 36 38 40 42 44 46 48 50 52 54 56 58 60 62 64 66 69 70 ]   sup=2
                                      [2 3 5 7 9 11 14 15 17 19 22 24 25 28 29 31 34 36 38 40 42 44 46 48 50 52 54 56 58 60 62 64 66 69 70 73 74 ]   sup=1
                                      [2 3 5 7 9 11 14 15 17 19 22 24 25 28 29 31 34 36 38 40 42 44 46 48 50 52 54 56 58 60 62 64 66 69 70 72 74 ]   sup=1
                                    [2 3 5 7 9 11 14 15 17 19 22 24 25 28 29 31 34 36 38 40 42 44 46 48 50 52 54 56 58 60 62 64 66 68 70 72 74 ]   sup=1
                                  [2 3 5 7 9 11 14 15 17 19 22 24 25 28 29 31 34 36 38 40 42 44 46 48 51 52 54 56 58 60 62 64 66 ]   sup=3
                                    [2 3 5 7 9 11 14 15 17 19 22 24 25 28 29 31 34 36 38 40 42 44 46 48 51 52 54 56 58 60 62 64 66 68 70 72 74 ]   sup=1
                                    [2 3 5 7 9 11 14 15 17 19 22 24 25 28 29 31 34 36 38 40 42 44 46 48 51 52 54 56 58 60 62 64 66 69 70 ]   sup=2
                                      [2 3 5 7 9 11 14 15 17 19 22 24 25 28 29 31 34 36 38 40 42 44 46 48 51 52 54 56 58 60 62 64 66 69 70 72 74 ]   sup=1
                                      [2 3 5 7 9 11 14 15 17 19 22 24 25 28 29 31 34 36 38 40 42 44 46 48 51 52 54 56 58 60 62 64 66 69 70 73 74 ]   sup=1
                                [2 3 5 7 9 11 14 15 17 19 22 24 25 28 29 31 34 36 38 40 42 44 46 49 50 52 54 56 58 60 62 64 66 68 70 72 74 ]   sup=1
                              [2 3 5 7 9 11 14 15 17 19 22 24 25 28 29 31 34 37 38 40 42 44 46 49 50 52 54 56 58 60 62 64 66 68 70 72 74 ]   sup=1
                          [2 3 5 7 9 11 14 15 17 19 22 24 25 27 29 ]   sup=14
                            [2 3 5 7 9 11 14 15 17 19 22 24 25 27 29 33 34 36 38 40 42 44 46 48 ]   sup=2
                              [2 3 5 7 9 11 14 15 17 19 22 24 25 27 29 33 34 36 38 40 42 44 46 48 51 52 54 56 58 60 62 64 66 68 70 72 74 ]   sup=1
                              [2 3 5 7 9 11 14 15 17 19 22 24 25 27 29 33 34 36 38 40 42 44 46 48 50 52 54 56 58 60 62 64 66 68 70 72 74 ]   sup=1
                            [2 3 5 7 9 11 14 15 17 19 22 24 25 27 29 32 34 36 38 40 42 44 46 48 ]   sup=2
                              [2 3 5 7 9 11 14 15 17 19 22 24 25 27 29 32 34 36 38 40 42 44 46 48 51 52 54 56 58 60 62 64 66 68 70 72 74 ]   sup=1
                              [2 3 5 7 9 11 14 15 17 19 22 24 25 27 29 32 34 36 38 40 42 44 46 48 50 52 54 56 58 60 62 64 66 68 70 72 74 ]   sup=1
                            [2 3 5 7 9 11 14 15 17 19 22 24 25 27 29 31 34 36 38 40 ]   sup=10
                              [2 3 5 7 9 11 14 15 17 19 22 24 25 27 29 31 34 36 38 40 42 44 46 48 ]   sup=6
                                [2 3 5 7 9 11 14 15 17 19 22 24 25 27 29 31 34 36 38 40 42 44 46 48 50 52 54 56 58 60 62 ]   sup=3
                                  [2 3 5 7 9 11 14 15 17 19 22 24 25 27 29 31 34 36 38 40 42 44 46 48 50 52 54 56 58 60 62 65 66 69 70 ]   sup=2
                                    [2 3 5 7 9 11 14 15 17 19 22 24 25 27 29 31 34 36 38 40 42 44 46 48 50 52 54 56 58 60 62 65 66 69 70 73 74 ]   sup=1
                                    [2 3 5 7 9 11 14 15 17 19 22 24 25 27 29 31 34 36 38 40 42 44 46 48 50 52 54 56 58 60 62 65 66 69 70 72 74 ]   sup=1
                                  [2 3 5 7 9 11 14 15 17 19 22 24 25 27 29 31 34 36 38 40 42 44 46 48 50 52 54 56 58 60 62 64 66 68 70 72 74 ]   sup=1
                                [2 3 5 7 9 11 14 15 17 19 22 24 25 27 29 31 34 36 38 40 42 44 46 48 51 52 54 56 58 60 62 ]   sup=3
                                  [2 3 5 7 9 11 14 15 17 19 22 24 25 27 29 31 34 36 38 40 42 44 46 48 51 52 54 56 58 60 62 64 66 68 70 72 74 ]   sup=1
                                  [2 3 5 7 9 11 14 15 17 19 22 24 25 27 29 31 34 36 38 40 42 44 46 48 51 52 54 56 58 60 62 65 66 69 70 ]   sup=2
                                    [2 3 5 7 9 11 14 15 17 19 22 24 25 27 29 31 34 36 38 40 42 44 46 48 51 52 54 56 58 60 62 65 66 69 70 72 74 ]   sup=1
                                    [2 3 5 7 9 11 14 15 17 19 22 24 25 27 29 31 34 36 38 40 42 44 46 48 51 52 54 56 58 60 62 65 66 69 70 73 74 ]   sup=1
                              [2 3 5 7 9 11 14 15 17 19 22 24 25 27 29 31 34 36 38 40 43 44 46 48 ]   sup=4
                                [2 3 5 7 9 11 14 15 17 19 22 24 25 27 29 31 34 36 38 40 43 44 46 48 50 52 54 56 58 60 62 65 66 69 ]   sup=2
                                  [2 3 5 7 9 11 14 15 17 19 22 24 25 27 29 31 34 36 38 40 43 44 46 48 50 52 54 56 58 60 62 65 66 69 70 73 74 ]   sup=1
                                  [2 3 5 7 9 11 14 15 17 19 22 24 25 27 29 31 34 36 38 40 43 44 46 48 50 52 54 56 58 60 62 65 66 69 71 73 74 ]   sup=1
                                [2 3 5 7 9 11 14 15 17 19 22 24 25 27 29 31 34 36 38 40 43 44 46 48 51 52 54 56 58 60 62 65 66 69 ]   sup=2
                                  [2 3 5 7 9 11 14 15 17 19 22 24 25 27 29 31 34 36 38 40 43 44 46 48 51 52 54 56 58 60 62 65 66 69 71 73 74 ]   sup=1
                                  [2 3 5 7 9 11 14 15 17 19 22 24 25 27 29 31 34 36 38 40 43 44 46 48 51 52 54 56 58 60 62 65 66 69 70 73 74 ]   sup=1
                    [2 3 5 7 9 11 14 15 17 20 21 23 ]   sup=27
                      [2 3 5 7 9 11 14 15 17 20 21 23 25 ]   sup=21
                        [2 3 5 7 9 11 14 15 17 20 21 23 25 27 29 31 ]   sup=10
                          [2 3 5 7 9 11 14 15 17 20 21 23 25 27 29 31 34 36 ]   sup=7
                            [2 3 5 7 9 11 14 15 17 20 21 23 25 27 29 31 34 36 39 40 42 44 47 48 50 52 55 56 58 60 62 64 66 69 71 72 75 ]   sup=1
                            [2 3 5 7 9 11 14 15 17 20 21 23 25 27 29 31 34 36 38 40 42 44 47 48 ]   sup=6
                              [2 3 5 7 9 11 14 15 17 20 21 23 25 27 29 31 34 36 38 40 42 44 47 48 51 52 ]   sup=3
                                [2 3 5 7 9 11 14 15 17 20 21 23 25 27 29 31 34 36 38 40 42 44 47 48 51 52 55 56 58 60 62 64 66 69 70 72 ]   sup=2
                                  [2 3 5 7 9 11 14 15 17 20 21 23 25 27 29 31 34 36 38 40 42 44 47 48 51 52 55 56 58 60 62 64 66 69 70 72 74 ]   sup=1
                                  [2 3 5 7 9 11 14 15 17 20 21 23 25 27 29 31 34 36 38 40 42 44 47 48 51 52 55 56 58 60 62 64 66 69 70 72 75 ]   sup=1
                                [2 3 5 7 9 11 14 15 17 20 21 23 25 27 29 31 34 36 38 40 42 44 47 48 51 52 54 56 58 60 62 64 66 69 70 72 75 ]   sup=1
                              [2 3 5 7 9 11 14 15 17 20 21 23 25 27 29 31 34 36 38 40 42 44 47 48 50 52 ]   sup=3
                                [2 3 5 7 9 11 14 15 17 20 21 23 25 27 29 31 34 36 38 40 42 44 47 48 50 52 55 56 58 60 62 64 66 69 70 72 ]   sup=2
                                  [2 3 5 7 9 11 14 15 17 20 21 23 25 27 29 31 34 36 38 40 42 44 47 48 50 52 55 56 58 60 62 64 66 69 70 72 74 ]   sup=1
                                  [2 3 5 7 9 11 14 15 17 20 21 23 25 27 29 31 34 36 38 40 42 44 47 48 50 52 55 56 58 60 62 64 66 69 70 72 75 ]   sup=1
                                [2 3 5 7 9 11 14 15 17 20 21 23 25 27 29 31 34 36 38 40 42 44 47 48 50 52 54 56 58 60 62 64 66 69 70 72 75 ]   sup=1
                          [2 3 5 7 9 11 14 15 17 20 21 23 25 27 29 31 35 36 ]   sup=3
                            [2 3 5 7 9 11 14 15 17 20 21 23 25 27 29 31 35 36 38 40 42 44 47 48 50 52 55 56 58 60 62 64 66 69 71 72 75 ]   sup=1
                            [2 3 5 7 9 11 14 15 17 20 21 23 25 27 29 31 35 36 39 40 42 44 47 48 51 52 ]   sup=2
                              [2 3 5 7 9 11 14 15 17 20 21 23 25 27 29 31 35 36 39 40 42 44 47 48 51 52 54 56 58 60 62 64 66 69 71 72 75 ]   sup=1
                              [2 3 5 7 9 11 14 15 17 20 21 23 25 27 29 31 35 36 39 40 42 44 47 48 51 52 55 56 58 60 62 64 66 69 71 72 75 ]   sup=1
                        [2 3 5 7 9 11 14 15 17 20 21 23 25 28 29 31 ]   sup=11
                          [2 3 5 7 9 11 14 15 17 20 21 23 25 28 29 31 34 36 38 40 42 44 47 ]   sup=9
                            [2 3 5 7 9 11 14 15 17 20 21 23 25 28 29 31 34 36 38 40 42 44 47 48 ]   sup=8
                              [2 3 5 7 9 11 14 15 17 20 21 23 25 28 29 31 34 36 38 40 42 44 47 48 51 52 ]   sup=4
                                [2 3 5 7 9 11 14 15 17 20 21 23 25 28 29 31 34 36 38 40 42 44 47 48 51 52 55 56 58 60 62 64 66 69 70 72 ]   sup=2
                                  [2 3 5 7 9 11 14 15 17 20 21 23 25 28 29 31 34 36 38 40 42 44 47 48 51 52 55 56 58 60 62 64 66 69 70 72 75 ]   sup=1
                                  [2 3 5 7 9 11 14 15 17 20 21 23 25 28 29 31 34 36 38 40 42 44 47 48 51 52 55 56 58 60 62 64 66 69 70 72 74 ]   sup=1
                                [2 3 5 7 9 11 14 15 17 20 21 23 25 28 29 31 34 36 38 40 42 44 47 48 51 52 54 56 58 60 62 64 66 69 70 72 ]   sup=2
                                  [2 3 5 7 9 11 14 15 17 20 21 23 25 28 29 31 34 36 38 40 42 44 47 48 51 52 54 56 58 60 62 64 66 69 70 72 75 ]   sup=1
                                  [2 3 5 7 9 11 14 15 17 20 21 23 25 28 29 31 34 36 38 40 42 44 47 48 51 52 54 56 58 60 62 64 66 69 70 72 74 ]   sup=1
                              [2 3 5 7 9 11 14 15 17 20 21 23 25 28 29 31 34 36 38 40 42 44 47 48 50 52 ]   sup=4
                                [2 3 5 7 9 11 14 15 17 20 21 23 25 28 29 31 34 36 38 40 42 44 47 48 50 52 55 56 58 60 62 64 66 69 70 72 ]   sup=2
                                  [2 3 5 7 9 11 14 15 17 20 21 23 25 28 29 31 34 36 38 40 42 44 47 48 50 52 55 56 58 60 62 64 66 69 70 72 74 ]   sup=1
                                  [2 3 5 7 9 11 14 15 17 20 21 23 25 28 29 31 34 36 38 40 42 44 47 48 50 52 55 56 58 60 62 64 66 69 70 72 75 ]   sup=1
                                [2 3 5 7 9 11 14 15 17 20 21 23 25 28 29 31 34 36 38 40 42 44 47 48 50 52 54 56 58 60 62 64 66 69 70 72 ]   sup=2
                                  [2 3 5 7 9 11 14 15 17 20 21 23 25 28 29 31 34 36 38 40 42 44 47 48 50 52 54 56 58 60 62 64 66 69 70 72 74 ]   sup=1
                                  [2 3 5 7 9 11 14 15 17 20 21 23 25 28 29 31 34 36 38 40 42 44 47 48 50 52 54 56 58 60 62 64 66 69 70 72 75 ]   sup=1
                            [2 3 5 7 9 11 14 15 17 20 21 23 25 28 29 31 34 36 38 40 42 44 47 49 50 52 54 56 58 60 62 64 66 69 70 72 74 ]   sup=1
                          [2 3 5 7 9 11 14 15 17 20 21 23 25 28 29 31 35 36 ]   sup=2
                            [2 3 5 7 9 11 14 15 17 20 21 23 25 28 29 31 35 36 38 40 42 44 47 48 50 52 54 56 58 60 62 64 66 69 71 72 75 ]   sup=1
                            [2 3 5 7 9 11 14 15 17 20 21 23 25 28 29 31 35 36 39 40 42 44 47 48 51 52 54 56 58 60 62 64 66 69 71 72 75 ]   sup=1
                      [2 3 5 7 9 11 14 15 17 20 21 23 26 ]   sup=6
                        [2 3 5 7 9 11 14 15 17 20 21 23 26 28 29 31 34 36 38 40 42 44 47 48 50 52 ]   sup=3
                          [2 3 5 7 9 11 14 15 17 20 21 23 26 28 29 31 34 36 38 40 42 44 47 48 50 52 54 56 58 60 62 64 66 69 70 72 ]   sup=2
                            [2 3 5 7 9 11 14 15 17 20 21 23 26 28 29 31 34 36 38 40 42 44 47 48 50 52 54 56 58 60 62 64 66 69 70 72 74 ]   sup=1
                            [2 3 5 7 9 11 14 15 17 20 21 23 26 28 29 31 34 36 38 40 42 44 47 48 50 52 54 56 58 60 62 64 66 69 70 72 75 ]   sup=1
                          [2 3 5 7 9 11 14 15 17 20 21 23 26 28 29 31 34 36 38 40 42 44 47 48 50 52 55 56 58 60 62 64 66 69 70 72 74 ]   sup=1
                        [2 3 5 7 9 11 14 15 17 20 21 23 26 27 29 31 34 36 ]   sup=3
                          [2 3 5 7 9 11 14 15 17 20 21 23 26 27 29 31 34 36 39 40 42 44 47 48 50 52 55 56 58 60 62 64 66 69 71 72 75 ]   sup=1
                          [2 3 5 7 9 11 14 15 17 20 21 23 26 27 29 31 34 36 38 40 42 44 47 48 50 52 ]   sup=2
                            [2 3 5 7 9 11 14 15 17 20 21 23 26 27 29 31 34 36 38 40 42 44 47 48 50 52 54 56 58 60 62 64 66 69 70 72 75 ]   sup=1
                            [2 3 5 7 9 11 14 15 17 20 21 23 26 27 29 31 34 36 38 40 42 44 47 48 50 52 55 56 58 60 62 64 66 69 70 72 75 ]   sup=1
                  [2 3 5 7 9 11 14 15 18 20 22 ]   sup=47
                    [2 3 5 7 9 11 14 15 18 20 22 23 25 ]   sup=23
                      [2 3 5 7 9 11 14 15 18 20 22 23 25 28 29 31 34 36 38 40 42 44 46 48 50 52 ]   sup=8
                        [2 3 5 7 9 11 14 15 18 20 22 23 25 28 29 31 34 36 38 40 42 44 46 48 50 52 55 ]   sup=4
                          [2 3 5 7 9 11 14 15 18 20 22 23 25 28 29 31 34 36 38 40 42 44 46 48 50 52 55 56 58 60 62 64 66 ]   sup=3
                            [2 3 5 7 9 11 14 15 18 20 22 23 25 28 29 31 34 36 38 40 42 44 46 48 50 52 55 56 58 60 62 64 66 68 70 72 ]   sup=2
                              [2 3 5 7 9 11 14 15 18 20 22 23 25 28 29 31 34 36 38 40 42 44 46 48 50 52 55 56 58 60 62 64 66 68 70 72 75 ]   sup=1
                              [2 3 5 7 9 11 14 15 18 20 22 23 25 28 29 31 34 36 38 40 42 44 46 48 50 52 55 56 58 60 62 64 66 68 70 72 74 ]   sup=1
                            [2 3 5 7 9 11 14 15 18 20 22 23 25 28 29 31 34 36 38 40 42 44 46 48 50 52 55 56 58 60 62 64 66 69 70 72 74 ]   sup=1
                          [2 3 5 7 9 11 14 15 18 20 22 23 25 28 29 31 34 36 38 40 42 44 46 48 50 52 55 57 58 60 62 64 66 69 70 72 75 ]   sup=1
                        [2 3 5 7 9 11 14 15 18 20 22 23 25 28 29 31 34 36 38 40 42 44 46 48 50 52 54 56 58 60 62 64 66 ]   sup=4
                          [2 3 5 7 9 11 14 15 18 20 22 23 25 28 29 31 34 36 38 40 42 44 46 48 50 52 54 56 58 60 62 64 66 69 70 72 ]   sup=2
                            [2 3 5 7 9 11 14 15 18 20 22 23 25 28 29 31 34 36 38 40 42 44 46 48 50 52 54 56 58 60 62 64 66 69 70 72 75 ]   sup=1
                            [2 3 5 7 9 11 14 15 18 20 22 23 25 28 29 31 34 36 38 40 42 44 46 48 50 52 54 56 58 60 62 64 66 69 70 72 74 ]   sup=1
                          [2 3 5 7 9 11 14 15 18 20 22 23 25 28 29 31 34 36 38 40 42 44 46 48 50 52 54 56 58 60 62 64 66 68 70 72 ]   sup=2
                            [2 3 5 7 9 11 14 15 18 20 22 23 25 28 29 31 34 36 38 40 42 44 46 48 50 52 54 56 58 60 62 64 66 68 70 72 74 ]   sup=1
                            [2 3 5 7 9 11 14 15 18 20 22 23 25 28 29 31 34 36 38 40 42 44 46 48 50 52 54 56 58 60 62 64 66 68 70 72 75 ]   sup=1
                      [2 3 5 7 9 11 14 15 18 20 22 23 25 27 29 31 34 36 ]   sup=15
                        [2 3 5 7 9 11 14 15 18 20 22 23 25 27 29 31 34 36 38 40 42 44 46 48 50 52 ]   sup=8
                          [2 3 5 7 9 11 14 15 18 20 22 23 25 27 29 31 34 36 38 40 42 44 46 48 50 52 54 56 58 60 62 64 66 ]   sup=3
                            [2 3 5 7 9 11 14 15 18 20 22 23 25 27 29 31 34 36 38 40 42 44 46 48 50 52 54 56 58 60 62 64 66 69 70 72 74 ]   sup=1
                            [2 3 5 7 9 11 14 15 18 20 22 23 25 27 29 31 34 36 38 40 42 44 46 48 50 52 54 56 58 60 62 64 66 68 70 72 ]   sup=2
                              [2 3 5 7 9 11 14 15 18 20 22 23 25 27 29 31 34 36 38 40 42 44 46 48 50 52 54 56 58 60 62 64 66 68 70 72 74 ]   sup=1
                              [2 3 5 7 9 11 14 15 18 20 22 23 25 27 29 31 34 36 38 40 42 44 46 48 50 52 54 56 58 60 62 64 66 68 70 72 75 ]   sup=1
                          [2 3 5 7 9 11 14 15 18 20 22 23 25 27 29 31 34 36 38 40 42 44 46 48 50 52 55 ]   sup=5
                            [2 3 5 7 9 11 14 15 18 20 22 23 25 27 29 31 34 36 38 40 42 44 46 48 50 52 55 57 58 60 62 64 66 69 70 72 75 ]   sup=1
                            [2 3 5 7 9 11 14 15 18 20 22 23 25 27 29 31 34 36 38 40 42 44 46 48 50 52 55 56 58 60 62 64 66 ]   sup=4
                              [2 3 5 7 9 11 14 15 18 20 22 23 25 27 29 31 34 36 38 40 42 44 46 48 50 52 55 56 58 60 62 64 66 69 70 72 ]   sup=2
                                [2 3 5 7 9 11 14 15 18 20 22 23 25 27 29 31 34 36 38 40 42 44 46 48 50 52 55 56 58 60 62 64 66 69 70 72 75 ]   sup=1
                                [2 3 5 7 9 11 14 15 18 20 22 23 25 27 29 31 34 36 38 40 42 44 46 48 50 52 55 56 58 60 62 64 66 69 70 72 74 ]   sup=1
                              [2 3 5 7 9 11 14 15 18 20 22 23 25 27 29 31 34 36 38 40 42 44 46 48 50 52 55 56 58 60 62 64 66 68 70 72 ]   sup=2
                                [2 3 5 7 9 11 14 15 18 20 22 23 25 27 29 31 34 36 38 40 42 44 46 48 50 52 55 56 58 60 62 64 66 68 70 72 75 ]   sup=1
                                [2 3 5 7 9 11 14 15 18 20 22 23 25 27 29 31 34 36 38 40 42 44 46 48 50 52 55 56 58 60 62 64 66 68 70 72 74 ]   sup=1
                        [2 3 5 7 9 11 14 15 18 20 22 23 25 27 29 31 34 36 39 40 42 44 46 48 50 52 ]   sup=7
                          [2 3 5 7 9 11 14 15 18 20 22 23 25 27 29 31 34 36 39 40 42 44 46 48 50 52 54 56 58 60 62 64 66 ]   sup=3
                            [2 3 5 7 9 11 14 15 18 20 22 23 25 27 29 31 34 36 39 40 42 44 46 48 50 52 54 56 58 60 62 64 66 68 ]   sup=2
                              [2 3 5 7 9 11 14 15 18 20 22 23 25 27 29 31 34 36 39 40 42 44 46 48 50 52 54 56 58 60 62 64 66 68 70 72 74 ]   sup=1
                              [2 3 5 7 9 11 14 15 18 20 22 23 25 27 29 31 34 36 39 40 42 44 46 48 50 52 54 56 58 60 62 64 66 68 71 72 74 ]   sup=1
                            [2 3 5 7 9 11 14 15 18 20 22 23 25 27 29 31 34 36 39 40 42 44 46 48 50 52 54 56 58 60 62 64 66 69 71 72 75 ]   sup=1
                          [2 3 5 7 9 11 14 15 18 20 22 23 25 27 29 31 34 36 39 40 42 44 46 48 50 52 55 ]   sup=4
                            [2 3 5 7 9 11 14 15 18 20 22 23 25 27 29 31 34 36 39 40 42 44 46 48 50 52 55 56 58 60 62 64 66 ]   sup=3
                              [2 3 5 7 9 11 14 15 18 20 22 23 25 27 29 31 34 36 39 40 42 44 46 48 50 52 55 56 58 60 62 64 66 69 71 72 74 ]   sup=1
                              [2 3 5 7 9 11 14 15 18 20 22 23 25 27 29 31 34 36 39 40 42 44 46 48 50 52 55 56 58 60 62 64 66 68 ]   sup=2
                                [2 3 5 7 9 11 14 15 18 20 22 23 25 27 29 31 34 36 39 40 42 44 46 48 50 52 55 56 58 60 62 64 66 68 71 72 74 ]   sup=1
                                [2 3 5 7 9 11 14 15 18 20 22 23 25 27 29 31 34 36 39 40 42 44 46 48 50 52 55 56 58 60 62 64 66 68 70 72 74 ]   sup=1
                            [2 3 5 7 9 11 14 15 18 20 22 23 25 27 29 31 34 36 39 40 42 44 46 48 50 52 55 57 58 60 62 64 66 69 71 72 75 ]   sup=1
                    [2 3 5 7 9 11 14 15 18 20 22 24 25 ]   sup=24
                      [2 3 5 7 9 11 14 15 18 20 22 24 25 28 29 ]   sup=6
                        [2 3 5 7 9 11 14 15 18 20 22 24 25 28 29 33 34 36 38 40 42 44 46 48 50 52 54 56 58 60 62 64 66 ]   sup=2
                          [2 3 5 7 9 11 14 15 18 20 22 24 25 28 29 33 34 36 38 40 42 44 46 48 50 52 54 56 58 60 62 64 66 69 70 72 74 ]   sup=1
                          [2 3 5 7 9 11 14 15 18 20 22 24 25 28 29 33 34 36 38 40 42 44 46 48 50 52 54 56 58 60 62 64 66 68 70 72 74 ]   sup=1
                        [2 3 5 7 9 11 14 15 18 20 22 24 25 28 29 31 34 36 38 40 42 44 46 48 50 52 54 56 58 60 62 64 66 ]   sup=4
                          [2 3 5 7 9 11 14 15 18 20 22 24 25 28 29 31 34 36 38 40 42 44 46 48 50 52 54 56 58 60 62 64 66 68 70 ]   sup=2
                            [2 3 5 7 9 11 14 15 18 20 22 24 25 28 29 31 34 36 38 40 42 44 46 48 50 52 54 56 58 60 62 64 66 68 70 72 74 ]   sup=1
                            [2 3 5 7 9 11 14 15 18 20 22 24 25 28 29 31 34 36 38 40 42 44 46 48 50 52 54 56 58 60 62 64 66 68 70 73 74 ]   sup=1
                          [2 3 5 7 9 11 14 15 18 20 22 24 25 28 29 31 34 36 38 40 42 44 46 48 50 52 54 56 58 60 62 64 66 69 70 ]   sup=2
                            [2 3 5 7 9 11 14 15 18 20 22 24 25 28 29 31 34 36 38 40 42 44 46 48 50 52 54 56 58 60 62 64 66 69 70 72 74 ]   sup=1
                            [2 3 5 7 9 11 14 15 18 20 22 24 25 28 29 31 34 36 38 40 42 44 46 48 50 52 54 56 58 60 62 64 66 69 70 73 74 ]   sup=1
                      [2 3 5 7 9 11 14 15 18 20 22 24 25 27 29 ]   sup=18
                        [2 3 5 7 9 11 14 15 18 20 22 24 25 27 29 33 34 36 38 40 42 44 46 48 50 52 54 56 58 60 62 64 66 ]   sup=2
                          [2 3 5 7 9 11 14 15 18 20 22 24 25 27 29 33 34 36 38 40 42 44 46 48 50 52 54 56 58 60 62 64 66 68 70 72 74 ]   sup=1
                          [2 3 5 7 9 11 14 15 18 20 22 24 25 27 29 33 34 36 38 40 42 44 46 48 50 52 54 56 58 60 62 64 66 69 70 72 74 ]   sup=1
                        [2 3 5 7 9 11 14 15 18 20 22 24 25 27 29 32 34 36 38 40 ]   sup=6
                          [2 3 5 7 9 11 14 15 18 20 22 24 25 27 29 32 34 36 38 40 42 44 46 48 50 52 54 56 58 60 62 64 66 ]   sup=4
                            [2 3 5 7 9 11 14 15 18 20 22 24 25 27 29 32 34 36 38 40 42 44 46 48 50 52 54 56 58 60 62 64 66 68 70 ]   sup=2
                              [2 3 5 7 9 11 14 15 18 20 22 24 25 27 29 32 34 36 38 40 42 44 46 48 50 52 54 56 58 60 62 64 66 68 70 73 74 ]   sup=1
                              [2 3 5 7 9 11 14 15 18 20 22 24 25 27 29 32 34 36 38 40 42 44 46 48 50 52 54 56 58 60 62 64 66 68 70 72 74 ]   sup=1
                            [2 3 5 7 9 11 14 15 18 20 22 24 25 27 29 32 34 36 38 40 42 44 46 48 50 52 54 56 58 60 62 64 66 69 70 ]   sup=2
                              [2 3 5 7 9 11 14 15 18 20 22 24 25 27 29 32 34 36 38 40 42 44 46 48 50 52 54 56 58 60 62 64 66 69 70 72 74 ]   sup=1
                              [2 3 5 7 9 11 14 15 18 20 22 24 25 27 29 32 34 36 38 40 42 44 46 48 50 52 54 56 58 60 62 64 66 69 70 73 74 ]   sup=1
                          [2 3 5 7 9 11 14 15 18 20 22 24 25 27 29 32 34 36 38 40 43 44 46 48 50 52 54 56 58 60 62 64 66 ]   sup=2
                            [2 3 5 7 9 11 14 15 18 20 22 24 25 27 29 32 34 36 38 40 43 44 46 48 50 52 54 56 58 60 62 64 66 68 70 73 74 ]   sup=1
                            [2 3 5 7 9 11 14 15 18 20 22 24 25 27 29 32 34 36 38 40 43 44 46 48 50 52 54 56 58 60 62 64 66 69 70 73 74 ]   sup=1
                        [2 3 5 7 9 11 14 15 18 20 22 24 25 27 29 31 34 36 38 40 ]   sup=10
                          [2 3 5 7 9 11 14 15 18 20 22 24 25 27 29 31 34 36 38 40 42 44 46 48 50 52 54 56 58 60 62 64 66 ]   sup=4
                            [2 3 5 7 9 11 14 15 18 20 22 24 25 27 29 31 34 36 38 40 42 44 46 48 50 52 54 56 58 60 62 64 66 68 70 ]   sup=2
                              [2 3 5 7 9 11 14 15 18 20 22 24 25 27 29 31 34 36 38 40 42 44 46 48 50 52 54 56 58 60 62 64 66 68 70 73 74 ]   sup=1
                              [2 3 5 7 9 11 14 15 18 20 22 24 25 27 29 31 34 36 38 40 42 44 46 48 50 52 54 56 58 60 62 64 66 68 70 72 74 ]   sup=1
                            [2 3 5 7 9 11 14 15 18 20 22 24 25 27 29 31 34 36 38 40 42 44 46 48 50 52 54 56 58 60 62 64 66 69 70 ]   sup=2
                              [2 3 5 7 9 11 14 15 18 20 22 24 25 27 29 31 34 36 38 40 42 44 46 48 50 52 54 56 58 60 62 64 66 69 70 73 74 ]   sup=1
                              [2 3 5 7 9 11 14 15 18 20 22 24 25 27 29 31 34 36 38 40 42 44 46 48 50 52 54 56 58 60 62 64 66 69 70 72 74 ]   sup=1
                          [2 3 5 7 9 11 14 15 18 20 22 24 25 27 29 31 34 36 38 40 43 44 46 48 50 52 54 56 58 60 62 ]   sup=6
                            [2 3 5 7 9 11 14 15 18 20 22 24 25 27 29 31 34 36 38 40 43 44 46 48 50 52 54 56 58 60 62 65 66 ]   sup=3
                              [2 3 5 7 9 11 14 15 18 20 22 24 25 27 29 31 34 36 38 40 43 44 46 48 50 52 54 56 58 60 62 65 66 69 70 ]   sup=2
                                [2 3 5 7 9 11 14 15 18 20 22 24 25 27 29 31 34 36 38 40 43 44 46 48 50 52 54 56 58 60 62 65 66 69 70 72 74 ]   sup=1
                                [2 3 5 7 9 11 14 15 18 20 22 24 25 27 29 31 34 36 38 40 43 44 46 48 50 52 54 56 58 60 62 65 66 69 70 73 74 ]   sup=1
                              [2 3 5 7 9 11 14 15 18 20 22 24 25 27 29 31 34 36 38 40 43 44 46 48 50 52 54 56 58 60 62 65 66 68 70 72 74 ]   sup=1
                            [2 3 5 7 9 11 14 15 18 20 22 24 25 27 29 31 34 36 38 40 43 44 46 48 50 52 54 56 58 60 62 64 66 ]   sup=3
                              [2 3 5 7 9 11 14 15 18 20 22 24 25 27 29 31 34 36 38 40 43 44 46 48 50 52 54 56 58 60 62 64 66 69 70 ]   sup=2
                                [2 3 5 7 9 11 14 15 18 20 22 24 25 27 29 31 34 36 38 40 43 44 46 48 50 52 54 56 58 60 62 64 66 69 70 72 74 ]   sup=1
                                [2 3 5 7 9 11 14 15 18 20 22 24 25 27 29 31 34 36 38 40 43 44 46 48 50 52 54 56 58 60 62 64 66 69 70 73 74 ]   sup=1
                              [2 3 5 7 9 11 14 15 18 20 22 24 25 27 29 31 34 36 38 40 43 44 46 48 50 52 54 56 58 60 62 64 66 68 70 72 74 ]   sup=1
                [2 3 5 7 9 11 14 16 ]   sup=83
                  [2 3 5 7 9 11 14 16 17 ]   sup=51
                    [2 3 5 7 9 11 14 16 17 20 21 ]   sup=8
                      [2 3 5 7 9 11 14 16 17 20 21 24 ]   sup=4
                        [2 3 5 7 9 11 14 16 17 20 21 24 25 27 29 31 34 36 ]   sup=3
                          [2 3 5 7 9 11 14 16 17 20 21 24 25 27 29 31 34 36 38 40 ]   sup=2
                            [2 3 5 7 9 11 14 16 17 20 21 24 25 27 29 31 34 36 38 40 42 44 47 48 50 52 54 56 58 60 62 64 66 69 70 73 74 ]   sup=1
                            [2 3 5 7 9 11 14 16 17 20 21 24 25 27 29 31 34 36 38 40 43 44 47 48 50 52 54 56 58 60 62 65 66 69 70 73 74 ]   sup=1
                          [2 3 5 7 9 11 14 16 17 20 21 24 25 27 29 31 34 36 39 40 43 44 47 48 50 52 54 56 58 60 63 65 66 69 71 73 74 ]   sup=1
                        [2 3 5 7 9 11 14 16 17 20 21 24 26 27 29 31 34 36 38 40 43 44 47 48 51 52 54 56 58 60 62 65 66 69 70 73 74 ]   sup=1
                      [2 3 5 7 9 11 14 16 17 20 21 23 25 ]   sup=4
                        [2 3 5 7 9 11 14 16 17 20 21 23 25 27 29 31 34 36 39 40 42 44 47 48 ]   sup=3
                          [2 3 5 7 9 11 14 16 17 20 21 23 25 27 29 31 34 36 39 40 42 44 47 48 51 52 55 56 58 60 62 64 66 69 71 72 74 ]   sup=1
                          [2 3 5 7 9 11 14 16 17 20 21 23 25 27 29 31 34 36 39 40 42 44 47 48 50 52 55 56 58 60 ]   sup=2
                            [2 3 5 7 9 11 14 16 17 20 21 23 25 27 29 31 34 36 39 40 42 44 47 48 50 52 55 56 58 60 63 64 66 69 71 72 75 ]   sup=1
                            [2 3 5 7 9 11 14 16 17 20 21 23 25 27 29 31 34 36 39 40 42 44 47 48 50 52 55 56 58 60 62 64 66 69 71 72 75 ]   sup=1
                        [2 3 5 7 9 11 14 16 17 20 21 23 25 28 29 31 34 36 38 40 42 44 47 48 50 52 55 56 58 60 62 64 66 69 70 72 75 ]   sup=1
                    [2 3 5 7 9 11 14 16 17 19 ]   sup=43
                      [2 3 5 7 9 11 14 16 17 19 22 ]   sup=27
                        [2 3 5 7 9 11 14 16 17 19 22 24 ]   sup=22
                          [2 3 5 7 9 11 14 16 17 19 22 24 26 ]   sup=7
                            [2 3 5 7 9 11 14 16 17 19 22 24 26 28 29 31 34 36 38 40 42 44 46 49 50 52 54 56 58 60 62 64 66 69 70 73 74 ]   sup=1
                            [2 3 5 7 9 11 14 16 17 19 22 24 26 27 29 ]   sup=6
                              [2 3 5 7 9 11 14 16 17 19 22 24 26 27 29 32 34 36 38 40 42 44 46 48 50 52 54 56 58 60 62 64 66 69 70 73 74 ]   sup=1
                              [2 3 5 7 9 11 14 16 17 19 22 24 26 27 29 31 34 ]   sup=5
                                [2 3 5 7 9 11 14 16 17 19 22 24 26 27 29 31 34 36 38 40 42 44 46 49 50 52 54 56 58 60 62 64 66 69 70 73 74 ]   sup=1
                                [2 3 5 7 9 11 14 16 17 19 22 24 26 27 29 31 34 37 ]   sup=4
                                  [2 3 5 7 9 11 14 16 17 19 22 24 26 27 29 31 34 37 38 40 ]   sup=3
                                    [2 3 5 7 9 11 14 16 17 19 22 24 26 27 29 31 34 37 38 40 42 44 46 49 50 52 54 56 58 60 62 64 66 68 70 72 74 ]   sup=1
                                    [2 3 5 7 9 11 14 16 17 19 22 24 26 27 29 31 34 37 38 40 43 44 46 49 ]   sup=2
                                      [2 3 5 7 9 11 14 16 17 19 22 24 26 27 29 31 34 37 38 40 43 44 46 49 50 52 54 56 58 60 62 64 66 68 70 72 74 ]   sup=1
                                      [2 3 5 7 9 11 14 16 17 19 22 24 26 27 29 31 34 37 38 40 43 44 46 49 51 52 54 56 58 60 62 64 66 68 70 72 74 ]   sup=1
                                  [2 3 5 7 9 11 14 16 17 19 22 24 26 27 29 31 34 37 39 40 42 44 46 49 50 52 54 56 58 60 62 64 66 69 70 72 74 ]   sup=1
                          [2 3 5 7 9 11 14 16 17 19 22 24 25 ]   sup=15
                            [2 3 5 7 9 11 14 16 17 19 22 24 25 27 29 ]   sup=10
                              [2 3 5 7 9 11 14 16 17 19 22 24 25 27 29 31 34 36 38 40 ]   sup=4
                                [2 3 5 7 9 11 14 16 17 19 22 24 25 27 29 31 34 36 38 40 42 44 46 48 ]   sup=3
                                  [2 3 5 7 9 11 14 16 17 19 22 24 25 27 29 31 34 36 38 40 42 44 46 48 50 52 54 56 58 60 62 64 66 69 70 ]   sup=2
                                    [2 3 5 7 9 11 14 16 17 19 22 24 25 27 29 31 34 36 38 40 42 44 46 48 50 52 54 56 58 60 62 64 66 69 70 73 74 ]   sup=1
                                    [2 3 5 7 9 11 14 16 17 19 22 24 25 27 29 31 34 36 38 40 42 44 46 48 50 52 54 56 58 60 62 64 66 69 70 72 74 ]   sup=1
                                  [2 3 5 7 9 11 14 16 17 19 22 24 25 27 29 31 34 36 38 40 42 44 46 48 51 52 54 56 58 60 62 64 66 69 70 72 74 ]   sup=1
                                [2 3 5 7 9 11 14 16 17 19 22 24 25 27 29 31 34 36 38 40 43 44 46 48 50 52 54 56 58 60 62 64 66 69 70 73 74 ]   sup=1
                              [2 3 5 7 9 11 14 16 17 19 22 24 25 27 29 32 34 36 ]   sup=6
                                [2 3 5 7 9 11 14 16 17 19 22 24 25 27 29 32 34 36 38 40 ]   sup=5
                                  [2 3 5 7 9 11 14 16 17 19 22 24 25 27 29 32 34 36 38 40 42 44 46 48 50 52 54 56 58 60 62 64 66 69 70 ]   sup=2
                                    [2 3 5 7 9 11 14 16 17 19 22 24 25 27 29 32 34 36 38 40 42 44 46 48 50 52 54 56 58 60 62 64 66 69 70 72 74 ]   sup=1
                                    [2 3 5 7 9 11 14 16 17 19 22 24 25 27 29 32 34 36 38 40 42 44 46 48 50 52 54 56 58 60 62 64 66 69 70 73 74 ]   sup=1
                                  [2 3 5 7 9 11 14 16 17 19 22 24 25 27 29 32 34 36 38 40 43 44 46 48 ]   sup=3
                                    [2 3 5 7 9 11 14 16 17 19 22 24 25 27 29 32 34 36 38 40 43 44 46 48 50 52 54 56 58 60 62 ]   sup=2
                                      [2 3 5 7 9 11 14 16 17 19 22 24 25 27 29 32 34 36 38 40 43 44 46 48 50 52 54 56 58 60 62 64 66 68 70 72 74 ]   sup=1
                                      [2 3 5 7 9 11 14 16 17 19 22 24 25 27 29 32 34 36 38 40 43 44 46 48 50 52 54 56 58 60 62 65 66 69 70 73 74 ]   sup=1
                                    [2 3 5 7 9 11 14 16 17 19 22 24 25 27 29 32 34 36 38 40 43 44 46 48 51 52 54 56 58 60 62 64 66 68 70 72 74 ]   sup=1
                                [2 3 5 7 9 11 14 16 17 19 22 24 25 27 29 32 34 36 39 40 42 44 46 48 50 52 54 56 58 60 62 64 66 69 70 72 74 ]   sup=1
                            [2 3 5 7 9 11 14 16 17 19 22 24 25 28 29 31 34 36 38 40 42 44 46 48 ]   sup=5
                              [2 3 5 7 9 11 14 16 17 19 22 24 25 28 29 31 34 36 38 40 42 44 46 48 50 52 54 56 58 60 62 64 66 ]   sup=3
                                [2 3 5 7 9 11 14 16 17 19 22 24 25 28 29 31 34 36 38 40 42 44 46 48 50 52 54 56 58 60 62 64 66 68 70 72 74 ]   sup=1
                                [2 3 5 7 9 11 14 16 17 19 22 24 25 28 29 31 34 36 38 40 42 44 46 48 50 52 54 56 58 60 62 64 66 69 70 ]   sup=2
                                  [2 3 5 7 9 11 14 16 17 19 22 24 25 28 29 31 34 36 38 40 42 44 46 48 50 52 54 56 58 60 62 64 66 69 70 72 74 ]   sup=1
                                  [2 3 5 7 9 11 14 16 17 19 22 24 25 28 29 31 34 36 38 40 42 44 46 48 50 52 54 56 58 60 62 64 66 69 70 73 74 ]   sup=1
                              [2 3 5 7 9 11 14 16 17 19 22 24 25 28 29 31 34 36 38 40 42 44 46 48 51 52 54 56 58 60 62 64 66 ]   sup=2
                                [2 3 5 7 9 11 14 16 17 19 22 24 25 28 29 31 34 36 38 40 42 44 46 48 51 52 54 56 58 60 62 64 66 69 70 72 74 ]   sup=1
                                [2 3 5 7 9 11 14 16 17 19 22 24 25 28 29 31 34 36 38 40 42 44 46 48 51 52 54 56 58 60 62 64 66 68 70 72 74 ]   sup=1
                        [2 3 5 7 9 11 14 16 17 19 22 23 25 ]   sup=5
                          [2 3 5 7 9 11 14 16 17 19 22 23 25 27 29 31 34 36 38 40 42 44 46 48 50 52 54 56 58 60 62 64 66 ]   sup=3
                            [2 3 5 7 9 11 14 16 17 19 22 23 25 27 29 31 34 36 38 40 42 44 46 48 50 52 54 56 58 60 62 64 66 69 70 72 74 ]   sup=1
                            [2 3 5 7 9 11 14 16 17 19 22 23 25 27 29 31 34 36 38 40 42 44 46 48 50 52 54 56 58 60 62 64 66 68 70 72 ]   sup=2
                              [2 3 5 7 9 11 14 16 17 19 22 23 25 27 29 31 34 36 38 40 42 44 46 48 50 52 54 56 58 60 62 64 66 68 70 72 75 ]   sup=1
                              [2 3 5 7 9 11 14 16 17 19 22 23 25 27 29 31 34 36 38 40 42 44 46 48 50 52 54 56 58 60 62 64 66 68 70 72 74 ]   sup=1
                          [2 3 5 7 9 11 14 16 17 19 22 23 25 28 29 31 34 36 38 40 42 44 46 48 50 52 54 56 58 60 62 64 66 68 70 72 ]   sup=2
                            [2 3 5 7 9 11 14 16 17 19 22 23 25 28 29 31 34 36 38 40 42 44 46 48 50 52 54 56 58 60 62 64 66 68 70 72 74 ]   sup=1
                            [2 3 5 7 9 11 14 16 17 19 22 23 25 28 29 31 34 36 38 40 42 44 46 48 50 52 54 56 58 60 62 64 66 68 70 72 75 ]   sup=1
                      [2 3 5 7 9 11 14 16 17 19 21 ]   sup=16
                        [2 3 5 7 9 11 14 16 17 19 21 23 25 ]   sup=8
                          [2 3 5 7 9 11 14 16 17 19 21 23 25 28 29 31 34 36 38 40 42 44 46 48 ]   sup=2
                            [2 3 5 7 9 11 14 16 17 19 21 23 25 28 29 31 34 36 38 40 42 44 46 48 50 52 54 56 58 60 62 64 66 69 70 72 75 ]   sup=1
                            [2 3 5 7 9 11 14 16 17 19 21 23 25 28 29 31 34 36 38 40 42 44 46 48 51 52 54 56 58 60 62 64 66 69 70 72 74 ]   sup=1
                          [2 3 5 7 9 11 14 16 17 19 21 23 25 27 29 31 ]   sup=6
                            [2 3 5 7 9 11 14 16 17 19 21 23 25 27 29 31 35 36 38 40 42 44 46 48 50 52 55 56 58 60 62 64 66 69 71 72 ]   sup=2
                              [2 3 5 7 9 11 14 16 17 19 21 23 25 27 29 31 35 36 38 40 42 44 46 48 50 52 55 56 58 60 62 64 66 69 71 72 74 ]   sup=1
                              [2 3 5 7 9 11 14 16 17 19 21 23 25 27 29 31 35 36 38 40 42 44 46 48 50 52 55 56 58 60 62 64 66 69 71 72 75 ]   sup=1
                            [2 3 5 7 9 11 14 16 17 19 21 23 25 27 29 31 34 36 ]   sup=4
                              [2 3 5 7 9 11 14 16 17 19 21 23 25 27 29 31 34 36 38 40 42 44 46 48 50 52 55 56 58 60 62 64 66 69 71 72 74 ]   sup=1
                              [2 3 5 7 9 11 14 16 17 19 21 23 25 27 29 31 34 36 39 40 42 44 46 48 ]   sup=3
                                [2 3 5 7 9 11 14 16 17 19 21 23 25 27 29 31 34 36 39 40 42 44 46 48 51 52 54 56 58 60 62 64 66 69 71 72 74 ]   sup=1
                                [2 3 5 7 9 11 14 16 17 19 21 23 25 27 29 31 34 36 39 40 42 44 46 48 50 52 54 56 58 60 ]   sup=2
                                  [2 3 5 7 9 11 14 16 17 19 21 23 25 27 29 31 34 36 39 40 42 44 46 48 50 52 54 56 58 60 63 64 66 69 71 72 75 ]   sup=1
                                  [2 3 5 7 9 11 14 16 17 19 21 23 25 27 29 31 34 36 39 40 42 44 46 48 50 52 54 56 58 60 62 64 66 69 71 72 75 ]   sup=1
                        [2 3 5 7 9 11 14 16 17 19 21 24 ]   sup=8
                          [2 3 5 7 9 11 14 16 17 19 21 24 26 27 29 31 34 36 39 40 43 44 46 48 51 52 54 56 58 60 62 64 66 69 71 73 74 ]   sup=1
                          [2 3 5 7 9 11 14 16 17 19 21 24 25 27 29 31 ]   sup=7
                            [2 3 5 7 9 11 14 16 17 19 21 24 25 27 29 31 34 36 ]   sup=5
                              [2 3 5 7 9 11 14 16 17 19 21 24 25 27 29 31 34 36 38 40 ]   sup=3
                                [2 3 5 7 9 11 14 16 17 19 21 24 25 27 29 31 34 36 38 40 43 44 46 48 ]   sup=2
                                  [2 3 5 7 9 11 14 16 17 19 21 24 25 27 29 31 34 36 38 40 43 44 46 48 51 52 54 56 58 60 62 65 66 69 70 73 74 ]   sup=1
                                  [2 3 5 7 9 11 14 16 17 19 21 24 25 27 29 31 34 36 38 40 43 44 46 48 50 52 54 56 58 60 62 65 66 69 70 73 74 ]   sup=1
                                [2 3 5 7 9 11 14 16 17 19 21 24 25 27 29 31 34 36 38 40 42 44 46 48 50 52 54 56 58 60 62 64 66 69 70 73 74 ]   sup=1
                              [2 3 5 7 9 11 14 16 17 19 21 24 25 27 29 31 34 36 39 40 42 44 46 48 51 52 54 56 58 60 62 ]   sup=2
                                [2 3 5 7 9 11 14 16 17 19 21 24 25 27 29 31 34 36 39 40 42 44 46 48 51 52 54 56 58 60 62 64 66 69 71 73 74 ]   sup=1
                                [2 3 5 7 9 11 14 16 17 19 21 24 25 27 29 31 34 36 39 40 42 44 46 48 51 52 54 56 58 60 62 65 66 69 71 73 74 ]   sup=1
                            [2 3 5 7 9 11 14 16 17 19 21 24 25 27 29 31 35 36 ]   sup=2
                              [2 3 5 7 9 11 14 16 17 19 21 24 25 27 29 31 35 36 39 40 42 44 46 48 51 52 54 56 58 60 62 65 66 69 71 73 74 ]   sup=1
                              [2 3 5 7 9 11 14 16 17 19 21 24 25 27 29 31 35 36 38 40 43 44 46 48 50 52 54 56 58 60 62 65 66 69 71 73 74 ]   sup=1
                  [2 3 5 7 9 11 14 16 18 20 ]   sup=32
                    [2 3 5 7 9 11 14 16 18 20 21 ]   sup=17
                      [2 3 5 7 9 11 14 16 18 20 21 23 25 ]   sup=9
                        [2 3 5 7 9 11 14 16 18 20 21 23 25 28 29 31 34 36 38 40 42 44 ]   sup=2
                          [2 3 5 7 9 11 14 16 18 20 21 23 25 28 29 31 34 36 38 40 42 44 47 48 50 52 54 56 58 60 62 64 66 69 70 72 75 ]   sup=1
                          [2 3 5 7 9 11 14 16 18 20 21 23 25 28 29 31 34 36 38 40 42 44 46 48 51 52 54 56 58 60 62 64 66 69 70 72 74 ]   sup=1
                        [2 3 5 7 9 11 14 16 18 20 21 23 25 27 29 31 ]   sup=7
                          [2 3 5 7 9 11 14 16 18 20 21 23 25 27 29 31 35 36 38 40 42 44 46 48 50 52 55 56 58 60 62 64 66 69 71 72 ]   sup=2
                            [2 3 5 7 9 11 14 16 18 20 21 23 25 27 29 31 35 36 38 40 42 44 46 48 50 52 55 56 58 60 62 64 66 69 71 72 75 ]   sup=1
                            [2 3 5 7 9 11 14 16 18 20 21 23 25 27 29 31 35 36 38 40 42 44 46 48 50 52 55 56 58 60 62 64 66 69 71 72 74 ]   sup=1
                          [2 3 5 7 9 11 14 16 18 20 21 23 25 27 29 31 34 36 ]   sup=5
                            [2 3 5 7 9 11 14 16 18 20 21 23 25 27 29 31 34 36 39 40 42 44 46 48 51 52 ]   sup=2
                              [2 3 5 7 9 11 14 16 18 20 21 23 25 27 29 31 34 36 39 40 42 44 46 48 51 52 55 56 58 60 62 64 66 69 71 72 75 ]   sup=1
                              [2 3 5 7 9 11 14 16 18 20 21 23 25 27 29 31 34 36 39 40 42 44 46 48 51 52 54 56 58 60 62 64 66 69 71 72 74 ]   sup=1
                            [2 3 5 7 9 11 14 16 18 20 21 23 25 27 29 31 34 36 38 40 42 44 ]   sup=3
                              [2 3 5 7 9 11 14 16 18 20 21 23 25 27 29 31 34 36 38 40 42 44 46 48 50 52 55 56 58 60 62 64 66 69 71 72 74 ]   sup=1
                              [2 3 5 7 9 11 14 16 18 20 21 23 25 27 29 31 34 36 38 40 42 44 47 48 50 52 ]   sup=2
                                [2 3 5 7 9 11 14 16 18 20 21 23 25 27 29 31 34 36 38 40 42 44 47 48 50 52 55 56 58 60 62 64 66 69 70 72 74 ]   sup=1
                                [2 3 5 7 9 11 14 16 18 20 21 23 25 27 29 31 34 36 38 40 42 44 47 48 50 52 54 56 58 60 62 64 66 69 70 72 75 ]   sup=1
                      [2 3 5 7 9 11 14 16 18 20 21 24 25 27 29 31 ]   sup=8
                        [2 3 5 7 9 11 14 16 18 20 21 24 25 27 29 31 35 36 ]   sup=5
                          [2 3 5 7 9 11 14 16 18 20 21 24 25 27 29 31 35 36 39 40 42 44 46 48 51 52 54 56 58 60 62 ]   sup=2
                            [2 3 5 7 9 11 14 16 18 20 21 24 25 27 29 31 35 36 39 40 42 44 46 48 51 52 54 56 58 60 62 65 66 69 71 73 74 ]   sup=1
                            [2 3 5 7 9 11 14 16 18 20 21 24 25 27 29 31 35 36 39 40 42 44 46 48 51 52 54 56 58 60 62 64 66 69 71 73 74 ]   sup=1
                          [2 3 5 7 9 11 14 16 18 20 21 24 25 27 29 31 35 36 38 40 ]   sup=3
                            [2 3 5 7 9 11 14 16 18 20 21 24 25 27 29 31 35 36 38 40 43 44 46 48 50 52 54 56 58 60 62 ]   sup=2
                              [2 3 5 7 9 11 14 16 18 20 21 24 25 27 29 31 35 36 38 40 43 44 46 48 50 52 54 56 58 60 62 65 66 69 71 73 74 ]   sup=1
                              [2 3 5 7 9 11 14 16 18 20 21 24 25 27 29 31 35 36 38 40 43 44 46 48 50 52 54 56 58 60 62 64 66 69 71 73 74 ]   sup=1
                            [2 3 5 7 9 11 14 16 18 20 21 24 25 27 29 31 35 36 38 40 42 44 46 48 50 52 54 56 58 60 62 64 66 69 71 73 74 ]   sup=1
                        [2 3 5 7 9 11 14 16 18 20 21 24 25 27 29 31 34 36 38 40 ]   sup=3
                          [2 3 5 7 9 11 14 16 18 20 21 24 25 27 29 31 34 36 38 40 42 44 47 48 50 52 54 56 58 60 62 64 66 69 70 73 74 ]   sup=1
                          [2 3 5 7 9 11 14 16 18 20 21 24 25 27 29 31 34 36 38 40 43 44 47 48 50 52 54 56 58 60 62 ]   sup=2
                            [2 3 5 7 9 11 14 16 18 20 21 24 25 27 29 31 34 36 38 40 43 44 47 48 50 52 54 56 58 60 62 65 66 69 70 73 74 ]   sup=1
                            [2 3 5 7 9 11 14 16 18 20 21 24 25 27 29 31 34 36 38 40 43 44 47 48 50 52 54 56 58 60 62 64 66 69 70 73 74 ]   sup=1
                    [2 3 5 7 9 11 14 16 18 20 22 ]   sup=15
                      [2 3 5 7 9 11 14 16 18 20 22 24 25 ]   sup=9
                        [2 3 5 7 9 11 14 16 18 20 22 24 25 28 29 31 34 36 38 40 42 44 46 48 50 52 54 56 58 60 62 64 66 69 70 ]   sup=2
                          [2 3 5 7 9 11 14 16 18 20 22 24 25 28 29 31 34 36 38 40 42 44 46 48 50 52 54 56 58 60 62 64 66 69 70 72 74 ]   sup=1
                          [2 3 5 7 9 11 14 16 18 20 22 24 25 28 29 31 34 36 38 40 42 44 46 48 50 52 54 56 58 60 62 64 66 69 70 73 74 ]   sup=1
                        [2 3 5 7 9 11 14 16 18 20 22 24 25 27 29 ]   sup=7
                          [2 3 5 7 9 11 14 16 18 20 22 24 25 27 29 31 34 36 38 40 ]   sup=3
                            [2 3 5 7 9 11 14 16 18 20 22 24 25 27 29 31 34 36 38 40 42 44 46 48 50 52 54 56 58 60 62 64 66 69 70 ]   sup=2
                              [2 3 5 7 9 11 14 16 18 20 22 24 25 27 29 31 34 36 38 40 42 44 46 48 50 52 54 56 58 60 62 64 66 69 70 72 74 ]   sup=1
                              [2 3 5 7 9 11 14 16 18 20 22 24 25 27 29 31 34 36 38 40 42 44 46 48 50 52 54 56 58 60 62 64 66 69 70 73 74 ]   sup=1
                            [2 3 5 7 9 11 14 16 18 20 22 24 25 27 29 31 34 36 38 40 43 44 46 48 50 52 54 56 58 60 62 64 66 69 70 73 74 ]   sup=1
                          [2 3 5 7 9 11 14 16 18 20 22 24 25 27 29 32 34 36 38 40 ]   sup=4
                            [2 3 5 7 9 11 14 16 18 20 22 24 25 27 29 32 34 36 38 40 42 44 46 48 50 52 54 56 58 60 62 64 66 69 70 ]   sup=2
                              [2 3 5 7 9 11 14 16 18 20 22 24 25 27 29 32 34 36 38 40 42 44 46 48 50 52 54 56 58 60 62 64 66 69 70 73 74 ]   sup=1
                              [2 3 5 7 9 11 14 16 18 20 22 24 25 27 29 32 34 36 38 40 42 44 46 48 50 52 54 56 58 60 62 64 66 69 70 72 74 ]   sup=1
                            [2 3 5 7 9 11 14 16 18 20 22 24 25 27 29 32 34 36 38 40 43 44 46 48 50 52 54 56 58 60 62 64 66 69 70 ]   sup=2
                              [2 3 5 7 9 11 14 16 18 20 22 24 25 27 29 32 34 36 38 40 43 44 46 48 50 52 54 56 58 60 62 64 66 69 70 72 74 ]   sup=1
                              [2 3 5 7 9 11 14 16 18 20 22 24 25 27 29 32 34 36 38 40 43 44 46 48 50 52 54 56 58 60 62 64 66 69 70 73 74 ]   sup=1
                      [2 3 5 7 9 11 14 16 18 20 22 23 25 ]   sup=6
                        [2 3 5 7 9 11 14 16 18 20 22 23 25 28 29 31 34 36 38 40 42 44 46 48 50 52 54 56 58 60 62 64 66 68 70 72 ]   sup=2
                          [2 3 5 7 9 11 14 16 18 20 22 23 25 28 29 31 34 36 38 40 42 44 46 48 50 52 54 56 58 60 62 64 66 68 70 72 74 ]   sup=1
                          [2 3 5 7 9 11 14 16 18 20 22 23 25 28 29 31 34 36 38 40 42 44 46 48 50 52 54 56 58 60 62 64 66 68 70 72 75 ]   sup=1
                        [2 3 5 7 9 11 14 16 18 20 22 23 25 27 29 31 34 36 38 40 42 44 46 48 50 52 ]   sup=4
                          [2 3 5 7 9 11 14 16 18 20 22 23 25 27 29 31 34 36 38 40 42 44 46 48 50 52 54 56 58 60 62 64 66 ]   sup=3
                            [2 3 5 7 9 11 14 16 18 20 22 23 25 27 29 31 34 36 38 40 42 44 46 48 50 52 54 56 58 60 62 64 66 68 70 72 ]   sup=2
                              [2 3 5 7 9 11 14 16 18 20 22 23 25 27 29 31 34 36 38 40 42 44 46 48 50 52 54 56 58 60 62 64 66 68 70 72 74 ]   sup=1
                              [2 3 5 7 9 11 14 16 18 20 22 23 25 27 29 31 34 36 38 40 42 44 46 48 50 52 54 56 58 60 62 64 66 68 70 72 75 ]   sup=1
                            [2 3 5 7 9 11 14 16 18 20 22 23 25 27 29 31 34 36 38 40 42 44 46 48 50 52 54 56 58 60 62 64 66 69 70 72 74 ]   sup=1
                          [2 3 5 7 9 11 14 16 18 20 22 23 25 27 29 31 34 36 38 40 42 44 46 48 50 52 55 56 58 60 62 64 66 69 70 72 75 ]   sup=1
              [2 3 5 7 9 11 13 ]   sup=457
                [2 3 5 7 9 11 13 15 17 ]   sup=335
                  [2 3 5 7 9 11 13 15 17 19 ]   sup=274
                    [2 3 5 7 9 11 13 15 17 19 21 ]   sup=142
                      [2 3 5 7 9 11 13 15 17 19 21 24 ]   sup=53
                        [2 3 5 7 9 11 13 15 17 19 21 24 25 ]   sup=44
                          [2 3 5 7 9 11 13 15 17 19 21 24 25 27 29 ]   sup=36
                            [2 3 5 7 9 11 13 15 17 19 21 24 25 27 29 33 34 36 38 40 42 44 46 48 50 52 54 56 58 60 62 65 66 68 70 ]   sup=2
                              [2 3 5 7 9 11 13 15 17 19 21 24 25 27 29 33 34 36 38 40 42 44 46 48 50 52 54 56 58 60 62 65 66 68 70 72 74 ]   sup=1
                              [2 3 5 7 9 11 13 15 17 19 21 24 25 27 29 33 34 36 38 40 42 44 46 48 50 52 54 56 58 60 62 65 66 68 70 73 74 ]   sup=1
                            [2 3 5 7 9 11 13 15 17 19 21 24 25 27 29 31 ]   sup=34
                              [2 3 5 7 9 11 13 15 17 19 21 24 25 27 29 31 34 ]   sup=33
                                [2 3 5 7 9 11 13 15 17 19 21 24 25 27 29 31 34 36 ]   sup=31
                                  [2 3 5 7 9 11 13 15 17 19 21 24 25 27 29 31 34 36 38 40 ]   sup=15
                                    [2 3 5 7 9 11 13 15 17 19 21 24 25 27 29 31 34 36 38 40 43 44 46 48 ]   sup=9
                                      [2 3 5 7 9 11 13 15 17 19 21 24 25 27 29 31 34 36 38 40 43 44 46 48 51 ]   sup=3
                                        [2 3 5 7 9 11 13 15 17 19 21 24 25 27 29 31 34 36 38 40 43 44 46 48 51 52 54 ]   sup=2
                                          [2 3 5 7 9 11 13 15 17 19 21 24 25 27 29 31 34 36 38 40 43 44 46 48 51 52 54 57 58 60 62 65 66 69 70 73 74 ]   sup=1
                                          [2 3 5 7 9 11 13 15 17 19 21 24 25 27 29 31 34 36 38 40 43 44 46 48 51 52 54 56 58 60 62 65 66 69 70 73 74 ]   sup=1
                                        [2 3 5 7 9 11 13 15 17 19 21 24 25 27 29 31 34 36 38 40 43 44 46 48 51 53 54 57 58 60 62 65 66 69 70 73 74 ]   sup=1
                                      [2 3 5 7 9 11 13 15 17 19 21 24 25 27 29 31 34 36 38 40 43 44 46 48 50 ]   sup=6
                                        [2 3 5 7 9 11 13 15 17 19 21 24 25 27 29 31 34 36 38 40 43 44 46 48 50 52 54 ]   sup=5
                                          [2 3 5 7 9 11 13 15 17 19 21 24 25 27 29 31 34 36 38 40 43 44 46 48 50 52 54 56 58 60 62 ]   sup=3
                                            [2 3 5 7 9 11 13 15 17 19 21 24 25 27 29 31 34 36 38 40 43 44 46 48 50 52 54 56 58 60 62 64 66 69 70 73 74 ]   sup=1
                                            [2 3 5 7 9 11 13 15 17 19 21 24 25 27 29 31 34 36 38 40 43 44 46 48 50 52 54 56 58 60 62 65 66 ]   sup=2
                                              [2 3 5 7 9 11 13 15 17 19 21 24 25 27 29 31 34 36 38 40 43 44 46 48 50 52 54 56 58 60 62 65 66 69 70 73 74 ]   sup=1
                                              [2 3 5 7 9 11 13 15 17 19 21 24 25 27 29 31 34 36 38 40 43 44 46 48 50 52 54 56 58 60 62 65 66 68 70 73 74 ]   sup=1
                                          [2 3 5 7 9 11 13 15 17 19 21 24 25 27 29 31 34 36 38 40 43 44 46 48 50 52 54 57 58 60 62 ]   sup=2
                                            [2 3 5 7 9 11 13 15 17 19 21 24 25 27 29 31 34 36 38 40 43 44 46 48 50 52 54 57 58 60 62 64 66 69 70 73 74 ]   sup=1
                                            [2 3 5 7 9 11 13 15 17 19 21 24 25 27 29 31 34 36 38 40 43 44 46 48 50 52 54 57 58 60 62 65 66 69 70 73 74 ]   sup=1
                                        [2 3 5 7 9 11 13 15 17 19 21 24 25 27 29 31 34 36 38 40 43 44 46 48 50 53 54 57 58 60 62 65 66 69 70 73 74 ]   sup=1
                                    [2 3 5 7 9 11 13 15 17 19 21 24 25 27 29 31 34 36 38 40 42 44 46 ]   sup=6
                                      [2 3 5 7 9 11 13 15 17 19 21 24 25 27 29 31 34 36 38 40 42 44 46 49 50 52 54 56 58 60 62 ]   sup=2
                                        [2 3 5 7 9 11 13 15 17 19 21 24 25 27 29 31 34 36 38 40 42 44 46 49 50 52 54 56 58 60 62 65 66 68 70 72 74 ]   sup=1
                                        [2 3 5 7 9 11 13 15 17 19 21 24 25 27 29 31 34 36 38 40 42 44 46 49 50 52 54 56 58 60 62 64 66 69 70 73 74 ]   sup=1
                                      [2 3 5 7 9 11 13 15 17 19 21 24 25 27 29 31 34 36 38 40 42 44 46 48 ]   sup=4
                                        [2 3 5 7 9 11 13 15 17 19 21 24 25 27 29 31 34 36 38 40 42 44 46 48 51 52 54 56 58 60 62 65 66 ]   sup=2
                                          [2 3 5 7 9 11 13 15 17 19 21 24 25 27 29 31 34 36 38 40 42 44 46 48 51 52 54 56 58 60 62 65 66 68 70 73 74 ]   sup=1
                                          [2 3 5 7 9 11 13 15 17 19 21 24 25 27 29 31 34 36 38 40 42 44 46 48 51 52 54 56 58 60 62 65 66 69 70 73 74 ]   sup=1
                                        [2 3 5 7 9 11 13 15 17 19 21 24 25 27 29 31 34 36 38 40 42 44 46 48 50 52 54 56 58 60 62 65 66 ]   sup=2
                                          [2 3 5 7 9 11 13 15 17 19 21 24 25 27 29 31 34 36 38 40 42 44 46 48 50 52 54 56 58 60 62 65 66 68 70 73 74 ]   sup=1
                                          [2 3 5 7 9 11 13 15 17 19 21 24 25 27 29 31 34 36 38 40 42 44 46 48 50 52 54 56 58 60 62 65 66 69 70 73 74 ]   sup=1
                                  [2 3 5 7 9 11 13 15 17 19 21 24 25 27 29 31 34 36 39 ]   sup=16
                                    [2 3 5 7 9 11 13 15 17 19 21 24 25 27 29 31 34 36 39 40 ]   sup=14
                                      [2 3 5 7 9 11 13 15 17 19 21 24 25 27 29 31 34 36 39 40 42 44 46 48 ]   sup=4
                                        [2 3 5 7 9 11 13 15 17 19 21 24 25 27 29 31 34 36 39 40 42 44 46 48 50 ]   sup=2
                                          [2 3 5 7 9 11 13 15 17 19 21 24 25 27 29 31 34 36 39 40 42 44 46 48 50 52 54 56 58 60 62 64 66 68 71 73 74 ]   sup=1
                                          [2 3 5 7 9 11 13 15 17 19 21 24 25 27 29 31 34 36 39 40 42 44 46 48 50 53 54 56 58 60 62 65 66 69 71 73 74 ]   sup=1
                                        [2 3 5 7 9 11 13 15 17 19 21 24 25 27 29 31 34 36 39 40 42 44 46 48 51 ]   sup=2
                                          [2 3 5 7 9 11 13 15 17 19 21 24 25 27 29 31 34 36 39 40 42 44 46 48 51 53 54 56 58 60 62 65 66 68 71 73 74 ]   sup=1
                                          [2 3 5 7 9 11 13 15 17 19 21 24 25 27 29 31 34 36 39 40 42 44 46 48 51 52 54 56 58 60 62 64 66 68 71 73 74 ]   sup=1
                                      [2 3 5 7 9 11 13 15 17 19 21 24 25 27 29 31 34 36 39 40 43 44 46 48 ]   sup=10
                                        [2 3 5 7 9 11 13 15 17 19 21 24 25 27 29 31 34 36 39 40 43 44 46 48 50 52 54 ]   sup=7
                                          [2 3 5 7 9 11 13 15 17 19 21 24 25 27 29 31 34 36 39 40 43 44 46 48 50 52 54 57 58 60 62 ]   sup=2
                                            [2 3 5 7 9 11 13 15 17 19 21 24 25 27 29 31 34 36 39 40 43 44 46 48 50 52 54 57 58 60 62 65 66 69 70 73 74 ]   sup=1
                                            [2 3 5 7 9 11 13 15 17 19 21 24 25 27 29 31 34 36 39 40 43 44 46 48 50 52 54 57 58 60 62 64 66 69 70 73 74 ]   sup=1
                                          [2 3 5 7 9 11 13 15 17 19 21 24 25 27 29 31 34 36 39 40 43 44 46 48 50 52 54 56 58 60 62 ]   sup=5
                                            [2 3 5 7 9 11 13 15 17 19 21 24 25 27 29 31 34 36 39 40 43 44 46 48 50 52 54 56 58 60 62 65 66 ]   sup=3
                                              [2 3 5 7 9 11 13 15 17 19 21 24 25 27 29 31 34 36 39 40 43 44 46 48 50 52 54 56 58 60 62 65 66 68 71 73 74 ]   sup=1
                                              [2 3 5 7 9 11 13 15 17 19 21 24 25 27 29 31 34 36 39 40 43 44 46 48 50 52 54 56 58 60 62 65 66 69 ]   sup=2
                                                [2 3 5 7 9 11 13 15 17 19 21 24 25 27 29 31 34 36 39 40 43 44 46 48 50 52 54 56 58 60 62 65 66 69 71 73 74 ]   sup=1
                                                [2 3 5 7 9 11 13 15 17 19 21 24 25 27 29 31 34 36 39 40 43 44 46 48 50 52 54 56 58 60 62 65 66 69 70 73 74 ]   sup=1
                                            [2 3 5 7 9 11 13 15 17 19 21 24 25 27 29 31 34 36 39 40 43 44 46 48 50 52 54 56 58 60 62 64 66 ]   sup=2
                                              [2 3 5 7 9 11 13 15 17 19 21 24 25 27 29 31 34 36 39 40 43 44 46 48 50 52 54 56 58 60 62 64 66 68 71 73 74 ]   sup=1
                                              [2 3 5 7 9 11 13 15 17 19 21 24 25 27 29 31 34 36 39 40 43 44 46 48 50 52 54 56 58 60 62 64 66 69 70 73 74 ]   sup=1
                                        [2 3 5 7 9 11 13 15 17 19 21 24 25 27 29 31 34 36 39 40 43 44 46 48 51 52 54 ]   sup=3
                                          [2 3 5 7 9 11 13 15 17 19 21 24 25 27 29 31 34 36 39 40 43 44 46 48 51 52 54 57 58 60 62 65 66 69 70 73 74 ]   sup=1
                                          [2 3 5 7 9 11 13 15 17 19 21 24 25 27 29 31 34 36 39 40 43 44 46 48 51 52 54 56 58 60 62 ]   sup=2
                                            [2 3 5 7 9 11 13 15 17 19 21 24 25 27 29 31 34 36 39 40 43 44 46 48 51 52 54 56 58 60 62 65 66 68 71 73 74 ]   sup=1
                                            [2 3 5 7 9 11 13 15 17 19 21 24 25 27 29 31 34 36 39 40 43 44 46 48 51 52 54 56 58 60 62 64 66 68 71 73 74 ]   sup=1
                                    [2 3 5 7 9 11 13 15 17 19 21 24 25 27 29 31 34 36 39 41 42 44 46 48 51 52 54 56 58 60 63 65 66 ]   sup=2
                                      [2 3 5 7 9 11 13 15 17 19 21 24 25 27 29 31 34 36 39 41 42 44 46 48 51 52 54 56 58 60 63 65 66 68 71 73 74 ]   sup=1
                                      [2 3 5 7 9 11 13 15 17 19 21 24 25 27 29 31 34 36 39 41 42 44 46 48 51 52 54 56 58 60 63 65 66 69 71 73 74 ]   sup=1
                                [2 3 5 7 9 11 13 15 17 19 21 24 25 27 29 31 34 37 38 40 42 44 46 ]   sup=2
                                  [2 3 5 7 9 11 13 15 17 19 21 24 25 27 29 31 34 37 38 40 42 44 46 49 50 52 54 56 58 60 62 64 66 69 70 73 74 ]   sup=1
                                  [2 3 5 7 9 11 13 15 17 19 21 24 25 27 29 31 34 37 38 40 42 44 46 48 50 52 54 56 58 60 62 65 66 69 70 73 74 ]   sup=1
                              [2 3 5 7 9 11 13 15 17 19 21 24 25 27 29 31 35 36 39 40 42 44 46 48 51 52 54 56 58 60 62 65 66 69 71 73 74 ]   sup=1
                          [2 3 5 7 9 11 13 15 17 19 21 24 25 28 29 ]   sup=8
                            [2 3 5 7 9 11 13 15 17 19 21 24 25 28 29 31 34 36 38 40 42 44 46 ]   sup=4
                              [2 3 5 7 9 11 13 15 17 19 21 24 25 28 29 31 34 36 38 40 42 44 46 49 50 52 54 56 58 60 62 64 66 68 70 72 74 ]   sup=1
                              [2 3 5 7 9 11 13 15 17 19 21 24 25 28 29 31 34 36 38 40 42 44 46 48 ]   sup=3
                                [2 3 5 7 9 11 13 15 17 19 21 24 25 28 29 31 34 36 38 40 42 44 46 48 51 52 54 56 58 60 ]   sup=2
                                  [2 3 5 7 9 11 13 15 17 19 21 24 25 28 29 31 34 36 38 40 42 44 46 48 51 52 54 56 58 60 62 64 66 68 70 73 74 ]   sup=1
                                  [2 3 5 7 9 11 13 15 17 19 21 24 25 28 29 31 34 36 38 40 42 44 46 48 51 52 54 56 58 60 63 64 66 68 70 73 74 ]   sup=1
                                [2 3 5 7 9 11 13 15 17 19 21 24 25 28 29 31 34 36 38 40 42 44 46 48 50 52 54 56 58 60 62 64 66 68 70 73 74 ]   sup=1
                            [2 3 5 7 9 11 13 15 17 19 21 24 25 28 29 33 34 ]   sup=4
                              [2 3 5 7 9 11 13 15 17 19 21 24 25 28 29 33 34 36 38 40 42 44 46 ]   sup=3
                                [2 3 5 7 9 11 13 15 17 19 21 24 25 28 29 33 34 36 38 40 42 44 46 49 50 52 54 56 58 60 62 64 66 68 70 72 74 ]   sup=1
                                [2 3 5 7 9 11 13 15 17 19 21 24 25 28 29 33 34 36 38 40 42 44 46 48 50 52 54 56 58 60 62 64 66 68 70 ]   sup=2
                                  [2 3 5 7 9 11 13 15 17 19 21 24 25 28 29 33 34 36 38 40 42 44 46 48 50 52 54 56 58 60 62 64 66 68 70 73 74 ]   sup=1
                                  [2 3 5 7 9 11 13 15 17 19 21 24 25 28 29 33 34 36 38 40 42 44 46 48 50 52 54 56 58 60 62 64 66 68 70 72 74 ]   sup=1
                              [2 3 5 7 9 11 13 15 17 19 21 24 25 28 29 33 34 37 38 40 42 44 46 49 50 52 54 56 58 60 62 64 66 68 70 72 74 ]   sup=1
                        [2 3 5 7 9 11 13 15 17 19 21 24 26 ]   sup=9
                          [2 3 5 7 9 11 13 15 17 19 21 24 26 27 29 31 34 36 ]   sup=7
                            [2 3 5 7 9 11 13 15 17 19 21 24 26 27 29 31 34 36 38 40 ]   sup=2
                              [2 3 5 7 9 11 13 15 17 19 21 24 26 27 29 31 34 36 38 40 43 44 46 49 50 52 54 56 58 60 62 65 66 68 70 73 74 ]   sup=1
                              [2 3 5 7 9 11 13 15 17 19 21 24 26 27 29 31 34 36 38 40 42 44 46 49 50 52 54 56 58 60 62 65 66 68 70 73 74 ]   sup=1
                            [2 3 5 7 9 11 13 15 17 19 21 24 26 27 29 31 34 36 39 40 ]   sup=5
                              [2 3 5 7 9 11 13 15 17 19 21 24 26 27 29 31 34 36 39 40 42 44 46 ]   sup=2
                                [2 3 5 7 9 11 13 15 17 19 21 24 26 27 29 31 34 36 39 40 42 44 46 49 51 52 54 56 58 60 62 64 66 68 71 73 74 ]   sup=1
                                [2 3 5 7 9 11 13 15 17 19 21 24 26 27 29 31 34 36 39 40 42 44 46 48 51 53 54 56 58 60 62 65 66 69 71 73 74 ]   sup=1
                              [2 3 5 7 9 11 13 15 17 19 21 24 26 27 29 31 34 36 39 40 43 44 46 ]   sup=3
                                [2 3 5 7 9 11 13 15 17 19 21 24 26 27 29 31 34 36 39 40 43 44 46 48 51 52 54 56 58 60 62 65 66 69 71 73 74 ]   sup=1
                                [2 3 5 7 9 11 13 15 17 19 21 24 26 27 29 31 34 36 39 40 43 44 46 49 ]   sup=2
                                  [2 3 5 7 9 11 13 15 17 19 21 24 26 27 29 31 34 36 39 40 43 44 46 49 51 52 54 56 58 60 62 65 66 68 71 73 74 ]   sup=1
                                  [2 3 5 7 9 11 13 15 17 19 21 24 26 27 29 31 34 36 39 40 43 44 46 49 50 52 54 56 58 60 62 65 66 68 71 73 74 ]   sup=1
                          [2 3 5 7 9 11 13 15 17 19 21 24 26 28 29 31 34 36 38 40 42 44 46 49 ]   sup=2
                            [2 3 5 7 9 11 13 15 17 19 21 24 26 28 29 31 34 36 38 40 42 44 46 49 51 52 54 56 58 60 62 64 66 68 70 73 74 ]   sup=1
                            [2 3 5 7 9 11 13 15 17 19 21 24 26 28 29 31 34 36 38 40 42 44 46 49 50 52 54 56 58 60 62 64 66 68 70 73 74 ]   sup=1
                      [2 3 5 7 9 11 13 15 17 19 21 23 ]   sup=89
                        [2 3 5 7 9 11 13 15 17 19 21 23 26 ]   sup=16
                          [2 3 5 7 9 11 13 15 17 19 21 23 26 27 29 31 34 36 ]   sup=6
                            [2 3 5 7 9 11 13 15 17 19 21 23 26 27 29 31 34 36 38 40 42 44 46 48 ]   sup=4
                              [2 3 5 7 9 11 13 15 17 19 21 23 26 27 29 31 34 36 38 40 42 44 46 48 50 52 ]   sup=2
                                [2 3 5 7 9 11 13 15 17 19 21 23 26 27 29 31 34 36 38 40 42 44 46 48 50 52 54 56 58 60 62 64 66 69 70 72 74 ]   sup=1
                                [2 3 5 7 9 11 13 15 17 19 21 23 26 27 29 31 34 36 38 40 42 44 46 48 50 52 55 56 58 60 62 64 66 69 70 72 74 ]   sup=1
                              [2 3 5 7 9 11 13 15 17 19 21 23 26 27 29 31 34 36 38 40 42 44 46 48 51 52 55 56 58 60 62 64 66 69 70 72 ]   sup=2
                                [2 3 5 7 9 11 13 15 17 19 21 23 26 27 29 31 34 36 38 40 42 44 46 48 51 52 55 56 58 60 62 64 66 69 70 72 75 ]   sup=1
                                [2 3 5 7 9 11 13 15 17 19 21 23 26 27 29 31 34 36 38 40 42 44 46 48 51 52 55 56 58 60 62 64 66 69 70 72 74 ]   sup=1
                            [2 3 5 7 9 11 13 15 17 19 21 23 26 27 29 31 34 36 39 40 42 44 46 48 50 52 ]   sup=2
                              [2 3 5 7 9 11 13 15 17 19 21 23 26 27 29 31 34 36 39 40 42 44 46 48 50 52 55 57 58 60 62 64 66 69 71 72 75 ]   sup=1
                              [2 3 5 7 9 11 13 15 17 19 21 23 26 27 29 31 34 36 39 40 42 44 46 48 50 52 54 57 58 60 63 64 66 69 71 72 75 ]   sup=1
                          [2 3 5 7 9 11 13 15 17 19 21 23 26 28 29 31 34 36 38 40 42 44 46 48 ]   sup=10
                            [2 3 5 7 9 11 13 15 17 19 21 23 26 28 29 31 34 36 38 40 42 44 46 48 50 52 ]   sup=7
                              [2 3 5 7 9 11 13 15 17 19 21 23 26 28 29 31 34 36 38 40 42 44 46 48 50 52 54 ]   sup=4
                                [2 3 5 7 9 11 13 15 17 19 21 23 26 28 29 31 34 36 38 40 42 44 46 48 50 52 54 57 58 60 62 64 66 69 70 72 75 ]   sup=1
                                [2 3 5 7 9 11 13 15 17 19 21 23 26 28 29 31 34 36 38 40 42 44 46 48 50 52 54 56 58 60 62 64 66 ]   sup=3
                                  [2 3 5 7 9 11 13 15 17 19 21 23 26 28 29 31 34 36 38 40 42 44 46 48 50 52 54 56 58 60 62 64 66 69 70 72 ]   sup=2
                                    [2 3 5 7 9 11 13 15 17 19 21 23 26 28 29 31 34 36 38 40 42 44 46 48 50 52 54 56 58 60 62 64 66 69 70 72 74 ]   sup=1
                                    [2 3 5 7 9 11 13 15 17 19 21 23 26 28 29 31 34 36 38 40 42 44 46 48 50 52 54 56 58 60 62 64 66 69 70 72 75 ]   sup=1
                                  [2 3 5 7 9 11 13 15 17 19 21 23 26 28 29 31 34 36 38 40 42 44 46 48 50 52 54 56 58 60 62 64 66 68 70 72 75 ]   sup=1
                              [2 3 5 7 9 11 13 15 17 19 21 23 26 28 29 31 34 36 38 40 42 44 46 48 50 52 55 ]   sup=3
                                [2 3 5 7 9 11 13 15 17 19 21 23 26 28 29 31 34 36 38 40 42 44 46 48 50 52 55 57 58 60 62 64 66 69 70 72 75 ]   sup=1
                                [2 3 5 7 9 11 13 15 17 19 21 23 26 28 29 31 34 36 38 40 42 44 46 48 50 52 55 56 58 60 62 64 66 69 70 72 ]   sup=2
                                  [2 3 5 7 9 11 13 15 17 19 21 23 26 28 29 31 34 36 38 40 42 44 46 48 50 52 55 56 58 60 62 64 66 69 70 72 74 ]   sup=1
                                  [2 3 5 7 9 11 13 15 17 19 21 23 26 28 29 31 34 36 38 40 42 44 46 48 50 52 55 56 58 60 62 64 66 69 70 72 75 ]   sup=1
                            [2 3 5 7 9 11 13 15 17 19 21 23 26 28 29 31 34 36 38 40 42 44 46 48 51 52 ]   sup=3
                              [2 3 5 7 9 11 13 15 17 19 21 23 26 28 29 31 34 36 38 40 42 44 46 48 51 52 55 56 58 60 62 64 66 69 70 72 74 ]   sup=1
                              [2 3 5 7 9 11 13 15 17 19 21 23 26 28 29 31 34 36 38 40 42 44 46 48 51 52 54 56 58 60 ]   sup=2
                                [2 3 5 7 9 11 13 15 17 19 21 23 26 28 29 31 34 36 38 40 42 44 46 48 51 52 54 56 58 60 62 64 66 69 70 72 74 ]   sup=1
                                [2 3 5 7 9 11 13 15 17 19 21 23 26 28 29 31 34 36 38 40 42 44 46 48 51 52 54 56 58 60 63 64 66 68 70 72 75 ]   sup=1
                        [2 3 5 7 9 11 13 15 17 19 21 23 25 ]   sup=73
                          [2 3 5 7 9 11 13 15 17 19 21 23 25 27 29 ]   sup=37
                            [2 3 5 7 9 11 13 15 17 19 21 23 25 27 29 33 34 36 38 40 42 44 46 48 50 52 54 56 58 60 62 64 67 68 70 73 74 ]   sup=1
                            [2 3 5 7 9 11 13 15 17 19 21 23 25 27 29 31 ]   sup=32
                              [2 3 5 7 9 11 13 15 17 19 21 23 25 27 29 31 34 ]   sup=30
                                [2 3 5 7 9 11 13 15 17 19 21 23 25 27 29 31 34 36 ]   sup=28
                                  [2 3 5 7 9 11 13 15 17 19 21 23 25 27 29 31 34 36 38 40 42 44 46 ]   sup=18
                                    [2 3 5 7 9 11 13 15 17 19 21 23 25 27 29 31 34 36 38 40 42 44 46 49 ]   sup=5
                                      [2 3 5 7 9 11 13 15 17 19 21 23 25 27 29 31 34 36 38 40 42 44 46 49 51 52 55 56 58 60 62 64 66 68 70 72 74 ]   sup=1
                                      [2 3 5 7 9 11 13 15 17 19 21 23 25 27 29 31 34 36 38 40 42 44 46 49 50 52 55 56 58 60 62 64 66 ]   sup=4
                                        [2 3 5 7 9 11 13 15 17 19 21 23 25 27 29 31 34 36 38 40 42 44 46 49 50 52 55 56 58 60 62 64 66 69 70 72 ]   sup=2
                                          [2 3 5 7 9 11 13 15 17 19 21 23 25 27 29 31 34 36 38 40 42 44 46 49 50 52 55 56 58 60 62 64 66 69 70 72 75 ]   sup=1
                                          [2 3 5 7 9 11 13 15 17 19 21 23 25 27 29 31 34 36 38 40 42 44 46 49 50 52 55 56 58 60 62 64 66 69 70 72 74 ]   sup=1
                                        [2 3 5 7 9 11 13 15 17 19 21 23 25 27 29 31 34 36 38 40 42 44 46 49 50 52 55 56 58 60 62 64 66 68 70 72 ]   sup=2
                                          [2 3 5 7 9 11 13 15 17 19 21 23 25 27 29 31 34 36 38 40 42 44 46 49 50 52 55 56 58 60 62 64 66 68 70 72 74 ]   sup=1
                                          [2 3 5 7 9 11 13 15 17 19 21 23 25 27 29 31 34 36 38 40 42 44 46 49 50 52 55 56 58 60 62 64 66 68 70 72 75 ]   sup=1
                                    [2 3 5 7 9 11 13 15 17 19 21 23 25 27 29 31 34 36 38 40 42 44 46 48 ]   sup=13
                                      [2 3 5 7 9 11 13 15 17 19 21 23 25 27 29 31 34 36 38 40 42 44 46 48 51 52 ]   sup=7
                                        [2 3 5 7 9 11 13 15 17 19 21 23 25 27 29 31 34 36 38 40 42 44 46 48 51 52 54 56 58 60 62 ]   sup=3
                                          [2 3 5 7 9 11 13 15 17 19 21 23 25 27 29 31 34 36 38 40 42 44 46 48 51 52 54 56 58 60 62 64 ]   sup=2
                                            [2 3 5 7 9 11 13 15 17 19 21 23 25 27 29 31 34 36 38 40 42 44 46 48 51 52 54 56 58 60 62 64 67 68 70 73 74 ]   sup=1
                                            [2 3 5 7 9 11 13 15 17 19 21 23 25 27 29 31 34 36 38 40 42 44 46 48 51 52 54 56 58 60 62 64 66 69 70 72 74 ]   sup=1
                                          [2 3 5 7 9 11 13 15 17 19 21 23 25 27 29 31 34 36 38 40 42 44 46 48 51 52 54 56 58 60 62 65 67 68 70 73 74 ]   sup=1
                                        [2 3 5 7 9 11 13 15 17 19 21 23 25 27 29 31 34 36 38 40 42 44 46 48 51 52 55 ]   sup=4
                                          [2 3 5 7 9 11 13 15 17 19 21 23 25 27 29 31 34 36 38 40 42 44 46 48 51 52 55 56 58 60 ]   sup=3
                                            [2 3 5 7 9 11 13 15 17 19 21 23 25 27 29 31 34 36 38 40 42 44 46 48 51 52 55 56 58 60 62 64 66 69 70 72 ]   sup=2
                                              [2 3 5 7 9 11 13 15 17 19 21 23 25 27 29 31 34 36 38 40 42 44 46 48 51 52 55 56 58 60 62 64 66 69 70 72 74 ]   sup=1
                                              [2 3 5 7 9 11 13 15 17 19 21 23 25 27 29 31 34 36 38 40 42 44 46 48 51 52 55 56 58 60 62 64 66 69 70 72 75 ]   sup=1
                                            [2 3 5 7 9 11 13 15 17 19 21 23 25 27 29 31 34 36 38 40 42 44 46 48 51 52 55 56 58 60 63 64 66 69 70 72 74 ]   sup=1
                                          [2 3 5 7 9 11 13 15 17 19 21 23 25 27 29 31 34 36 38 40 42 44 46 48 51 52 55 57 58 60 62 64 66 69 70 72 75 ]   sup=1
                                      [2 3 5 7 9 11 13 15 17 19 21 23 25 27 29 31 34 36 38 40 42 44 46 48 50 52 ]   sup=6
                                        [2 3 5 7 9 11 13 15 17 19 21 23 25 27 29 31 34 36 38 40 42 44 46 48 50 52 54 56 58 60 62 ]   sup=3
                                          [2 3 5 7 9 11 13 15 17 19 21 23 25 27 29 31 34 36 38 40 42 44 46 48 50 52 54 56 58 60 62 65 67 68 70 73 74 ]   sup=1
                                          [2 3 5 7 9 11 13 15 17 19 21 23 25 27 29 31 34 36 38 40 42 44 46 48 50 52 54 56 58 60 62 64 ]   sup=2
                                            [2 3 5 7 9 11 13 15 17 19 21 23 25 27 29 31 34 36 38 40 42 44 46 48 50 52 54 56 58 60 62 64 66 69 70 72 74 ]   sup=1
                                            [2 3 5 7 9 11 13 15 17 19 21 23 25 27 29 31 34 36 38 40 42 44 46 48 50 52 54 56 58 60 62 64 67 68 70 73 74 ]   sup=1
                                        [2 3 5 7 9 11 13 15 17 19 21 23 25 27 29 31 34 36 38 40 42 44 46 48 50 52 55 ]   sup=3
                                          [2 3 5 7 9 11 13 15 17 19 21 23 25 27 29 31 34 36 38 40 42 44 46 48 50 52 55 57 58 60 62 64 66 69 70 72 75 ]   sup=1
                                          [2 3 5 7 9 11 13 15 17 19 21 23 25 27 29 31 34 36 38 40 42 44 46 48 50 52 55 56 58 60 62 64 66 69 70 72 ]   sup=2
                                            [2 3 5 7 9 11 13 15 17 19 21 23 25 27 29 31 34 36 38 40 42 44 46 48 50 52 55 56 58 60 62 64 66 69 70 72 74 ]   sup=1
                                            [2 3 5 7 9 11 13 15 17 19 21 23 25 27 29 31 34 36 38 40 42 44 46 48 50 52 55 56 58 60 62 64 66 69 70 72 75 ]   sup=1
                                  [2 3 5 7 9 11 13 15 17 19 21 23 25 27 29 31 34 36 39 40 42 44 46 48 ]   sup=10
                                    [2 3 5 7 9 11 13 15 17 19 21 23 25 27 29 31 34 36 39 40 42 44 46 48 50 52 ]   sup=5
                                      [2 3 5 7 9 11 13 15 17 19 21 23 25 27 29 31 34 36 39 40 42 44 46 48 50 52 54 ]   sup=2
                                        [2 3 5 7 9 11 13 15 17 19 21 23 25 27 29 31 34 36 39 40 42 44 46 48 50 52 54 57 58 60 63 64 66 69 71 72 75 ]   sup=1
                                        [2 3 5 7 9 11 13 15 17 19 21 23 25 27 29 31 34 36 39 40 42 44 46 48 50 52 54 56 58 60 63 64 66 69 71 72 75 ]   sup=1
                                      [2 3 5 7 9 11 13 15 17 19 21 23 25 27 29 31 34 36 39 40 42 44 46 48 50 52 55 57 58 60 ]   sup=3
                                        [2 3 5 7 9 11 13 15 17 19 21 23 25 27 29 31 34 36 39 40 42 44 46 48 50 52 55 57 58 60 63 64 66 69 ]   sup=2
                                          [2 3 5 7 9 11 13 15 17 19 21 23 25 27 29 31 34 36 39 40 42 44 46 48 50 52 55 57 58 60 63 64 66 69 70 72 75 ]   sup=1
                                          [2 3 5 7 9 11 13 15 17 19 21 23 25 27 29 31 34 36 39 40 42 44 46 48 50 52 55 57 58 60 63 64 66 69 71 72 75 ]   sup=1
                                        [2 3 5 7 9 11 13 15 17 19 21 23 25 27 29 31 34 36 39 40 42 44 46 48 50 52 55 57 58 60 62 64 66 69 71 72 75 ]   sup=1
                                    [2 3 5 7 9 11 13 15 17 19 21 23 25 27 29 31 34 36 39 40 42 44 46 48 51 52 ]   sup=5
                                      [2 3 5 7 9 11 13 15 17 19 21 23 25 27 29 31 34 36 39 40 42 44 46 48 51 52 54 ]   sup=2
                                        [2 3 5 7 9 11 13 15 17 19 21 23 25 27 29 31 34 36 39 40 42 44 46 48 51 52 54 56 58 60 63 64 66 69 71 72 75 ]   sup=1
                                        [2 3 5 7 9 11 13 15 17 19 21 23 25 27 29 31 34 36 39 40 42 44 46 48 51 52 54 57 58 60 63 64 66 69 71 72 75 ]   sup=1
                                      [2 3 5 7 9 11 13 15 17 19 21 23 25 27 29 31 34 36 39 40 42 44 46 48 51 52 55 ]   sup=3
                                        [2 3 5 7 9 11 13 15 17 19 21 23 25 27 29 31 34 36 39 40 42 44 46 48 51 52 55 56 58 60 63 64 66 69 71 72 75 ]   sup=1
                                        [2 3 5 7 9 11 13 15 17 19 21 23 25 27 29 31 34 36 39 40 42 44 46 48 51 52 55 57 58 60 ]   sup=2
                                          [2 3 5 7 9 11 13 15 17 19 21 23 25 27 29 31 34 36 39 40 42 44 46 48 51 52 55 57 58 60 63 64 66 69 71 72 75 ]   sup=1
                                          [2 3 5 7 9 11 13 15 17 19 21 23 25 27 29 31 34 36 39 40 42 44 46 48 51 52 55 57 58 60 62 64 66 69 71 72 75 ]   sup=1
                                [2 3 5 7 9 11 13 15 17 19 21 23 25 27 29 31 34 37 38 40 42 44 46 49 50 52 55 56 58 60 62 64 66 69 70 72 ]   sup=2
                                  [2 3 5 7 9 11 13 15 17 19 21 23 25 27 29 31 34 37 38 40 42 44 46 49 50 52 55 56 58 60 62 64 66 69 70 72 75 ]   sup=1
                                  [2 3 5 7 9 11 13 15 17 19 21 23 25 27 29 31 34 37 38 40 42 44 46 49 50 52 55 56 58 60 62 64 66 69 70 72 74 ]   sup=1
                              [2 3 5 7 9 11 13 15 17 19 21 23 25 27 29 31 35 36 ]   sup=2
                                [2 3 5 7 9 11 13 15 17 19 21 23 25 27 29 31 35 36 38 40 42 44 46 48 51 52 55 57 58 60 62 64 66 69 70 72 75 ]   sup=1
                                [2 3 5 7 9 11 13 15 17 19 21 23 25 27 29 31 35 36 39 40 42 44 46 48 51 52 55 56 58 60 62 64 66 69 71 72 74 ]   sup=1
                            [2 3 5 7 9 11 13 15 17 19 21 23 25 27 29 32 34 36 ]   sup=4
                              [2 3 5 7 9 11 13 15 17 19 21 23 25 27 29 32 34 36 39 40 43 44 46 48 ]   sup=2
                                [2 3 5 7 9 11 13 15 17 19 21 23 25 27 29 32 34 36 39 40 43 44 46 48 51 52 54 56 58 61 62 64 67 68 70 73 74 ]   sup=1
                                [2 3 5 7 9 11 13 15 17 19 21 23 25 27 29 32 34 36 39 40 43 44 46 48 50 52 54 56 58 61 62 64 67 68 70 73 74 ]   sup=1
                              [2 3 5 7 9 11 13 15 17 19 21 23 25 27 29 32 34 36 38 40 43 44 46 48 ]   sup=2
                                [2 3 5 7 9 11 13 15 17 19 21 23 25 27 29 32 34 36 38 40 43 44 46 48 51 52 54 56 58 61 62 64 67 68 70 73 74 ]   sup=1
                                [2 3 5 7 9 11 13 15 17 19 21 23 25 27 29 32 34 36 38 40 43 44 46 48 50 52 54 56 58 61 62 64 67 68 70 73 74 ]   sup=1
                          [2 3 5 7 9 11 13 15 17 19 21 23 25 28 29 ]   sup=36
                            [2 3 5 7 9 11 13 15 17 19 21 23 25 28 29 32 34 36 38 40 43 44 46 48 ]   sup=2
                              [2 3 5 7 9 11 13 15 17 19 21 23 25 28 29 32 34 36 38 40 43 44 46 48 51 52 54 56 58 61 62 64 67 68 70 73 74 ]   sup=1
                              [2 3 5 7 9 11 13 15 17 19 21 23 25 28 29 32 34 36 38 40 43 44 46 48 50 52 54 56 58 61 62 64 67 68 70 73 74 ]   sup=1
                            [2 3 5 7 9 11 13 15 17 19 21 23 25 28 29 31 ]   sup=32
                              [2 3 5 7 9 11 13 15 17 19 21 23 25 28 29 31 35 36 38 40 42 44 46 48 51 52 ]   sup=3
                                [2 3 5 7 9 11 13 15 17 19 21 23 25 28 29 31 35 36 38 40 42 44 46 48 51 52 55 56 58 60 ]   sup=2
                                  [2 3 5 7 9 11 13 15 17 19 21 23 25 28 29 31 35 36 38 40 42 44 46 48 51 52 55 56 58 60 62 64 66 69 70 72 74 ]   sup=1
                                  [2 3 5 7 9 11 13 15 17 19 21 23 25 28 29 31 35 36 38 40 42 44 46 48 51 52 55 56 58 60 63 64 66 69 70 72 74 ]   sup=1
                                [2 3 5 7 9 11 13 15 17 19 21 23 25 28 29 31 35 36 38 40 42 44 46 48 51 52 54 56 58 60 62 64 66 69 70 72 74 ]   sup=1
                              [2 3 5 7 9 11 13 15 17 19 21 23 25 28 29 31 34 ]   sup=29
                                [2 3 5 7 9 11 13 15 17 19 21 23 25 28 29 31 34 36 38 40 42 44 46 ]   sup=26
                                  [2 3 5 7 9 11 13 15 17 19 21 23 25 28 29 31 34 36 38 40 42 44 46 49 ]   sup=7
                                    [2 3 5 7 9 11 13 15 17 19 21 23 25 28 29 31 34 36 38 40 42 44 46 49 50 52 ]   sup=5
                                      [2 3 5 7 9 11 13 15 17 19 21 23 25 28 29 31 34 36 38 40 42 44 46 49 50 52 55 56 58 60 62 64 66 ]   sup=3
                                        [2 3 5 7 9 11 13 15 17 19 21 23 25 28 29 31 34 36 38 40 42 44 46 49 50 52 55 56 58 60 62 64 66 69 70 72 74 ]   sup=1
                                        [2 3 5 7 9 11 13 15 17 19 21 23 25 28 29 31 34 36 38 40 42 44 46 49 50 52 55 56 58 60 62 64 66 68 70 72 ]   sup=2
                                          [2 3 5 7 9 11 13 15 17 19 21 23 25 28 29 31 34 36 38 40 42 44 46 49 50 52 55 56 58 60 62 64 66 68 70 72 74 ]   sup=1
                                          [2 3 5 7 9 11 13 15 17 19 21 23 25 28 29 31 34 36 38 40 42 44 46 49 50 52 55 56 58 60 62 64 66 68 70 72 75 ]   sup=1
                                      [2 3 5 7 9 11 13 15 17 19 21 23 25 28 29 31 34 36 38 40 42 44 46 49 50 52 54 56 58 60 62 64 66 ]   sup=2
                                        [2 3 5 7 9 11 13 15 17 19 21 23 25 28 29 31 34 36 38 40 42 44 46 49 50 52 54 56 58 60 62 64 66 68 70 72 74 ]   sup=1
                                        [2 3 5 7 9 11 13 15 17 19 21 23 25 28 29 31 34 36 38 40 42 44 46 49 50 52 54 56 58 60 62 64 66 69 70 72 74 ]   sup=1
                                    [2 3 5 7 9 11 13 15 17 19 21 23 25 28 29 31 34 36 38 40 42 44 46 49 51 52 ]   sup=2
                                      [2 3 5 7 9 11 13 15 17 19 21 23 25 28 29 31 34 36 38 40 42 44 46 49 51 52 54 56 58 60 62 64 66 68 70 72 74 ]   sup=1
                                      [2 3 5 7 9 11 13 15 17 19 21 23 25 28 29 31 34 36 38 40 42 44 46 49 51 52 55 56 58 60 62 64 66 68 70 72 74 ]   sup=1
                                  [2 3 5 7 9 11 13 15 17 19 21 23 25 28 29 31 34 36 38 40 42 44 46 48 ]   sup=19
                                    [2 3 5 7 9 11 13 15 17 19 21 23 25 28 29 31 34 36 38 40 42 44 46 48 51 52 ]   sup=11
                                      [2 3 5 7 9 11 13 15 17 19 21 23 25 28 29 31 34 36 38 40 42 44 46 48 51 52 54 ]   sup=7
                                        [2 3 5 7 9 11 13 15 17 19 21 23 25 28 29 31 34 36 38 40 42 44 46 48 51 52 54 56 58 60 ]   sup=6
                                          [2 3 5 7 9 11 13 15 17 19 21 23 25 28 29 31 34 36 38 40 42 44 46 48 51 52 54 56 58 60 63 64 ]   sup=2
                                            [2 3 5 7 9 11 13 15 17 19 21 23 25 28 29 31 34 36 38 40 42 44 46 48 51 52 54 56 58 60 63 64 67 68 70 73 74 ]   sup=1
                                            [2 3 5 7 9 11 13 15 17 19 21 23 25 28 29 31 34 36 38 40 42 44 46 48 51 52 54 56 58 60 63 64 66 69 70 72 74 ]   sup=1
                                          [2 3 5 7 9 11 13 15 17 19 21 23 25 28 29 31 34 36 38 40 42 44 46 48 51 52 54 56 58 60 62 ]   sup=4
                                            [2 3 5 7 9 11 13 15 17 19 21 23 25 28 29 31 34 36 38 40 42 44 46 48 51 52 54 56 58 60 62 64 ]   sup=3
                                              [2 3 5 7 9 11 13 15 17 19 21 23 25 28 29 31 34 36 38 40 42 44 46 48 51 52 54 56 58 60 62 64 66 69 70 72 ]   sup=2
                                                [2 3 5 7 9 11 13 15 17 19 21 23 25 28 29 31 34 36 38 40 42 44 46 48 51 52 54 56 58 60 62 64 66 69 70 72 75 ]   sup=1
                                                [2 3 5 7 9 11 13 15 17 19 21 23 25 28 29 31 34 36 38 40 42 44 46 48 51 52 54 56 58 60 62 64 66 69 70 72 74 ]   sup=1
                                              [2 3 5 7 9 11 13 15 17 19 21 23 25 28 29 31 34 36 38 40 42 44 46 48 51 52 54 56 58 60 62 64 67 68 70 73 74 ]   sup=1
                                            [2 3 5 7 9 11 13 15 17 19 21 23 25 28 29 31 34 36 38 40 42 44 46 48 51 52 54 56 58 60 62 65 67 68 70 73 74 ]   sup=1
                                        [2 3 5 7 9 11 13 15 17 19 21 23 25 28 29 31 34 36 38 40 42 44 46 48 51 52 54 57 58 60 62 64 66 69 70 72 75 ]   sup=1
                                      [2 3 5 7 9 11 13 15 17 19 21 23 25 28 29 31 34 36 38 40 42 44 46 48 51 52 55 ]   sup=4
                                        [2 3 5 7 9 11 13 15 17 19 21 23 25 28 29 31 34 36 38 40 42 44 46 48 51 52 55 57 58 60 62 64 66 69 70 72 75 ]   sup=1
                                        [2 3 5 7 9 11 13 15 17 19 21 23 25 28 29 31 34 36 38 40 42 44 46 48 51 52 55 56 58 60 ]   sup=3
                                          [2 3 5 7 9 11 13 15 17 19 21 23 25 28 29 31 34 36 38 40 42 44 46 48 51 52 55 56 58 60 63 64 66 69 70 72 74 ]   sup=1
                                          [2 3 5 7 9 11 13 15 17 19 21 23 25 28 29 31 34 36 38 40 42 44 46 48 51 52 55 56 58 60 62 64 66 69 70 72 ]   sup=2
                                            [2 3 5 7 9 11 13 15 17 19 21 23 25 28 29 31 34 36 38 40 42 44 46 48 51 52 55 56 58 60 62 64 66 69 70 72 74 ]   sup=1
                                            [2 3 5 7 9 11 13 15 17 19 21 23 25 28 29 31 34 36 38 40 42 44 46 48 51 52 55 56 58 60 62 64 66 69 70 72 75 ]   sup=1
                                    [2 3 5 7 9 11 13 15 17 19 21 23 25 28 29 31 34 36 38 40 42 44 46 48 50 52 ]   sup=8
                                      [2 3 5 7 9 11 13 15 17 19 21 23 25 28 29 31 34 36 38 40 42 44 46 48 50 52 55 ]   sup=3
                                        [2 3 5 7 9 11 13 15 17 19 21 23 25 28 29 31 34 36 38 40 42 44 46 48 50 52 55 57 58 60 62 64 66 69 70 72 75 ]   sup=1
                                        [2 3 5 7 9 11 13 15 17 19 21 23 25 28 29 31 34 36 38 40 42 44 46 48 50 52 55 56 58 60 62 64 66 69 70 72 ]   sup=2
                                          [2 3 5 7 9 11 13 15 17 19 21 23 25 28 29 31 34 36 38 40 42 44 46 48 50 52 55 56 58 60 62 64 66 69 70 72 74 ]   sup=1
                                          [2 3 5 7 9 11 13 15 17 19 21 23 25 28 29 31 34 36 38 40 42 44 46 48 50 52 55 56 58 60 62 64 66 69 70 72 75 ]   sup=1
                                      [2 3 5 7 9 11 13 15 17 19 21 23 25 28 29 31 34 36 38 40 42 44 46 48 50 52 54 ]   sup=5
                                        [2 3 5 7 9 11 13 15 17 19 21 23 25 28 29 31 34 36 38 40 42 44 46 48 50 52 54 56 58 60 62 ]   sup=4
                                          [2 3 5 7 9 11 13 15 17 19 21 23 25 28 29 31 34 36 38 40 42 44 46 48 50 52 54 56 58 60 62 65 67 68 70 73 74 ]   sup=1
                                          [2 3 5 7 9 11 13 15 17 19 21 23 25 28 29 31 34 36 38 40 42 44 46 48 50 52 54 56 58 60 62 64 ]   sup=3
                                            [2 3 5 7 9 11 13 15 17 19 21 23 25 28 29 31 34 36 38 40 42 44 46 48 50 52 54 56 58 60 62 64 67 68 70 73 74 ]   sup=1
                                            [2 3 5 7 9 11 13 15 17 19 21 23 25 28 29 31 34 36 38 40 42 44 46 48 50 52 54 56 58 60 62 64 66 69 70 72 ]   sup=2
                                              [2 3 5 7 9 11 13 15 17 19 21 23 25 28 29 31 34 36 38 40 42 44 46 48 50 52 54 56 58 60 62 64 66 69 70 72 75 ]   sup=1
                                              [2 3 5 7 9 11 13 15 17 19 21 23 25 28 29 31 34 36 38 40 42 44 46 48 50 52 54 56 58 60 62 64 66 69 70 72 74 ]   sup=1
                                        [2 3 5 7 9 11 13 15 17 19 21 23 25 28 29 31 34 36 38 40 42 44 46 48 50 52 54 57 58 60 62 64 66 69 70 72 75 ]   sup=1
                                [2 3 5 7 9 11 13 15 17 19 21 23 25 28 29 31 34 37 38 40 42 44 46 ]   sup=3
                                  [2 3 5 7 9 11 13 15 17 19 21 23 25 28 29 31 34 37 38 40 42 44 46 48 ]   sup=2
                                    [2 3 5 7 9 11 13 15 17 19 21 23 25 28 29 31 34 37 38 40 42 44 46 48 50 52 55 56 58 60 62 64 66 69 70 72 74 ]   sup=1
                                    [2 3 5 7 9 11 13 15 17 19 21 23 25 28 29 31 34 37 38 40 42 44 46 48 51 52 55 56 58 60 62 64 66 69 70 72 74 ]   sup=1
                                  [2 3 5 7 9 11 13 15 17 19 21 23 25 28 29 31 34 37 38 40 42 44 46 49 50 52 55 56 58 60 62 64 66 69 70 72 74 ]   sup=1
                            [2 3 5 7 9 11 13 15 17 19 21 23 25 28 29 33 34 36 38 40 42 44 46 48 50 52 54 56 58 60 62 ]   sup=2
                              [2 3 5 7 9 11 13 15 17 19 21 23 25 28 29 33 34 36 38 40 42 44 46 48 50 52 54 56 58 60 62 65 67 68 70 73 74 ]   sup=1
                              [2 3 5 7 9 11 13 15 17 19 21 23 25 28 29 33 34 36 38 40 42 44 46 48 50 52 54 56 58 60 62 64 67 68 70 73 74 ]   sup=1
                    [2 3 5 7 9 11 13 15 17 19 22 ]   sup=132
                      [2 3 5 7 9 11 13 15 17 19 22 24 ]   sup=55
                        [2 3 5 7 9 11 13 15 17 19 22 24 26 ]   sup=6
                          [2 3 5 7 9 11 13 15 17 19 22 24 26 28 29 31 34 ]   sup=4
                            [2 3 5 7 9 11 13 15 17 19 22 24 26 28 29 31 34 37 38 40 42 44 46 49 ]   sup=3
                              [2 3 5 7 9 11 13 15 17 19 22 24 26 28 29 31 34 37 38 40 42 44 46 49 51 52 54 56 58 60 62 64 66 68 70 72 74 ]   sup=1
                              [2 3 5 7 9 11 13 15 17 19 22 24 26 28 29 31 34 37 38 40 42 44 46 49 50 52 54 56 58 60 62 64 66 ]   sup=2
                                [2 3 5 7 9 11 13 15 17 19 22 24 26 28 29 31 34 37 38 40 42 44 46 49 50 52 54 56 58 60 62 64 66 69 70 72 74 ]   sup=1
                                [2 3 5 7 9 11 13 15 17 19 22 24 26 28 29 31 34 37 38 40 42 44 46 49 50 52 54 56 58 60 62 64 66 68 70 72 74 ]   sup=1
                            [2 3 5 7 9 11 13 15 17 19 22 24 26 28 29 31 34 36 38 40 42 44 46 49 50 52 54 56 58 60 62 64 66 69 70 73 74 ]   sup=1
                          [2 3 5 7 9 11 13 15 17 19 22 24 26 27 29 31 34 ]   sup=2
                            [2 3 5 7 9 11 13 15 17 19 22 24 26 27 29 31 34 37 38 40 42 44 46 49 50 52 54 56 58 60 62 64 66 69 70 72 74 ]   sup=1
                            [2 3 5 7 9 11 13 15 17 19 22 24 26 27 29 31 34 36 38 40 42 44 46 49 50 52 54 56 58 60 62 64 66 69 70 73 74 ]   sup=1
                        [2 3 5 7 9 11 13 15 17 19 22 24 25 ]   sup=49
                          [2 3 5 7 9 11 13 15 17 19 22 24 25 27 29 ]   sup=30
                            [2 3 5 7 9 11 13 15 17 19 22 24 25 27 29 31 34 ]   sup=16
                              [2 3 5 7 9 11 13 15 17 19 22 24 25 27 29 31 34 36 38 40 ]   sup=15
                                [2 3 5 7 9 11 13 15 17 19 22 24 25 27 29 31 34 36 38 40 42 44 46 48 ]   sup=11
                                  [2 3 5 7 9 11 13 15 17 19 22 24 25 27 29 31 34 36 38 40 42 44 46 48 51 ]   sup=6
                                    [2 3 5 7 9 11 13 15 17 19 22 24 25 27 29 31 34 36 38 40 42 44 46 48 51 53 54 56 58 60 62 64 66 69 70 73 74 ]   sup=1
                                    [2 3 5 7 9 11 13 15 17 19 22 24 25 27 29 31 34 36 38 40 42 44 46 48 51 52 54 56 58 60 62 ]   sup=5
                                      [2 3 5 7 9 11 13 15 17 19 22 24 25 27 29 31 34 36 38 40 42 44 46 48 51 52 54 56 58 60 62 65 66 69 70 ]   sup=2
                                        [2 3 5 7 9 11 13 15 17 19 22 24 25 27 29 31 34 36 38 40 42 44 46 48 51 52 54 56 58 60 62 65 66 69 70 72 74 ]   sup=1
                                        [2 3 5 7 9 11 13 15 17 19 22 24 25 27 29 31 34 36 38 40 42 44 46 48 51 52 54 56 58 60 62 65 66 69 70 73 74 ]   sup=1
                                      [2 3 5 7 9 11 13 15 17 19 22 24 25 27 29 31 34 36 38 40 42 44 46 48 51 52 54 56 58 60 62 64 66 ]   sup=3
                                        [2 3 5 7 9 11 13 15 17 19 22 24 25 27 29 31 34 36 38 40 42 44 46 48 51 52 54 56 58 60 62 64 66 68 70 72 74 ]   sup=1
                                        [2 3 5 7 9 11 13 15 17 19 22 24 25 27 29 31 34 36 38 40 42 44 46 48 51 52 54 56 58 60 62 64 66 69 70 ]   sup=2
                                          [2 3 5 7 9 11 13 15 17 19 22 24 25 27 29 31 34 36 38 40 42 44 46 48 51 52 54 56 58 60 62 64 66 69 70 72 74 ]   sup=1
                                          [2 3 5 7 9 11 13 15 17 19 22 24 25 27 29 31 34 36 38 40 42 44 46 48 51 52 54 56 58 60 62 64 66 69 70 73 74 ]   sup=1
                                  [2 3 5 7 9 11 13 15 17 19 22 24 25 27 29 31 34 36 38 40 42 44 46 48 50 52 54 56 58 60 62 ]   sup=5
                                    [2 3 5 7 9 11 13 15 17 19 22 24 25 27 29 31 34 36 38 40 42 44 46 48 50 52 54 56 58 60 62 65 66 69 70 ]   sup=2
                                      [2 3 5 7 9 11 13 15 17 19 22 24 25 27 29 31 34 36 38 40 42 44 46 48 50 52 54 56 58 60 62 65 66 69 70 72 74 ]   sup=1
                                      [2 3 5 7 9 11 13 15 17 19 22 24 25 27 29 31 34 36 38 40 42 44 46 48 50 52 54 56 58 60 62 65 66 69 70 73 74 ]   sup=1
                                    [2 3 5 7 9 11 13 15 17 19 22 24 25 27 29 31 34 36 38 40 42 44 46 48 50 52 54 56 58 60 62 64 66 ]   sup=3
                                      [2 3 5 7 9 11 13 15 17 19 22 24 25 27 29 31 34 36 38 40 42 44 46 48 50 52 54 56 58 60 62 64 66 69 70 ]   sup=2
                                        [2 3 5 7 9 11 13 15 17 19 22 24 25 27 29 31 34 36 38 40 42 44 46 48 50 52 54 56 58 60 62 64 66 69 70 73 74 ]   sup=1
                                        [2 3 5 7 9 11 13 15 17 19 22 24 25 27 29 31 34 36 38 40 42 44 46 48 50 52 54 56 58 60 62 64 66 69 70 72 74 ]   sup=1
                                      [2 3 5 7 9 11 13 15 17 19 22 24 25 27 29 31 34 36 38 40 42 44 46 48 50 52 54 56 58 60 62 64 66 68 70 72 74 ]   sup=1
                                [2 3 5 7 9 11 13 15 17 19 22 24 25 27 29 31 34 36 38 40 43 44 46 48 ]   sup=4
                                  [2 3 5 7 9 11 13 15 17 19 22 24 25 27 29 31 34 36 38 40 43 44 46 48 50 52 54 56 58 60 62 65 66 69 ]   sup=2
                                    [2 3 5 7 9 11 13 15 17 19 22 24 25 27 29 31 34 36 38 40 43 44 46 48 50 52 54 56 58 60 62 65 66 69 70 73 74 ]   sup=1
                                    [2 3 5 7 9 11 13 15 17 19 22 24 25 27 29 31 34 36 38 40 43 44 46 48 50 52 54 56 58 60 62 65 66 69 71 73 74 ]   sup=1
                                  [2 3 5 7 9 11 13 15 17 19 22 24 25 27 29 31 34 36 38 40 43 44 46 48 51 52 54 56 58 60 62 65 66 69 ]   sup=2
                                    [2 3 5 7 9 11 13 15 17 19 22 24 25 27 29 31 34 36 38 40 43 44 46 48 51 52 54 56 58 60 62 65 66 69 70 73 74 ]   sup=1
                                    [2 3 5 7 9 11 13 15 17 19 22 24 25 27 29 31 34 36 38 40 43 44 46 48 51 52 54 56 58 60 62 65 66 69 71 73 74 ]   sup=1
                              [2 3 5 7 9 11 13 15 17 19 22 24 25 27 29 31 34 37 38 40 42 44 46 49 50 52 54 56 58 60 62 64 66 69 70 72 74 ]   sup=1
                            [2 3 5 7 9 11 13 15 17 19 22 24 25 27 29 33 34 ]   sup=12
                              [2 3 5 7 9 11 13 15 17 19 22 24 25 27 29 33 34 37 38 40 42 44 46 48 50 52 54 56 58 60 62 64 66 69 70 72 74 ]   sup=1
                              [2 3 5 7 9 11 13 15 17 19 22 24 25 27 29 33 34 36 38 40 ]   sup=11
                                [2 3 5 7 9 11 13 15 17 19 22 24 25 27 29 33 34 36 38 40 42 44 46 48 ]   sup=9
                                  [2 3 5 7 9 11 13 15 17 19 22 24 25 27 29 33 34 36 38 40 42 44 46 48 50 52 54 56 58 60 62 ]   sup=5
                                    [2 3 5 7 9 11 13 15 17 19 22 24 25 27 29 33 34 36 38 40 42 44 46 48 50 52 54 56 58 60 62 65 66 69 70 ]   sup=2
                                      [2 3 5 7 9 11 13 15 17 19 22 24 25 27 29 33 34 36 38 40 42 44 46 48 50 52 54 56 58 60 62 65 66 69 70 73 74 ]   sup=1
                                      [2 3 5 7 9 11 13 15 17 19 22 24 25 27 29 33 34 36 38 40 42 44 46 48 50 52 54 56 58 60 62 65 66 69 70 72 74 ]   sup=1
                                    [2 3 5 7 9 11 13 15 17 19 22 24 25 27 29 33 34 36 38 40 42 44 46 48 50 52 54 56 58 60 62 64 66 ]   sup=3
                                      [2 3 5 7 9 11 13 15 17 19 22 24 25 27 29 33 34 36 38 40 42 44 46 48 50 52 54 56 58 60 62 64 66 68 70 72 74 ]   sup=1
                                      [2 3 5 7 9 11 13 15 17 19 22 24 25 27 29 33 34 36 38 40 42 44 46 48 50 52 54 56 58 60 62 64 66 69 70 ]   sup=2
                                        [2 3 5 7 9 11 13 15 17 19 22 24 25 27 29 33 34 36 38 40 42 44 46 48 50 52 54 56 58 60 62 64 66 69 70 72 74 ]   sup=1
                                        [2 3 5 7 9 11 13 15 17 19 22 24 25 27 29 33 34 36 38 40 42 44 46 48 50 52 54 56 58 60 62 64 66 69 70 73 74 ]   sup=1
                                  [2 3 5 7 9 11 13 15 17 19 22 24 25 27 29 33 34 36 38 40 42 44 46 48 51 52 54 56 58 60 62 ]   sup=4
                                    [2 3 5 7 9 11 13 15 17 19 22 24 25 27 29 33 34 36 38 40 42 44 46 48 51 52 54 56 58 60 62 65 66 69 70 73 74 ]   sup=1
                                    [2 3 5 7 9 11 13 15 17 19 22 24 25 27 29 33 34 36 38 40 42 44 46 48 51 52 54 56 58 60 62 64 66 ]   sup=3
                                      [2 3 5 7 9 11 13 15 17 19 22 24 25 27 29 33 34 36 38 40 42 44 46 48 51 52 54 56 58 60 62 64 66 69 70 ]   sup=2
                                        [2 3 5 7 9 11 13 15 17 19 22 24 25 27 29 33 34 36 38 40 42 44 46 48 51 52 54 56 58 60 62 64 66 69 70 72 74 ]   sup=1
                                        [2 3 5 7 9 11 13 15 17 19 22 24 25 27 29 33 34 36 38 40 42 44 46 48 51 52 54 56 58 60 62 64 66 69 70 73 74 ]   sup=1
                                      [2 3 5 7 9 11 13 15 17 19 22 24 25 27 29 33 34 36 38 40 42 44 46 48 51 52 54 56 58 60 62 64 66 68 70 72 74 ]   sup=1
                                [2 3 5 7 9 11 13 15 17 19 22 24 25 27 29 33 34 36 38 40 43 44 46 48 ]   sup=2
                                  [2 3 5 7 9 11 13 15 17 19 22 24 25 27 29 33 34 36 38 40 43 44 46 48 50 52 54 56 58 60 62 65 66 69 70 73 74 ]   sup=1
                                  [2 3 5 7 9 11 13 15 17 19 22 24 25 27 29 33 34 36 38 40 43 44 46 48 51 52 54 56 58 60 62 65 66 69 70 73 74 ]   sup=1
                            [2 3 5 7 9 11 13 15 17 19 22 24 25 27 29 32 34 36 38 40 42 44 46 48 ]   sup=2
                              [2 3 5 7 9 11 13 15 17 19 22 24 25 27 29 32 34 36 38 40 42 44 46 48 50 52 54 56 58 60 62 64 66 68 70 72 74 ]   sup=1
                              [2 3 5 7 9 11 13 15 17 19 22 24 25 27 29 32 34 36 38 40 42 44 46 48 51 52 54 56 58 60 62 64 66 68 70 72 74 ]   sup=1
                          [2 3 5 7 9 11 13 15 17 19 22 24 25 28 29 ]   sup=19
                            [2 3 5 7 9 11 13 15 17 19 22 24 25 28 29 33 34 ]   sup=7
                              [2 3 5 7 9 11 13 15 17 19 22 24 25 28 29 33 34 37 38 40 42 44 46 48 50 52 54 56 58 60 62 64 66 69 70 72 74 ]   sup=1
                              [2 3 5 7 9 11 13 15 17 19 22 24 25 28 29 33 34 36 38 40 42 44 46 48 ]   sup=6
                                [2 3 5 7 9 11 13 15 17 19 22 24 25 28 29 33 34 36 38 40 42 44 46 48 51 52 54 56 58 60 62 64 66 ]   sup=3
                                  [2 3 5 7 9 11 13 15 17 19 22 24 25 28 29 33 34 36 38 40 42 44 46 48 51 52 54 56 58 60 62 64 66 69 70 ]   sup=2
                                    [2 3 5 7 9 11 13 15 17 19 22 24 25 28 29 33 34 36 38 40 42 44 46 48 51 52 54 56 58 60 62 64 66 69 70 72 74 ]   sup=1
                                    [2 3 5 7 9 11 13 15 17 19 22 24 25 28 29 33 34 36 38 40 42 44 46 48 51 52 54 56 58 60 62 64 66 69 70 73 74 ]   sup=1
                                  [2 3 5 7 9 11 13 15 17 19 22 24 25 28 29 33 34 36 38 40 42 44 46 48 51 52 54 56 58 60 62 64 66 68 70 72 74 ]   sup=1
                                [2 3 5 7 9 11 13 15 17 19 22 24 25 28 29 33 34 36 38 40 42 44 46 48 50 52 54 56 58 60 62 64 66 ]   sup=3
                                  [2 3 5 7 9 11 13 15 17 19 22 24 25 28 29 33 34 36 38 40 42 44 46 48 50 52 54 56 58 60 62 64 66 69 70 ]   sup=2
                                    [2 3 5 7 9 11 13 15 17 19 22 24 25 28 29 33 34 36 38 40 42 44 46 48 50 52 54 56 58 60 62 64 66 69 70 72 74 ]   sup=1
                                    [2 3 5 7 9 11 13 15 17 19 22 24 25 28 29 33 34 36 38 40 42 44 46 48 50 52 54 56 58 60 62 64 66 69 70 73 74 ]   sup=1
                                  [2 3 5 7 9 11 13 15 17 19 22 24 25 28 29 33 34 36 38 40 42 44 46 48 50 52 54 56 58 60 62 64 66 68 70 72 74 ]   sup=1
                            [2 3 5 7 9 11 13 15 17 19 22 24 25 28 29 31 34 ]   sup=12
                              [2 3 5 7 9 11 13 15 17 19 22 24 25 28 29 31 34 36 38 40 42 44 46 ]   sup=7
                                [2 3 5 7 9 11 13 15 17 19 22 24 25 28 29 31 34 36 38 40 42 44 46 48 ]   sup=6
                                  [2 3 5 7 9 11 13 15 17 19 22 24 25 28 29 31 34 36 38 40 42 44 46 48 51 52 54 56 58 60 62 64 66 ]   sup=3
                                    [2 3 5 7 9 11 13 15 17 19 22 24 25 28 29 31 34 36 38 40 42 44 46 48 51 52 54 56 58 60 62 64 66 68 70 72 74 ]   sup=1
                                    [2 3 5 7 9 11 13 15 17 19 22 24 25 28 29 31 34 36 38 40 42 44 46 48 51 52 54 56 58 60 62 64 66 69 70 ]   sup=2
                                      [2 3 5 7 9 11 13 15 17 19 22 24 25 28 29 31 34 36 38 40 42 44 46 48 51 52 54 56 58 60 62 64 66 69 70 73 74 ]   sup=1
                                      [2 3 5 7 9 11 13 15 17 19 22 24 25 28 29 31 34 36 38 40 42 44 46 48 51 52 54 56 58 60 62 64 66 69 70 72 74 ]   sup=1
                                  [2 3 5 7 9 11 13 15 17 19 22 24 25 28 29 31 34 36 38 40 42 44 46 48 50 52 54 56 58 60 62 64 66 ]   sup=3
                                    [2 3 5 7 9 11 13 15 17 19 22 24 25 28 29 31 34 36 38 40 42 44 46 48 50 52 54 56 58 60 62 64 66 68 70 72 74 ]   sup=1
                                    [2 3 5 7 9 11 13 15 17 19 22 24 25 28 29 31 34 36 38 40 42 44 46 48 50 52 54 56 58 60 62 64 66 69 70 ]   sup=2
                                      [2 3 5 7 9 11 13 15 17 19 22 24 25 28 29 31 34 36 38 40 42 44 46 48 50 52 54 56 58 60 62 64 66 69 70 73 74 ]   sup=1
                                      [2 3 5 7 9 11 13 15 17 19 22 24 25 28 29 31 34 36 38 40 42 44 46 48 50 52 54 56 58 60 62 64 66 69 70 72 74 ]   sup=1
                                [2 3 5 7 9 11 13 15 17 19 22 24 25 28 29 31 34 36 38 40 42 44 46 49 50 52 54 56 58 60 62 64 66 68 70 72 74 ]   sup=1
                              [2 3 5 7 9 11 13 15 17 19 22 24 25 28 29 31 34 37 38 40 42 44 46 ]   sup=5
                                [2 3 5 7 9 11 13 15 17 19 22 24 25 28 29 31 34 37 38 40 42 44 46 48 50 52 54 56 58 60 62 64 66 ]   sup=2
                                  [2 3 5 7 9 11 13 15 17 19 22 24 25 28 29 31 34 37 38 40 42 44 46 48 50 52 54 56 58 60 62 64 66 68 70 72 74 ]   sup=1
                                  [2 3 5 7 9 11 13 15 17 19 22 24 25 28 29 31 34 37 38 40 42 44 46 48 50 52 54 56 58 60 62 64 66 69 70 72 74 ]   sup=1
                                [2 3 5 7 9 11 13 15 17 19 22 24 25 28 29 31 34 37 38 40 42 44 46 49 ]   sup=3
                                  [2 3 5 7 9 11 13 15 17 19 22 24 25 28 29 31 34 37 38 40 42 44 46 49 50 52 54 56 58 60 62 64 66 ]   sup=2
                                    [2 3 5 7 9 11 13 15 17 19 22 24 25 28 29 31 34 37 38 40 42 44 46 49 50 52 54 56 58 60 62 64 66 69 70 72 74 ]   sup=1
                                    [2 3 5 7 9 11 13 15 17 19 22 24 25 28 29 31 34 37 38 40 42 44 46 49 50 52 54 56 58 60 62 64 66 68 70 72 74 ]   sup=1
                                  [2 3 5 7 9 11 13 15 17 19 22 24 25 28 29 31 34 37 38 40 42 44 46 49 51 52 54 56 58 60 62 64 66 68 70 72 74 ]   sup=1
                      [2 3 5 7 9 11 13 15 17 19 22 23 ]   sup=77
                        [2 3 5 7 9 11 13 15 17 19 22 23 26 ]   sup=21
                          [2 3 5 7 9 11 13 15 17 19 22 23 26 28 29 31 34 36 38 40 42 44 46 48 ]   sup=9
                            [2 3 5 7 9 11 13 15 17 19 22 23 26 28 29 31 34 36 38 40 42 44 46 48 51 52 ]   sup=3
                              [2 3 5 7 9 11 13 15 17 19 22 23 26 28 29 31 34 36 38 40 42 44 46 48 51 52 55 56 58 60 62 64 66 68 70 72 ]   sup=2
                                [2 3 5 7 9 11 13 15 17 19 22 23 26 28 29 31 34 36 38 40 42 44 46 48 51 52 55 56 58 60 62 64 66 68 70 72 75 ]   sup=1
                                [2 3 5 7 9 11 13 15 17 19 22 23 26 28 29 31 34 36 38 40 42 44 46 48 51 52 55 56 58 60 62 64 66 68 70 72 74 ]   sup=1
                              [2 3 5 7 9 11 13 15 17 19 22 23 26 28 29 31 34 36 38 40 42 44 46 48 51 52 54 56 58 60 62 64 66 69 70 72 74 ]   sup=1
                            [2 3 5 7 9 11 13 15 17 19 22 23 26 28 29 31 34 36 38 40 42 44 46 48 50 52 ]   sup=6
                              [2 3 5 7 9 11 13 15 17 19 22 23 26 28 29 31 34 36 38 40 42 44 46 48 50 52 55 56 58 60 62 64 66 ]   sup=3
                                [2 3 5 7 9 11 13 15 17 19 22 23 26 28 29 31 34 36 38 40 42 44 46 48 50 52 55 56 58 60 62 64 66 68 70 72 ]   sup=2
                                  [2 3 5 7 9 11 13 15 17 19 22 23 26 28 29 31 34 36 38 40 42 44 46 48 50 52 55 56 58 60 62 64 66 68 70 72 74 ]   sup=1
                                  [2 3 5 7 9 11 13 15 17 19 22 23 26 28 29 31 34 36 38 40 42 44 46 48 50 52 55 56 58 60 62 64 66 68 70 72 75 ]   sup=1
                                [2 3 5 7 9 11 13 15 17 19 22 23 26 28 29 31 34 36 38 40 42 44 46 48 50 52 55 56 58 60 62 64 66 69 70 72 74 ]   sup=1
                              [2 3 5 7 9 11 13 15 17 19 22 23 26 28 29 31 34 36 38 40 42 44 46 48 50 52 54 56 58 60 62 64 66 ]   sup=3
                                [2 3 5 7 9 11 13 15 17 19 22 23 26 28 29 31 34 36 38 40 42 44 46 48 50 52 54 56 58 60 62 64 66 68 70 72 ]   sup=2
                                  [2 3 5 7 9 11 13 15 17 19 22 23 26 28 29 31 34 36 38 40 42 44 46 48 50 52 54 56 58 60 62 64 66 68 70 72 74 ]   sup=1
                                  [2 3 5 7 9 11 13 15 17 19 22 23 26 28 29 31 34 36 38 40 42 44 46 48 50 52 54 56 58 60 62 64 66 68 70 72 75 ]   sup=1
                                [2 3 5 7 9 11 13 15 17 19 22 23 26 28 29 31 34 36 38 40 42 44 46 48 50 52 54 56 58 60 62 64 66 69 70 72 74 ]   sup=1
                          [2 3 5 7 9 11 13 15 17 19 22 23 26 27 29 31 34 36 ]   sup=12
                            [2 3 5 7 9 11 13 15 17 19 22 23 26 27 29 31 34 36 39 40 42 44 46 48 50 52 55 56 58 60 62 64 66 68 70 72 75 ]   sup=1
                            [2 3 5 7 9 11 13 15 17 19 22 23 26 27 29 31 34 36 38 40 42 44 46 48 ]   sup=11
                              [2 3 5 7 9 11 13 15 17 19 22 23 26 27 29 31 34 36 38 40 42 44 46 48 50 52 ]   sup=8
                                [2 3 5 7 9 11 13 15 17 19 22 23 26 27 29 31 34 36 38 40 42 44 46 48 50 52 54 56 58 60 62 64 66 ]   sup=5
                                  [2 3 5 7 9 11 13 15 17 19 22 23 26 27 29 31 34 36 38 40 42 44 46 48 50 52 54 56 58 60 62 64 66 68 ]   sup=4
                                    [2 3 5 7 9 11 13 15 17 19 22 23 26 27 29 31 34 36 38 40 42 44 46 48 50 52 54 56 58 60 62 64 66 68 70 72 ]   sup=2
                                      [2 3 5 7 9 11 13 15 17 19 22 23 26 27 29 31 34 36 38 40 42 44 46 48 50 52 54 56 58 60 62 64 66 68 70 72 74 ]   sup=1
                                      [2 3 5 7 9 11 13 15 17 19 22 23 26 27 29 31 34 36 38 40 42 44 46 48 50 52 54 56 58 60 62 64 66 68 70 72 75 ]   sup=1
                                    [2 3 5 7 9 11 13 15 17 19 22 23 26 27 29 31 34 36 38 40 42 44 46 48 50 52 54 56 58 60 62 64 66 68 71 72 ]   sup=2
                                      [2 3 5 7 9 11 13 15 17 19 22 23 26 27 29 31 34 36 38 40 42 44 46 48 50 52 54 56 58 60 62 64 66 68 71 72 74 ]   sup=1
                                      [2 3 5 7 9 11 13 15 17 19 22 23 26 27 29 31 34 36 38 40 42 44 46 48 50 52 54 56 58 60 62 64 66 68 71 72 75 ]   sup=1
                                  [2 3 5 7 9 11 13 15 17 19 22 23 26 27 29 31 34 36 38 40 42 44 46 48 50 52 54 56 58 60 62 64 66 69 70 72 74 ]   sup=1
                                [2 3 5 7 9 11 13 15 17 19 22 23 26 27 29 31 34 36 38 40 42 44 46 48 50 52 55 56 58 60 62 64 66 68 ]   sup=3
                                  [2 3 5 7 9 11 13 15 17 19 22 23 26 27 29 31 34 36 38 40 42 44 46 48 50 52 55 56 58 60 62 64 66 68 71 72 74 ]   sup=1
                                  [2 3 5 7 9 11 13 15 17 19 22 23 26 27 29 31 34 36 38 40 42 44 46 48 50 52 55 56 58 60 62 64 66 68 70 72 ]   sup=2
                                    [2 3 5 7 9 11 13 15 17 19 22 23 26 27 29 31 34 36 38 40 42 44 46 48 50 52 55 56 58 60 62 64 66 68 70 72 75 ]   sup=1
                                    [2 3 5 7 9 11 13 15 17 19 22 23 26 27 29 31 34 36 38 40 42 44 46 48 50 52 55 56 58 60 62 64 66 68 70 72 74 ]   sup=1
                              [2 3 5 7 9 11 13 15 17 19 22 23 26 27 29 31 34 36 38 40 42 44 46 48 51 52 ]   sup=3
                                [2 3 5 7 9 11 13 15 17 19 22 23 26 27 29 31 34 36 38 40 42 44 46 48 51 52 55 56 58 60 62 64 66 68 70 72 ]   sup=2
                                  [2 3 5 7 9 11 13 15 17 19 22 23 26 27 29 31 34 36 38 40 42 44 46 48 51 52 55 56 58 60 62 64 66 68 70 72 75 ]   sup=1
                                  [2 3 5 7 9 11 13 15 17 19 22 23 26 27 29 31 34 36 38 40 42 44 46 48 51 52 55 56 58 60 62 64 66 68 70 72 74 ]   sup=1
                                [2 3 5 7 9 11 13 15 17 19 22 23 26 27 29 31 34 36 38 40 42 44 46 48 51 52 54 56 58 60 62 64 66 69 70 72 74 ]   sup=1
                        [2 3 5 7 9 11 13 15 17 19 22 23 25 ]   sup=56
                          [2 3 5 7 9 11 13 15 17 19 22 23 25 28 29 31 34 ]   sup=27
                            [2 3 5 7 9 11 13 15 17 19 22 23 25 28 29 31 34 36 38 40 ]   sup=19
                              [2 3 5 7 9 11 13 15 17 19 22 23 25 28 29 31 34 36 38 40 42 44 46 ]   sup=17
                                [2 3 5 7 9 11 13 15 17 19 22 23 25 28 29 31 34 36 38 40 42 44 46 49 50 52 ]   sup=3
                                  [2 3 5 7 9 11 13 15 17 19 22 23 25 28 29 31 34 36 38 40 42 44 46 49 50 52 55 56 58 60 62 64 66 68 70 72 ]   sup=2
                                    [2 3 5 7 9 11 13 15 17 19 22 23 25 28 29 31 34 36 38 40 42 44 46 49 50 52 55 56 58 60 62 64 66 68 70 72 75 ]   sup=1
                                    [2 3 5 7 9 11 13 15 17 19 22 23 25 28 29 31 34 36 38 40 42 44 46 49 50 52 55 56 58 60 62 64 66 68 70 72 74 ]   sup=1
                                  [2 3 5 7 9 11 13 15 17 19 22 23 25 28 29 31 34 36 38 40 42 44 46 49 50 52 54 56 58 60 62 64 66 68 70 72 74 ]   sup=1
                                [2 3 5 7 9 11 13 15 17 19 22 23 25 28 29 31 34 36 38 40 42 44 46 48 ]   sup=14
                                  [2 3 5 7 9 11 13 15 17 19 22 23 25 28 29 31 34 36 38 40 42 44 46 48 51 52 ]   sup=7
                                    [2 3 5 7 9 11 13 15 17 19 22 23 25 28 29 31 34 36 38 40 42 44 46 48 51 52 54 56 58 60 62 64 ]   sup=4
                                      [2 3 5 7 9 11 13 15 17 19 22 23 25 28 29 31 34 36 38 40 42 44 46 48 51 52 54 56 58 60 62 64 66 ]   sup=3
                                        [2 3 5 7 9 11 13 15 17 19 22 23 25 28 29 31 34 36 38 40 42 44 46 48 51 52 54 56 58 60 62 64 66 69 70 72 74 ]   sup=1
                                        [2 3 5 7 9 11 13 15 17 19 22 23 25 28 29 31 34 36 38 40 42 44 46 48 51 52 54 56 58 60 62 64 66 68 70 72 ]   sup=2
                                          [2 3 5 7 9 11 13 15 17 19 22 23 25 28 29 31 34 36 38 40 42 44 46 48 51 52 54 56 58 60 62 64 66 68 70 72 75 ]   sup=1
                                          [2 3 5 7 9 11 13 15 17 19 22 23 25 28 29 31 34 36 38 40 42 44 46 48 51 52 54 56 58 60 62 64 66 68 70 72 74 ]   sup=1
                                      [2 3 5 7 9 11 13 15 17 19 22 23 25 28 29 31 34 36 38 40 42 44 46 48 51 52 54 56 58 60 62 64 67 69 70 73 74 ]   sup=1
                                    [2 3 5 7 9 11 13 15 17 19 22 23 25 28 29 31 34 36 38 40 42 44 46 48 51 52 55 56 58 60 62 64 66 ]   sup=3
                                      [2 3 5 7 9 11 13 15 17 19 22 23 25 28 29 31 34 36 38 40 42 44 46 48 51 52 55 56 58 60 62 64 66 68 70 72 ]   sup=2
                                        [2 3 5 7 9 11 13 15 17 19 22 23 25 28 29 31 34 36 38 40 42 44 46 48 51 52 55 56 58 60 62 64 66 68 70 72 75 ]   sup=1
                                        [2 3 5 7 9 11 13 15 17 19 22 23 25 28 29 31 34 36 38 40 42 44 46 48 51 52 55 56 58 60 62 64 66 68 70 72 74 ]   sup=1
                                      [2 3 5 7 9 11 13 15 17 19 22 23 25 28 29 31 34 36 38 40 42 44 46 48 51 52 55 56 58 60 62 64 66 69 70 72 74 ]   sup=1
                                  [2 3 5 7 9 11 13 15 17 19 22 23 25 28 29 31 34 36 38 40 42 44 46 48 50 52 ]   sup=7
                                    [2 3 5 7 9 11 13 15 17 19 22 23 25 28 29 31 34 36 38 40 42 44 46 48 50 52 55 56 58 60 62 64 66 ]   sup=3
                                      [2 3 5 7 9 11 13 15 17 19 22 23 25 28 29 31 34 36 38 40 42 44 46 48 50 52 55 56 58 60 62 64 66 69 70 72 74 ]   sup=1
                                      [2 3 5 7 9 11 13 15 17 19 22 23 25 28 29 31 34 36 38 40 42 44 46 48 50 52 55 56 58 60 62 64 66 68 70 72 ]   sup=2
                                        [2 3 5 7 9 11 13 15 17 19 22 23 25 28 29 31 34 36 38 40 42 44 46 48 50 52 55 56 58 60 62 64 66 68 70 72 75 ]   sup=1
                                        [2 3 5 7 9 11 13 15 17 19 22 23 25 28 29 31 34 36 38 40 42 44 46 48 50 52 55 56 58 60 62 64 66 68 70 72 74 ]   sup=1
                                    [2 3 5 7 9 11 13 15 17 19 22 23 25 28 29 31 34 36 38 40 42 44 46 48 50 52 54 56 58 60 62 64 ]   sup=4
                                      [2 3 5 7 9 11 13 15 17 19 22 23 25 28 29 31 34 36 38 40 42 44 46 48 50 52 54 56 58 60 62 64 66 ]   sup=3
                                        [2 3 5 7 9 11 13 15 17 19 22 23 25 28 29 31 34 36 38 40 42 44 46 48 50 52 54 56 58 60 62 64 66 68 70 72 ]   sup=2
                                          [2 3 5 7 9 11 13 15 17 19 22 23 25 28 29 31 34 36 38 40 42 44 46 48 50 52 54 56 58 60 62 64 66 68 70 72 75 ]   sup=1
                                          [2 3 5 7 9 11 13 15 17 19 22 23 25 28 29 31 34 36 38 40 42 44 46 48 50 52 54 56 58 60 62 64 66 68 70 72 74 ]   sup=1
                                        [2 3 5 7 9 11 13 15 17 19 22 23 25 28 29 31 34 36 38 40 42 44 46 48 50 52 54 56 58 60 62 64 66 69 70 72 74 ]   sup=1
                                      [2 3 5 7 9 11 13 15 17 19 22 23 25 28 29 31 34 36 38 40 42 44 46 48 50 52 54 56 58 60 62 64 67 69 70 73 74 ]   sup=1
                              [2 3 5 7 9 11 13 15 17 19 22 23 25 28 29 31 34 36 38 40 43 44 46 48 ]   sup=2
                                [2 3 5 7 9 11 13 15 17 19 22 23 25 28 29 31 34 36 38 40 43 44 46 48 50 52 54 56 58 60 62 64 67 68 70 73 74 ]   sup=1
                                [2 3 5 7 9 11 13 15 17 19 22 23 25 28 29 31 34 36 38 40 43 44 46 48 51 52 54 56 58 60 62 64 67 68 70 73 74 ]   sup=1
                            [2 3 5 7 9 11 13 15 17 19 22 23 25 28 29 31 34 37 38 40 42 44 46 ]   sup=8
                              [2 3 5 7 9 11 13 15 17 19 22 23 25 28 29 31 34 37 38 40 42 44 46 48 50 52 55 56 58 60 62 64 66 ]   sup=3
                                [2 3 5 7 9 11 13 15 17 19 22 23 25 28 29 31 34 37 38 40 42 44 46 48 50 52 55 56 58 60 62 64 66 68 70 72 ]   sup=2
                                  [2 3 5 7 9 11 13 15 17 19 22 23 25 28 29 31 34 37 38 40 42 44 46 48 50 52 55 56 58 60 62 64 66 68 70 72 74 ]   sup=1
                                  [2 3 5 7 9 11 13 15 17 19 22 23 25 28 29 31 34 37 38 40 42 44 46 48 50 52 55 56 58 60 62 64 66 68 70 72 75 ]   sup=1
                                [2 3 5 7 9 11 13 15 17 19 22 23 25 28 29 31 34 37 38 40 42 44 46 48 50 52 55 56 58 60 62 64 66 69 70 72 74 ]   sup=1
                              [2 3 5 7 9 11 13 15 17 19 22 23 25 28 29 31 34 37 38 40 42 44 46 49 ]   sup=5
                                [2 3 5 7 9 11 13 15 17 19 22 23 25 28 29 31 34 37 38 40 42 44 46 49 50 52 ]   sup=4
                                  [2 3 5 7 9 11 13 15 17 19 22 23 25 28 29 31 34 37 38 40 42 44 46 49 50 52 54 56 58 60 62 64 66 ]   sup=2
                                    [2 3 5 7 9 11 13 15 17 19 22 23 25 28 29 31 34 37 38 40 42 44 46 49 50 52 54 56 58 60 62 64 66 68 70 72 74 ]   sup=1
                                    [2 3 5 7 9 11 13 15 17 19 22 23 25 28 29 31 34 37 38 40 42 44 46 49 50 52 54 56 58 60 62 64 66 69 70 72 74 ]   sup=1
                                  [2 3 5 7 9 11 13 15 17 19 22 23 25 28 29 31 34 37 38 40 42 44 46 49 50 52 55 56 58 60 62 64 66 68 70 72 ]   sup=2
                                    [2 3 5 7 9 11 13 15 17 19 22 23 25 28 29 31 34 37 38 40 42 44 46 49 50 52 55 56 58 60 62 64 66 68 70 72 74 ]   sup=1
                                    [2 3 5 7 9 11 13 15 17 19 22 23 25 28 29 31 34 37 38 40 42 44 46 49 50 52 55 56 58 60 62 64 66 68 70 72 75 ]   sup=1
                                [2 3 5 7 9 11 13 15 17 19 22 23 25 28 29 31 34 37 38 40 42 44 46 49 51 52 54 56 58 60 62 64 66 68 70 72 74 ]   sup=1
                          [2 3 5 7 9 11 13 15 17 19 22 23 25 27 29 ]   sup=29
                            [2 3 5 7 9 11 13 15 17 19 22 23 25 27 29 31 34 ]   sup=27
                              [2 3 5 7 9 11 13 15 17 19 22 23 25 27 29 31 34 37 38 40 42 44 46 ]   sup=4
                                [2 3 5 7 9 11 13 15 17 19 22 23 25 27 29 31 34 37 38 40 42 44 46 49 ]   sup=3
                                  [2 3 5 7 9 11 13 15 17 19 22 23 25 27 29 31 34 37 38 40 42 44 46 49 51 52 54 56 58 60 62 64 66 68 70 72 74 ]   sup=1
                                  [2 3 5 7 9 11 13 15 17 19 22 23 25 27 29 31 34 37 38 40 42 44 46 49 50 52 54 56 58 60 62 64 66 ]   sup=2
                                    [2 3 5 7 9 11 13 15 17 19 22 23 25 27 29 31 34 37 38 40 42 44 46 49 50 52 54 56 58 60 62 64 66 68 70 72 74 ]   sup=1
                                    [2 3 5 7 9 11 13 15 17 19 22 23 25 27 29 31 34 37 38 40 42 44 46 49 50 52 54 56 58 60 62 64 66 69 70 72 74 ]   sup=1
                                [2 3 5 7 9 11 13 15 17 19 22 23 25 27 29 31 34 37 38 40 42 44 46 48 50 52 55 56 58 60 62 64 66 68 70 72 75 ]   sup=1
                              [2 3 5 7 9 11 13 15 17 19 22 23 25 27 29 31 34 36 ]   sup=23
                                [2 3 5 7 9 11 13 15 17 19 22 23 25 27 29 31 34 36 38 40 ]   sup=22
                                  [2 3 5 7 9 11 13 15 17 19 22 23 25 27 29 31 34 36 38 40 42 44 46 48 ]   sup=20
                                    [2 3 5 7 9 11 13 15 17 19 22 23 25 27 29 31 34 36 38 40 42 44 46 48 51 52 ]   sup=10
                                      [2 3 5 7 9 11 13 15 17 19 22 23 25 27 29 31 34 36 38 40 42 44 46 48 51 52 54 56 58 60 62 64 ]   sup=6
                                        [2 3 5 7 9 11 13 15 17 19 22 23 25 27 29 31 34 36 38 40 42 44 46 48 51 52 54 56 58 60 62 64 67 69 70 73 74 ]   sup=1
                                        [2 3 5 7 9 11 13 15 17 19 22 23 25 27 29 31 34 36 38 40 42 44 46 48 51 52 54 56 58 60 62 64 66 ]   sup=5
                                          [2 3 5 7 9 11 13 15 17 19 22 23 25 27 29 31 34 36 38 40 42 44 46 48 51 52 54 56 58 60 62 64 66 69 70 72 74 ]   sup=1
                                          [2 3 5 7 9 11 13 15 17 19 22 23 25 27 29 31 34 36 38 40 42 44 46 48 51 52 54 56 58 60 62 64 66 68 ]   sup=4
                                            [2 3 5 7 9 11 13 15 17 19 22 23 25 27 29 31 34 36 38 40 42 44 46 48 51 52 54 56 58 60 62 64 66 68 70 72 ]   sup=2
                                              [2 3 5 7 9 11 13 15 17 19 22 23 25 27 29 31 34 36 38 40 42 44 46 48 51 52 54 56 58 60 62 64 66 68 70 72 74 ]   sup=1
                                              [2 3 5 7 9 11 13 15 17 19 22 23 25 27 29 31 34 36 38 40 42 44 46 48 51 52 54 56 58 60 62 64 66 68 70 72 75 ]   sup=1
                                            [2 3 5 7 9 11 13 15 17 19 22 23 25 27 29 31 34 36 38 40 42 44 46 48 51 52 54 56 58 60 62 64 66 68 71 72 ]   sup=2
                                              [2 3 5 7 9 11 13 15 17 19 22 23 25 27 29 31 34 36 38 40 42 44 46 48 51 52 54 56 58 60 62 64 66 68 71 72 74 ]   sup=1
                                              [2 3 5 7 9 11 13 15 17 19 22 23 25 27 29 31 34 36 38 40 42 44 46 48 51 52 54 56 58 60 62 64 66 68 71 72 75 ]   sup=1
                                      [2 3 5 7 9 11 13 15 17 19 22 23 25 27 29 31 34 36 38 40 42 44 46 48 51 52 55 56 58 60 62 64 66 68 ]   sup=4
                                        [2 3 5 7 9 11 13 15 17 19 22 23 25 27 29 31 34 36 38 40 42 44 46 48 51 52 55 56 58 60 62 64 66 68 71 72 ]   sup=2
                                          [2 3 5 7 9 11 13 15 17 19 22 23 25 27 29 31 34 36 38 40 42 44 46 48 51 52 55 56 58 60 62 64 66 68 71 72 75 ]   sup=1
                                          [2 3 5 7 9 11 13 15 17 19 22 23 25 27 29 31 34 36 38 40 42 44 46 48 51 52 55 56 58 60 62 64 66 68 71 72 74 ]   sup=1
                                        [2 3 5 7 9 11 13 15 17 19 22 23 25 27 29 31 34 36 38 40 42 44 46 48 51 52 55 56 58 60 62 64 66 68 70 72 ]   sup=2
                                          [2 3 5 7 9 11 13 15 17 19 22 23 25 27 29 31 34 36 38 40 42 44 46 48 51 52 55 56 58 60 62 64 66 68 70 72 75 ]   sup=1
                                          [2 3 5 7 9 11 13 15 17 19 22 23 25 27 29 31 34 36 38 40 42 44 46 48 51 52 55 56 58 60 62 64 66 68 70 72 74 ]   sup=1
                                    [2 3 5 7 9 11 13 15 17 19 22 23 25 27 29 31 34 36 38 40 42 44 46 48 50 52 ]   sup=10
                                      [2 3 5 7 9 11 13 15 17 19 22 23 25 27 29 31 34 36 38 40 42 44 46 48 50 52 54 56 58 60 62 64 ]   sup=6
                                        [2 3 5 7 9 11 13 15 17 19 22 23 25 27 29 31 34 36 38 40 42 44 46 48 50 52 54 56 58 60 62 64 67 69 70 73 74 ]   sup=1
                                        [2 3 5 7 9 11 13 15 17 19 22 23 25 27 29 31 34 36 38 40 42 44 46 48 50 52 54 56 58 60 62 64 66 ]   sup=5
                                          [2 3 5 7 9 11 13 15 17 19 22 23 25 27 29 31 34 36 38 40 42 44 46 48 50 52 54 56 58 60 62 64 66 68 ]   sup=4
                                            [2 3 5 7 9 11 13 15 17 19 22 23 25 27 29 31 34 36 38 40 42 44 46 48 50 52 54 56 58 60 62 64 66 68 71 72 ]   sup=2
                                              [2 3 5 7 9 11 13 15 17 19 22 23 25 27 29 31 34 36 38 40 42 44 46 48 50 52 54 56 58 60 62 64 66 68 71 72 75 ]   sup=1
                                              [2 3 5 7 9 11 13 15 17 19 22 23 25 27 29 31 34 36 38 40 42 44 46 48 50 52 54 56 58 60 62 64 66 68 71 72 74 ]   sup=1
                                            [2 3 5 7 9 11 13 15 17 19 22 23 25 27 29 31 34 36 38 40 42 44 46 48 50 52 54 56 58 60 62 64 66 68 70 72 ]   sup=2
                                              [2 3 5 7 9 11 13 15 17 19 22 23 25 27 29 31 34 36 38 40 42 44 46 48 50 52 54 56 58 60 62 64 66 68 70 72 74 ]   sup=1
                                              [2 3 5 7 9 11 13 15 17 19 22 23 25 27 29 31 34 36 38 40 42 44 46 48 50 52 54 56 58 60 62 64 66 68 70 72 75 ]   sup=1
                                          [2 3 5 7 9 11 13 15 17 19 22 23 25 27 29 31 34 36 38 40 42 44 46 48 50 52 54 56 58 60 62 64 66 69 70 72 74 ]   sup=1
                                      [2 3 5 7 9 11 13 15 17 19 22 23 25 27 29 31 34 36 38 40 42 44 46 48 50 52 55 56 58 60 62 64 66 68 ]   sup=4
                                        [2 3 5 7 9 11 13 15 17 19 22 23 25 27 29 31 34 36 38 40 42 44 46 48 50 52 55 56 58 60 62 64 66 68 71 72 ]   sup=2
                                          [2 3 5 7 9 11 13 15 17 19 22 23 25 27 29 31 34 36 38 40 42 44 46 48 50 52 55 56 58 60 62 64 66 68 71 72 75 ]   sup=1
                                          [2 3 5 7 9 11 13 15 17 19 22 23 25 27 29 31 34 36 38 40 42 44 46 48 50 52 55 56 58 60 62 64 66 68 71 72 74 ]   sup=1
                                        [2 3 5 7 9 11 13 15 17 19 22 23 25 27 29 31 34 36 38 40 42 44 46 48 50 52 55 56 58 60 62 64 66 68 70 72 ]   sup=2
                                          [2 3 5 7 9 11 13 15 17 19 22 23 25 27 29 31 34 36 38 40 42 44 46 48 50 52 55 56 58 60 62 64 66 68 70 72 74 ]   sup=1
                                          [2 3 5 7 9 11 13 15 17 19 22 23 25 27 29 31 34 36 38 40 42 44 46 48 50 52 55 56 58 60 62 64 66 68 70 72 75 ]   sup=1
                                  [2 3 5 7 9 11 13 15 17 19 22 23 25 27 29 31 34 36 38 40 43 44 46 48 ]   sup=2
                                    [2 3 5 7 9 11 13 15 17 19 22 23 25 27 29 31 34 36 38 40 43 44 46 48 51 52 54 56 58 60 62 64 67 68 70 73 74 ]   sup=1
                                    [2 3 5 7 9 11 13 15 17 19 22 23 25 27 29 31 34 36 38 40 43 44 46 48 50 52 54 56 58 60 62 64 67 68 70 73 74 ]   sup=1
                                [2 3 5 7 9 11 13 15 17 19 22 23 25 27 29 31 34 36 39 40 42 44 46 48 50 52 55 56 58 60 62 64 66 68 70 72 75 ]   sup=1
                            [2 3 5 7 9 11 13 15 17 19 22 23 25 27 29 33 34 36 38 40 42 44 46 48 ]   sup=2
                              [2 3 5 7 9 11 13 15 17 19 22 23 25 27 29 33 34 36 38 40 42 44 46 48 51 52 54 56 58 60 62 64 67 69 70 73 74 ]   sup=1
                              [2 3 5 7 9 11 13 15 17 19 22 23 25 27 29 33 34 36 38 40 42 44 46 48 50 52 54 56 58 60 62 64 67 69 70 73 74 ]   sup=1
                  [2 3 5 7 9 11 13 15 17 20 21 ]   sup=61
                    [2 3 5 7 9 11 13 15 17 20 21 23 ]   sup=42
                      [2 3 5 7 9 11 13 15 17 20 21 23 26 ]   sup=10
                        [2 3 5 7 9 11 13 15 17 20 21 23 26 28 29 31 34 36 38 40 42 44 47 48 ]   sup=6
                          [2 3 5 7 9 11 13 15 17 20 21 23 26 28 29 31 34 36 38 40 42 44 47 48 50 52 ]   sup=5
                            [2 3 5 7 9 11 13 15 17 20 21 23 26 28 29 31 34 36 38 40 42 44 47 48 50 52 55 ]   sup=3
                              [2 3 5 7 9 11 13 15 17 20 21 23 26 28 29 31 34 36 38 40 42 44 47 48 50 52 55 57 58 60 62 64 66 69 70 72 75 ]   sup=1
                              [2 3 5 7 9 11 13 15 17 20 21 23 26 28 29 31 34 36 38 40 42 44 47 48 50 52 55 56 58 60 62 64 66 69 70 72 ]   sup=2
                                [2 3 5 7 9 11 13 15 17 20 21 23 26 28 29 31 34 36 38 40 42 44 47 48 50 52 55 56 58 60 62 64 66 69 70 72 75 ]   sup=1
                                [2 3 5 7 9 11 13 15 17 20 21 23 26 28 29 31 34 36 38 40 42 44 47 48 50 52 55 56 58 60 62 64 66 69 70 72 74 ]   sup=1
                            [2 3 5 7 9 11 13 15 17 20 21 23 26 28 29 31 34 36 38 40 42 44 47 48 50 52 54 56 58 60 62 64 66 69 70 72 ]   sup=2
                              [2 3 5 7 9 11 13 15 17 20 21 23 26 28 29 31 34 36 38 40 42 44 47 48 50 52 54 56 58 60 62 64 66 69 70 72 75 ]   sup=1
                              [2 3 5 7 9 11 13 15 17 20 21 23 26 28 29 31 34 36 38 40 42 44 47 48 50 52 54 56 58 60 62 64 66 69 70 72 74 ]   sup=1
                          [2 3 5 7 9 11 13 15 17 20 21 23 26 28 29 31 34 36 38 40 42 44 47 48 51 52 54 56 58 60 62 64 66 69 70 72 74 ]   sup=1
                        [2 3 5 7 9 11 13 15 17 20 21 23 26 27 29 31 34 36 38 40 42 44 47 48 ]   sup=4
                          [2 3 5 7 9 11 13 15 17 20 21 23 26 27 29 31 34 36 38 40 42 44 47 48 51 52 55 56 58 60 62 64 66 69 70 72 75 ]   sup=1
                          [2 3 5 7 9 11 13 15 17 20 21 23 26 27 29 31 34 36 38 40 42 44 47 48 50 52 ]   sup=3
                            [2 3 5 7 9 11 13 15 17 20 21 23 26 27 29 31 34 36 38 40 42 44 47 48 50 52 54 56 58 60 62 64 66 69 70 72 75 ]   sup=1
                            [2 3 5 7 9 11 13 15 17 20 21 23 26 27 29 31 34 36 38 40 42 44 47 48 50 52 55 56 58 60 62 64 66 69 70 72 ]   sup=2
                              [2 3 5 7 9 11 13 15 17 20 21 23 26 27 29 31 34 36 38 40 42 44 47 48 50 52 55 56 58 60 62 64 66 69 70 72 74 ]   sup=1
                              [2 3 5 7 9 11 13 15 17 20 21 23 26 27 29 31 34 36 38 40 42 44 47 48 50 52 55 56 58 60 62 64 66 69 70 72 75 ]   sup=1
                      [2 3 5 7 9 11 13 15 17 20 21 23 25 ]   sup=32
                        [2 3 5 7 9 11 13 15 17 20 21 23 25 27 29 31 34 36 ]   sup=14
                          [2 3 5 7 9 11 13 15 17 20 21 23 25 27 29 31 34 36 38 40 42 44 47 48 ]   sup=8
                            [2 3 5 7 9 11 13 15 17 20 21 23 25 27 29 31 34 36 38 40 42 44 47 48 50 52 ]   sup=4
                              [2 3 5 7 9 11 13 15 17 20 21 23 25 27 29 31 34 36 38 40 42 44 47 48 50 52 54 56 58 60 62 64 ]   sup=2
                                [2 3 5 7 9 11 13 15 17 20 21 23 25 27 29 31 34 36 38 40 42 44 47 48 50 52 54 56 58 60 62 64 66 69 70 72 75 ]   sup=1
                                [2 3 5 7 9 11 13 15 17 20 21 23 25 27 29 31 34 36 38 40 42 44 47 48 50 52 54 56 58 60 62 64 67 68 70 73 74 ]   sup=1
                              [2 3 5 7 9 11 13 15 17 20 21 23 25 27 29 31 34 36 38 40 42 44 47 48 50 52 55 56 58 60 62 64 66 69 70 72 ]   sup=2
                                [2 3 5 7 9 11 13 15 17 20 21 23 25 27 29 31 34 36 38 40 42 44 47 48 50 52 55 56 58 60 62 64 66 69 70 72 75 ]   sup=1
                                [2 3 5 7 9 11 13 15 17 20 21 23 25 27 29 31 34 36 38 40 42 44 47 48 50 52 55 56 58 60 62 64 66 69 70 72 74 ]   sup=1
                            [2 3 5 7 9 11 13 15 17 20 21 23 25 27 29 31 34 36 38 40 42 44 47 48 51 52 ]   sup=4
                              [2 3 5 7 9 11 13 15 17 20 21 23 25 27 29 31 34 36 38 40 42 44 47 48 51 52 54 56 58 60 62 64 ]   sup=2
                                [2 3 5 7 9 11 13 15 17 20 21 23 25 27 29 31 34 36 38 40 42 44 47 48 51 52 54 56 58 60 62 64 66 69 70 72 75 ]   sup=1
                                [2 3 5 7 9 11 13 15 17 20 21 23 25 27 29 31 34 36 38 40 42 44 47 48 51 52 54 56 58 60 62 64 67 68 70 73 74 ]   sup=1
                              [2 3 5 7 9 11 13 15 17 20 21 23 25 27 29 31 34 36 38 40 42 44 47 48 51 52 55 56 58 60 62 64 66 69 70 72 ]   sup=2
                                [2 3 5 7 9 11 13 15 17 20 21 23 25 27 29 31 34 36 38 40 42 44 47 48 51 52 55 56 58 60 62 64 66 69 70 72 75 ]   sup=1
                                [2 3 5 7 9 11 13 15 17 20 21 23 25 27 29 31 34 36 38 40 42 44 47 48 51 52 55 56 58 60 62 64 66 69 70 72 74 ]   sup=1
                          [2 3 5 7 9 11 13 15 17 20 21 23 25 27 29 31 34 36 39 40 ]   sup=6
                            [2 3 5 7 9 11 13 15 17 20 21 23 25 27 29 31 34 36 39 40 43 44 47 48 ]   sup=3
                              [2 3 5 7 9 11 13 15 17 20 21 23 25 27 29 31 34 36 39 40 43 44 47 48 50 52 54 56 58 60 62 ]   sup=2
                                [2 3 5 7 9 11 13 15 17 20 21 23 25 27 29 31 34 36 39 40 43 44 47 48 50 52 54 56 58 60 62 64 67 68 70 73 74 ]   sup=1
                                [2 3 5 7 9 11 13 15 17 20 21 23 25 27 29 31 34 36 39 40 43 44 47 48 50 52 54 56 58 60 62 65 67 68 70 73 74 ]   sup=1
                              [2 3 5 7 9 11 13 15 17 20 21 23 25 27 29 31 34 36 39 40 43 44 47 48 51 52 54 56 58 60 62 65 67 68 70 73 74 ]   sup=1
                            [2 3 5 7 9 11 13 15 17 20 21 23 25 27 29 31 34 36 39 40 42 44 47 48 ]   sup=3
                              [2 3 5 7 9 11 13 15 17 20 21 23 25 27 29 31 34 36 39 40 42 44 47 48 50 52 55 ]   sup=2
                                [2 3 5 7 9 11 13 15 17 20 21 23 25 27 29 31 34 36 39 40 42 44 47 48 50 52 55 57 58 60 63 64 66 69 71 72 75 ]   sup=1
                                [2 3 5 7 9 11 13 15 17 20 21 23 25 27 29 31 34 36 39 40 42 44 47 48 50 52 55 56 58 60 62 64 66 69 70 72 75 ]   sup=1
                              [2 3 5 7 9 11 13 15 17 20 21 23 25 27 29 31 34 36 39 40 42 44 47 48 51 52 55 57 58 60 63 64 66 69 71 72 75 ]   sup=1
                        [2 3 5 7 9 11 13 15 17 20 21 23 25 28 29 31 34 ]   sup=18
                          [2 3 5 7 9 11 13 15 17 20 21 23 25 28 29 31 34 36 38 40 42 44 47 ]   sup=17
                            [2 3 5 7 9 11 13 15 17 20 21 23 25 28 29 31 34 36 38 40 42 44 47 49 ]   sup=5
                              [2 3 5 7 9 11 13 15 17 20 21 23 25 28 29 31 34 36 38 40 42 44 47 49 51 52 54 56 58 60 62 64 66 68 70 72 74 ]   sup=1
                              [2 3 5 7 9 11 13 15 17 20 21 23 25 28 29 31 34 36 38 40 42 44 47 49 50 52 ]   sup=4
                                [2 3 5 7 9 11 13 15 17 20 21 23 25 28 29 31 34 36 38 40 42 44 47 49 50 52 54 56 58 60 62 64 66 ]   sup=2
                                  [2 3 5 7 9 11 13 15 17 20 21 23 25 28 29 31 34 36 38 40 42 44 47 49 50 52 54 56 58 60 62 64 66 68 70 72 74 ]   sup=1
                                  [2 3 5 7 9 11 13 15 17 20 21 23 25 28 29 31 34 36 38 40 42 44 47 49 50 52 54 56 58 60 62 64 66 69 70 72 74 ]   sup=1
                                [2 3 5 7 9 11 13 15 17 20 21 23 25 28 29 31 34 36 38 40 42 44 47 49 50 52 55 56 58 60 62 64 66 68 70 72 ]   sup=2
                                  [2 3 5 7 9 11 13 15 17 20 21 23 25 28 29 31 34 36 38 40 42 44 47 49 50 52 55 56 58 60 62 64 66 68 70 72 75 ]   sup=1
                                  [2 3 5 7 9 11 13 15 17 20 21 23 25 28 29 31 34 36 38 40 42 44 47 49 50 52 55 56 58 60 62 64 66 68 70 72 74 ]   sup=1
                            [2 3 5 7 9 11 13 15 17 20 21 23 25 28 29 31 34 36 38 40 42 44 47 48 ]   sup=12
                              [2 3 5 7 9 11 13 15 17 20 21 23 25 28 29 31 34 36 38 40 42 44 47 48 51 52 ]   sup=6
                                [2 3 5 7 9 11 13 15 17 20 21 23 25 28 29 31 34 36 38 40 42 44 47 48 51 52 55 ]   sup=3
                                  [2 3 5 7 9 11 13 15 17 20 21 23 25 28 29 31 34 36 38 40 42 44 47 48 51 52 55 57 58 60 62 64 66 69 70 72 75 ]   sup=1
                                  [2 3 5 7 9 11 13 15 17 20 21 23 25 28 29 31 34 36 38 40 42 44 47 48 51 52 55 56 58 60 62 64 66 69 70 72 ]   sup=2
                                    [2 3 5 7 9 11 13 15 17 20 21 23 25 28 29 31 34 36 38 40 42 44 47 48 51 52 55 56 58 60 62 64 66 69 70 72 75 ]   sup=1
                                    [2 3 5 7 9 11 13 15 17 20 21 23 25 28 29 31 34 36 38 40 42 44 47 48 51 52 55 56 58 60 62 64 66 69 70 72 74 ]   sup=1
                                [2 3 5 7 9 11 13 15 17 20 21 23 25 28 29 31 34 36 38 40 42 44 47 48 51 52 54 56 58 60 62 64 ]   sup=3
                                  [2 3 5 7 9 11 13 15 17 20 21 23 25 28 29 31 34 36 38 40 42 44 47 48 51 52 54 56 58 60 62 64 67 68 70 73 74 ]   sup=1
                                  [2 3 5 7 9 11 13 15 17 20 21 23 25 28 29 31 34 36 38 40 42 44 47 48 51 52 54 56 58 60 62 64 66 69 70 72 ]   sup=2
                                    [2 3 5 7 9 11 13 15 17 20 21 23 25 28 29 31 34 36 38 40 42 44 47 48 51 52 54 56 58 60 62 64 66 69 70 72 74 ]   sup=1
                                    [2 3 5 7 9 11 13 15 17 20 21 23 25 28 29 31 34 36 38 40 42 44 47 48 51 52 54 56 58 60 62 64 66 69 70 72 75 ]   sup=1
                              [2 3 5 7 9 11 13 15 17 20 21 23 25 28 29 31 34 36 38 40 42 44 47 48 50 52 ]   sup=6
                                [2 3 5 7 9 11 13 15 17 20 21 23 25 28 29 31 34 36 38 40 42 44 47 48 50 52 55 ]   sup=3
                                  [2 3 5 7 9 11 13 15 17 20 21 23 25 28 29 31 34 36 38 40 42 44 47 48 50 52 55 57 58 60 62 64 66 69 70 72 75 ]   sup=1
                                  [2 3 5 7 9 11 13 15 17 20 21 23 25 28 29 31 34 36 38 40 42 44 47 48 50 52 55 56 58 60 62 64 66 69 70 72 ]   sup=2
                                    [2 3 5 7 9 11 13 15 17 20 21 23 25 28 29 31 34 36 38 40 42 44 47 48 50 52 55 56 58 60 62 64 66 69 70 72 74 ]   sup=1
                                    [2 3 5 7 9 11 13 15 17 20 21 23 25 28 29 31 34 36 38 40 42 44 47 48 50 52 55 56 58 60 62 64 66 69 70 72 75 ]   sup=1
                                [2 3 5 7 9 11 13 15 17 20 21 23 25 28 29 31 34 36 38 40 42 44 47 48 50 52 54 56 58 60 62 64 ]   sup=3
                                  [2 3 5 7 9 11 13 15 17 20 21 23 25 28 29 31 34 36 38 40 42 44 47 48 50 52 54 56 58 60 62 64 66 69 70 72 ]   sup=2
                                    [2 3 5 7 9 11 13 15 17 20 21 23 25 28 29 31 34 36 38 40 42 44 47 48 50 52 54 56 58 60 62 64 66 69 70 72 75 ]   sup=1
                                    [2 3 5 7 9 11 13 15 17 20 21 23 25 28 29 31 34 36 38 40 42 44 47 48 50 52 54 56 58 60 62 64 66 69 70 72 74 ]   sup=1
                                  [2 3 5 7 9 11 13 15 17 20 21 23 25 28 29 31 34 36 38 40 42 44 47 48 50 52 54 56 58 60 62 64 67 68 70 73 74 ]   sup=1
                          [2 3 5 7 9 11 13 15 17 20 21 23 25 28 29 31 34 37 38 40 42 44 47 48 50 52 55 56 58 60 62 64 66 69 70 72 74 ]   sup=1
                    [2 3 5 7 9 11 13 15 17 20 21 24 ]   sup=19
                      [2 3 5 7 9 11 13 15 17 20 21 24 26 ]   sup=5
                        [2 3 5 7 9 11 13 15 17 20 21 24 26 27 29 31 34 36 38 40 ]   sup=4
                          [2 3 5 7 9 11 13 15 17 20 21 24 26 27 29 31 34 36 38 40 42 44 47 ]   sup=2
                            [2 3 5 7 9 11 13 15 17 20 21 24 26 27 29 31 34 36 38 40 42 44 47 49 50 52 54 56 58 60 62 65 66 68 70 73 74 ]   sup=1
                            [2 3 5 7 9 11 13 15 17 20 21 24 26 27 29 31 34 36 38 40 42 44 47 48 51 52 54 56 58 60 62 65 66 69 70 73 74 ]   sup=1
                          [2 3 5 7 9 11 13 15 17 20 21 24 26 27 29 31 34 36 38 40 43 44 47 ]   sup=2
                            [2 3 5 7 9 11 13 15 17 20 21 24 26 27 29 31 34 36 38 40 43 44 47 48 51 52 54 56 58 60 62 65 66 69 70 73 74 ]   sup=1
                            [2 3 5 7 9 11 13 15 17 20 21 24 26 27 29 31 34 36 38 40 43 44 47 49 50 52 54 56 58 60 62 65 66 68 70 73 74 ]   sup=1
                        [2 3 5 7 9 11 13 15 17 20 21 24 26 28 29 31 34 36 38 40 42 44 47 49 50 52 54 56 58 60 62 64 66 68 70 73 74 ]   sup=1
                      [2 3 5 7 9 11 13 15 17 20 21 24 25 ]   sup=14
                        [2 3 5 7 9 11 13 15 17 20 21 24 25 28 29 31 34 36 38 40 42 44 47 ]   sup=3
                          [2 3 5 7 9 11 13 15 17 20 21 24 25 28 29 31 34 36 38 40 42 44 47 48 ]   sup=2
                            [2 3 5 7 9 11 13 15 17 20 21 24 25 28 29 31 34 36 38 40 42 44 47 48 50 52 54 56 58 60 62 64 66 68 70 73 74 ]   sup=1
                            [2 3 5 7 9 11 13 15 17 20 21 24 25 28 29 31 34 36 38 40 42 44 47 48 51 52 54 56 58 60 62 64 66 68 70 73 74 ]   sup=1
                          [2 3 5 7 9 11 13 15 17 20 21 24 25 28 29 31 34 36 38 40 42 44 47 49 50 52 54 56 58 60 62 64 66 68 70 72 74 ]   sup=1
                        [2 3 5 7 9 11 13 15 17 20 21 24 25 27 29 31 34 36 ]   sup=11
                          [2 3 5 7 9 11 13 15 17 20 21 24 25 27 29 31 34 36 39 40 43 44 47 48 50 52 54 56 58 60 62 65 66 69 70 73 74 ]   sup=1
                          [2 3 5 7 9 11 13 15 17 20 21 24 25 27 29 31 34 36 38 40 ]   sup=10
                            [2 3 5 7 9 11 13 15 17 20 21 24 25 27 29 31 34 36 38 40 43 44 47 48 ]   sup=5
                              [2 3 5 7 9 11 13 15 17 20 21 24 25 27 29 31 34 36 38 40 43 44 47 48 51 52 54 56 58 60 62 ]   sup=2
                                [2 3 5 7 9 11 13 15 17 20 21 24 25 27 29 31 34 36 38 40 43 44 47 48 51 52 54 56 58 60 62 64 66 68 70 73 74 ]   sup=1
                                [2 3 5 7 9 11 13 15 17 20 21 24 25 27 29 31 34 36 38 40 43 44 47 48 51 52 54 56 58 60 62 65 66 68 70 73 74 ]   sup=1
                              [2 3 5 7 9 11 13 15 17 20 21 24 25 27 29 31 34 36 38 40 43 44 47 48 50 52 54 56 58 60 62 ]   sup=3
                                [2 3 5 7 9 11 13 15 17 20 21 24 25 27 29 31 34 36 38 40 43 44 47 48 50 52 54 56 58 60 62 65 66 ]   sup=2
                                  [2 3 5 7 9 11 13 15 17 20 21 24 25 27 29 31 34 36 38 40 43 44 47 48 50 52 54 56 58 60 62 65 66 69 70 73 74 ]   sup=1
                                  [2 3 5 7 9 11 13 15 17 20 21 24 25 27 29 31 34 36 38 40 43 44 47 48 50 52 54 56 58 60 62 65 66 68 70 73 74 ]   sup=1
                                [2 3 5 7 9 11 13 15 17 20 21 24 25 27 29 31 34 36 38 40 43 44 47 48 50 52 54 56 58 60 62 64 66 68 70 73 74 ]   sup=1
                            [2 3 5 7 9 11 13 15 17 20 21 24 25 27 29 31 34 36 38 40 42 44 47 48 ]   sup=5
                              [2 3 5 7 9 11 13 15 17 20 21 24 25 27 29 31 34 36 38 40 42 44 47 48 50 52 54 56 58 60 62 ]   sup=3
                                [2 3 5 7 9 11 13 15 17 20 21 24 25 27 29 31 34 36 38 40 42 44 47 48 50 52 54 56 58 60 62 64 66 68 70 73 74 ]   sup=1
                                [2 3 5 7 9 11 13 15 17 20 21 24 25 27 29 31 34 36 38 40 42 44 47 48 50 52 54 56 58 60 62 65 66 ]   sup=2
                                  [2 3 5 7 9 11 13 15 17 20 21 24 25 27 29 31 34 36 38 40 42 44 47 48 50 52 54 56 58 60 62 65 66 69 70 73 74 ]   sup=1
                                  [2 3 5 7 9 11 13 15 17 20 21 24 25 27 29 31 34 36 38 40 42 44 47 48 50 52 54 56 58 60 62 65 66 68 70 73 74 ]   sup=1
                              [2 3 5 7 9 11 13 15 17 20 21 24 25 27 29 31 34 36 38 40 42 44 47 48 51 52 54 56 58 60 62 ]   sup=2
                                [2 3 5 7 9 11 13 15 17 20 21 24 25 27 29 31 34 36 38 40 42 44 47 48 51 52 54 56 58 60 62 65 66 68 70 73 74 ]   sup=1
                                [2 3 5 7 9 11 13 15 17 20 21 24 25 27 29 31 34 36 38 40 42 44 47 48 51 52 54 56 58 60 62 64 66 68 70 73 74 ]   sup=1
                [2 3 5 7 9 11 13 16 ]   sup=122
                  [2 3 5 7 9 11 13 16 18 20 ]   sup=72
                    [2 3 5 7 9 11 13 16 18 20 22 ]   sup=40
                      [2 3 5 7 9 11 13 16 18 20 22 23 ]   sup=23
                        [2 3 5 7 9 11 13 16 18 20 22 23 25 ]   sup=21
                          [2 3 5 7 9 11 13 16 18 20 22 23 25 28 29 31 ]   sup=6
                            [2 3 5 7 9 11 13 16 18 20 22 23 25 28 29 31 35 36 38 40 42 44 ]   sup=2
                              [2 3 5 7 9 11 13 16 18 20 22 23 25 28 29 31 35 36 38 40 42 44 46 48 50 52 54 56 58 60 62 64 66 69 71 72 74 ]   sup=1
                              [2 3 5 7 9 11 13 16 18 20 22 23 25 28 29 31 35 36 38 40 42 44 47 48 50 52 54 56 58 60 62 64 66 69 71 72 75 ]   sup=1
                            [2 3 5 7 9 11 13 16 18 20 22 23 25 28 29 31 34 36 38 40 42 44 ]   sup=4
                              [2 3 5 7 9 11 13 16 18 20 22 23 25 28 29 31 34 36 38 40 42 44 47 48 50 52 54 56 58 60 62 64 66 68 71 72 74 ]   sup=1
                              [2 3 5 7 9 11 13 16 18 20 22 23 25 28 29 31 34 36 38 40 42 44 46 ]   sup=3
                                [2 3 5 7 9 11 13 16 18 20 22 23 25 28 29 31 34 36 38 40 42 44 46 48 50 52 54 56 58 60 62 64 66 68 71 72 ]   sup=2
                                  [2 3 5 7 9 11 13 16 18 20 22 23 25 28 29 31 34 36 38 40 42 44 46 48 50 52 54 56 58 60 62 64 66 68 71 72 75 ]   sup=1
                                  [2 3 5 7 9 11 13 16 18 20 22 23 25 28 29 31 34 36 38 40 42 44 46 48 50 52 54 56 58 60 62 64 66 68 71 72 74 ]   sup=1
                                [2 3 5 7 9 11 13 16 18 20 22 23 25 28 29 31 34 36 38 40 42 44 46 49 50 52 54 56 58 60 62 64 67 69 70 73 74 ]   sup=1
                          [2 3 5 7 9 11 13 16 18 20 22 23 25 27 29 31 ]   sup=15
                            [2 3 5 7 9 11 13 16 18 20 22 23 25 27 29 31 34 36 38 40 ]   sup=11
                              [2 3 5 7 9 11 13 16 18 20 22 23 25 27 29 31 34 36 38 40 43 44 46 48 50 52 54 56 58 60 62 64 67 68 70 73 74 ]   sup=1
                              [2 3 5 7 9 11 13 16 18 20 22 23 25 27 29 31 34 36 38 40 42 44 ]   sup=10
                                [2 3 5 7 9 11 13 16 18 20 22 23 25 27 29 31 34 36 38 40 42 44 47 48 50 52 ]   sup=4
                                  [2 3 5 7 9 11 13 16 18 20 22 23 25 27 29 31 34 36 38 40 42 44 47 48 50 52 54 56 58 60 62 64 66 ]   sup=2
                                    [2 3 5 7 9 11 13 16 18 20 22 23 25 27 29 31 34 36 38 40 42 44 47 48 50 52 54 56 58 60 62 64 66 68 71 72 74 ]   sup=1
                                    [2 3 5 7 9 11 13 16 18 20 22 23 25 27 29 31 34 36 38 40 42 44 47 48 50 52 54 56 58 60 62 64 66 69 71 72 75 ]   sup=1
                                  [2 3 5 7 9 11 13 16 18 20 22 23 25 27 29 31 34 36 38 40 42 44 47 48 50 52 55 56 58 60 62 64 66 ]   sup=2
                                    [2 3 5 7 9 11 13 16 18 20 22 23 25 27 29 31 34 36 38 40 42 44 47 48 50 52 55 56 58 60 62 64 66 69 71 72 74 ]   sup=1
                                    [2 3 5 7 9 11 13 16 18 20 22 23 25 27 29 31 34 36 38 40 42 44 47 48 50 52 55 56 58 60 62 64 66 68 71 72 75 ]   sup=1
                                [2 3 5 7 9 11 13 16 18 20 22 23 25 27 29 31 34 36 38 40 42 44 46 ]   sup=6
                                  [2 3 5 7 9 11 13 16 18 20 22 23 25 27 29 31 34 36 38 40 42 44 46 48 50 52 ]   sup=5
                                    [2 3 5 7 9 11 13 16 18 20 22 23 25 27 29 31 34 36 38 40 42 44 46 48 50 52 54 56 58 60 62 64 66 ]   sup=3
                                      [2 3 5 7 9 11 13 16 18 20 22 23 25 27 29 31 34 36 38 40 42 44 46 48 50 52 54 56 58 60 62 64 66 69 71 72 74 ]   sup=1
                                      [2 3 5 7 9 11 13 16 18 20 22 23 25 27 29 31 34 36 38 40 42 44 46 48 50 52 54 56 58 60 62 64 66 68 71 72 ]   sup=2
                                        [2 3 5 7 9 11 13 16 18 20 22 23 25 27 29 31 34 36 38 40 42 44 46 48 50 52 54 56 58 60 62 64 66 68 71 72 75 ]   sup=1
                                        [2 3 5 7 9 11 13 16 18 20 22 23 25 27 29 31 34 36 38 40 42 44 46 48 50 52 54 56 58 60 62 64 66 68 71 72 74 ]   sup=1
                                    [2 3 5 7 9 11 13 16 18 20 22 23 25 27 29 31 34 36 38 40 42 44 46 48 50 52 55 56 58 60 62 64 66 69 71 72 ]   sup=2
                                      [2 3 5 7 9 11 13 16 18 20 22 23 25 27 29 31 34 36 38 40 42 44 46 48 50 52 55 56 58 60 62 64 66 69 71 72 74 ]   sup=1
                                      [2 3 5 7 9 11 13 16 18 20 22 23 25 27 29 31 34 36 38 40 42 44 46 48 50 52 55 56 58 60 62 64 66 69 71 72 75 ]   sup=1
                                  [2 3 5 7 9 11 13 16 18 20 22 23 25 27 29 31 34 36 38 40 42 44 46 49 50 52 54 56 58 60 62 64 67 69 70 73 74 ]   sup=1
                            [2 3 5 7 9 11 13 16 18 20 22 23 25 27 29 31 35 36 38 40 42 44 ]   sup=4
                              [2 3 5 7 9 11 13 16 18 20 22 23 25 27 29 31 35 36 38 40 42 44 46 48 50 52 ]   sup=3
                                [2 3 5 7 9 11 13 16 18 20 22 23 25 27 29 31 35 36 38 40 42 44 46 48 50 52 54 56 58 60 62 64 66 69 71 72 74 ]   sup=1
                                [2 3 5 7 9 11 13 16 18 20 22 23 25 27 29 31 35 36 38 40 42 44 46 48 50 52 55 56 58 60 62 64 66 69 71 72 ]   sup=2
                                  [2 3 5 7 9 11 13 16 18 20 22 23 25 27 29 31 35 36 38 40 42 44 46 48 50 52 55 56 58 60 62 64 66 69 71 72 74 ]   sup=1
                                  [2 3 5 7 9 11 13 16 18 20 22 23 25 27 29 31 35 36 38 40 42 44 46 48 50 52 55 56 58 60 62 64 66 69 71 72 75 ]   sup=1
                              [2 3 5 7 9 11 13 16 18 20 22 23 25 27 29 31 35 36 38 40 42 44 47 48 50 52 54 56 58 60 62 64 66 69 71 72 75 ]   sup=1
                        [2 3 5 7 9 11 13 16 18 20 22 23 26 ]   sup=2
                          [2 3 5 7 9 11 13 16 18 20 22 23 26 27 29 31 34 36 38 40 42 44 46 49 50 52 54 56 58 60 62 64 67 69 70 73 74 ]   sup=1
                          [2 3 5 7 9 11 13 16 18 20 22 23 26 28 29 31 34 36 38 40 42 44 46 49 50 52 54 56 58 60 62 64 67 69 70 73 74 ]   sup=1
                      [2 3 5 7 9 11 13 16 18 20 22 24 ]   sup=17
                        [2 3 5 7 9 11 13 16 18 20 22 24 25 ]   sup=12
                          [2 3 5 7 9 11 13 16 18 20 22 24 25 27 29 ]   sup=9
                            [2 3 5 7 9 11 13 16 18 20 22 24 25 27 29 31 34 36 ]   sup=4
                              [2 3 5 7 9 11 13 16 18 20 22 24 25 27 29 31 34 36 38 40 ]   sup=3
                                [2 3 5 7 9 11 13 16 18 20 22 24 25 27 29 31 34 36 38 40 43 44 46 48 50 52 54 56 58 60 62 64 66 69 70 73 74 ]   sup=1
                                [2 3 5 7 9 11 13 16 18 20 22 24 25 27 29 31 34 36 38 40 42 44 46 48 50 52 54 56 58 60 62 64 66 69 70 ]   sup=2
                                  [2 3 5 7 9 11 13 16 18 20 22 24 25 27 29 31 34 36 38 40 42 44 46 48 50 52 54 56 58 60 62 64 66 69 70 72 74 ]   sup=1
                                  [2 3 5 7 9 11 13 16 18 20 22 24 25 27 29 31 34 36 38 40 42 44 46 48 50 52 54 56 58 60 62 64 66 69 70 73 74 ]   sup=1
                              [2 3 5 7 9 11 13 16 18 20 22 24 25 27 29 31 34 36 39 40 42 44 46 48 50 52 54 56 58 60 62 64 66 69 70 72 74 ]   sup=1
                            [2 3 5 7 9 11 13 16 18 20 22 24 25 27 29 33 34 36 38 40 43 44 46 48 50 52 54 56 58 60 62 64 66 68 70 72 74 ]   sup=1
                            [2 3 5 7 9 11 13 16 18 20 22 24 25 27 29 32 34 36 38 40 ]   sup=4
                              [2 3 5 7 9 11 13 16 18 20 22 24 25 27 29 32 34 36 38 40 42 44 46 48 50 52 54 56 58 60 62 64 66 69 70 ]   sup=2
                                [2 3 5 7 9 11 13 16 18 20 22 24 25 27 29 32 34 36 38 40 42 44 46 48 50 52 54 56 58 60 62 64 66 69 70 72 74 ]   sup=1
                                [2 3 5 7 9 11 13 16 18 20 22 24 25 27 29 32 34 36 38 40 42 44 46 48 50 52 54 56 58 60 62 64 66 69 70 73 74 ]   sup=1
                              [2 3 5 7 9 11 13 16 18 20 22 24 25 27 29 32 34 36 38 40 43 44 46 48 50 52 54 56 58 60 62 64 66 69 70 ]   sup=2
                                [2 3 5 7 9 11 13 16 18 20 22 24 25 27 29 32 34 36 38 40 43 44 46 48 50 52 54 56 58 60 62 64 66 69 70 73 74 ]   sup=1
                                [2 3 5 7 9 11 13 16 18 20 22 24 25 27 29 32 34 36 38 40 43 44 46 48 50 52 54 56 58 60 62 64 66 69 70 72 74 ]   sup=1
                          [2 3 5 7 9 11 13 16 18 20 22 24 25 28 29 ]   sup=3
                            [2 3 5 7 9 11 13 16 18 20 22 24 25 28 29 31 34 36 38 40 42 44 46 48 50 52 54 56 58 60 62 64 66 69 70 ]   sup=2
                              [2 3 5 7 9 11 13 16 18 20 22 24 25 28 29 31 34 36 38 40 42 44 46 48 50 52 54 56 58 60 62 64 66 69 70 73 74 ]   sup=1
                              [2 3 5 7 9 11 13 16 18 20 22 24 25 28 29 31 34 36 38 40 42 44 46 48 50 52 54 56 58 60 62 64 66 69 70 72 74 ]   sup=1
                            [2 3 5 7 9 11 13 16 18 20 22 24 25 28 29 33 34 36 38 40 42 44 46 48 50 52 54 56 58 60 62 64 66 68 70 72 74 ]   sup=1
                        [2 3 5 7 9 11 13 16 18 20 22 24 26 ]   sup=5
                          [2 3 5 7 9 11 13 16 18 20 22 24 26 27 29 ]   sup=4
                            [2 3 5 7 9 11 13 16 18 20 22 24 26 27 29 32 34 36 ]   sup=2
                              [2 3 5 7 9 11 13 16 18 20 22 24 26 27 29 32 34 36 38 40 42 44 46 48 50 52 54 56 58 60 62 64 66 69 70 73 74 ]   sup=1
                              [2 3 5 7 9 11 13 16 18 20 22 24 26 27 29 32 34 36 39 40 42 44 46 48 50 52 54 56 58 60 62 64 66 69 70 72 74 ]   sup=1
                            [2 3 5 7 9 11 13 16 18 20 22 24 26 27 29 31 34 ]   sup=2
                              [2 3 5 7 9 11 13 16 18 20 22 24 26 27 29 31 34 37 38 40 43 44 46 48 50 52 54 56 58 60 62 64 66 68 70 72 74 ]   sup=1
                              [2 3 5 7 9 11 13 16 18 20 22 24 26 27 29 31 34 36 38 40 42 44 46 49 50 52 54 56 58 60 62 64 66 69 70 73 74 ]   sup=1
                          [2 3 5 7 9 11 13 16 18 20 22 24 26 28 29 31 34 36 38 40 42 44 46 49 50 52 54 56 58 60 62 64 66 69 70 73 74 ]   sup=1
                    [2 3 5 7 9 11 13 16 18 20 21 ]   sup=32
                      [2 3 5 7 9 11 13 16 18 20 21 23 ]   sup=12
                        [2 3 5 7 9 11 13 16 18 20 21 23 25 ]   sup=6
                          [2 3 5 7 9 11 13 16 18 20 21 23 25 27 29 ]   sup=4
                            [2 3 5 7 9 11 13 16 18 20 21 23 25 27 29 31 34 36 ]   sup=3
                              [2 3 5 7 9 11 13 16 18 20 21 23 25 27 29 31 34 36 38 40 43 44 ]   sup=2
                                [2 3 5 7 9 11 13 16 18 20 21 23 25 27 29 31 34 36 38 40 43 44 47 49 50 52 54 56 58 60 62 65 67 68 70 73 74 ]   sup=1
                                [2 3 5 7 9 11 13 16 18 20 21 23 25 27 29 31 34 36 38 40 43 44 46 49 50 52 54 56 58 60 62 65 67 68 70 73 74 ]   sup=1
                              [2 3 5 7 9 11 13 16 18 20 21 23 25 27 29 31 34 36 39 40 43 44 46 49 50 52 54 56 58 60 62 65 67 68 71 73 74 ]   sup=1
                            [2 3 5 7 9 11 13 16 18 20 21 23 25 27 29 32 34 36 38 40 42 44 47 48 51 52 54 56 58 61 62 64 67 68 70 73 74 ]   sup=1
                          [2 3 5 7 9 11 13 16 18 20 21 23 25 28 29 31 34 36 38 40 42 44 ]   sup=2
                            [2 3 5 7 9 11 13 16 18 20 21 23 25 28 29 31 34 36 38 40 42 44 47 49 50 52 54 56 58 60 62 64 67 68 70 73 74 ]   sup=1
                            [2 3 5 7 9 11 13 16 18 20 21 23 25 28 29 31 34 36 38 40 42 44 46 49 50 52 54 56 58 60 62 64 67 68 70 73 74 ]   sup=1
                        [2 3 5 7 9 11 13 16 18 20 21 23 26 ]   sup=6
                          [2 3 5 7 9 11 13 16 18 20 21 23 26 28 29 31 34 36 38 40 42 44 ]   sup=3
                            [2 3 5 7 9 11 13 16 18 20 21 23 26 28 29 31 34 36 38 40 42 44 46 49 ]   sup=2
                              [2 3 5 7 9 11 13 16 18 20 21 23 26 28 29 31 34 36 38 40 42 44 46 49 51 52 54 56 58 60 62 64 67 68 70 73 74 ]   sup=1
                              [2 3 5 7 9 11 13 16 18 20 21 23 26 28 29 31 34 36 38 40 42 44 46 49 50 52 54 56 58 60 62 64 67 68 70 73 74 ]   sup=1
                            [2 3 5 7 9 11 13 16 18 20 21 23 26 28 29 31 34 36 38 40 42 44 47 49 50 52 54 56 58 60 62 64 67 68 70 73 74 ]   sup=1
                          [2 3 5 7 9 11 13 16 18 20 21 23 26 27 29 31 34 36 ]   sup=3
                            [2 3 5 7 9 11 13 16 18 20 21 23 26 27 29 31 34 36 38 40 43 44 ]   sup=2
                              [2 3 5 7 9 11 13 16 18 20 21 23 26 27 29 31 34 36 38 40 43 44 46 49 50 52 54 56 58 60 62 65 67 68 71 73 74 ]   sup=1
                              [2 3 5 7 9 11 13 16 18 20 21 23 26 27 29 31 34 36 38 40 43 44 47 49 50 52 54 56 58 60 62 65 67 68 70 73 74 ]   sup=1
                            [2 3 5 7 9 11 13 16 18 20 21 23 26 27 29 31 34 36 39 40 43 44 46 49 51 52 54 56 58 60 62 65 67 68 71 73 74 ]   sup=1
                      [2 3 5 7 9 11 13 16 18 20 21 24 ]   sup=20
                        [2 3 5 7 9 11 13 16 18 20 21 24 25 ]   sup=14
                          [2 3 5 7 9 11 13 16 18 20 21 24 25 27 29 31 34 36 ]   sup=12
                            [2 3 5 7 9 11 13 16 18 20 21 24 25 27 29 31 34 36 39 40 42 44 46 48 50 52 54 56 58 60 62 ]   sup=3
                              [2 3 5 7 9 11 13 16 18 20 21 24 25 27 29 31 34 36 39 40 42 44 46 48 50 52 54 56 58 60 62 64 66 ]   sup=2
                                [2 3 5 7 9 11 13 16 18 20 21 24 25 27 29 31 34 36 39 40 42 44 46 48 50 52 54 56 58 60 62 64 66 69 71 73 74 ]   sup=1
                                [2 3 5 7 9 11 13 16 18 20 21 24 25 27 29 31 34 36 39 40 42 44 46 48 50 52 54 56 58 60 62 64 66 68 71 73 74 ]   sup=1
                              [2 3 5 7 9 11 13 16 18 20 21 24 25 27 29 31 34 36 39 40 42 44 46 48 50 52 54 56 58 60 62 65 66 69 71 73 74 ]   sup=1
                            [2 3 5 7 9 11 13 16 18 20 21 24 25 27 29 31 34 36 38 40 ]   sup=9
                              [2 3 5 7 9 11 13 16 18 20 21 24 25 27 29 31 34 36 38 40 43 44 ]   sup=5
                                [2 3 5 7 9 11 13 16 18 20 21 24 25 27 29 31 34 36 38 40 43 44 47 48 50 52 54 56 58 60 62 ]   sup=3
                                  [2 3 5 7 9 11 13 16 18 20 21 24 25 27 29 31 34 36 38 40 43 44 47 48 50 52 54 56 58 60 62 64 66 ]   sup=2
                                    [2 3 5 7 9 11 13 16 18 20 21 24 25 27 29 31 34 36 38 40 43 44 47 48 50 52 54 56 58 60 62 64 66 69 70 73 74 ]   sup=1
                                    [2 3 5 7 9 11 13 16 18 20 21 24 25 27 29 31 34 36 38 40 43 44 47 48 50 52 54 56 58 60 62 64 66 68 70 73 74 ]   sup=1
                                  [2 3 5 7 9 11 13 16 18 20 21 24 25 27 29 31 34 36 38 40 43 44 47 48 50 52 54 56 58 60 62 65 66 69 70 73 74 ]   sup=1
                                [2 3 5 7 9 11 13 16 18 20 21 24 25 27 29 31 34 36 38 40 43 44 46 48 50 52 54 56 58 60 62 ]   sup=2
                                  [2 3 5 7 9 11 13 16 18 20 21 24 25 27 29 31 34 36 38 40 43 44 46 48 50 52 54 56 58 60 62 64 66 69 70 73 74 ]   sup=1
                                  [2 3 5 7 9 11 13 16 18 20 21 24 25 27 29 31 34 36 38 40 43 44 46 48 50 52 54 56 58 60 62 65 66 69 70 73 74 ]   sup=1
                              [2 3 5 7 9 11 13 16 18 20 21 24 25 27 29 31 34 36 38 40 42 44 ]   sup=4
                                [2 3 5 7 9 11 13 16 18 20 21 24 25 27 29 31 34 36 38 40 42 44 46 48 50 52 54 56 58 60 62 64 66 ]   sup=2
                                  [2 3 5 7 9 11 13 16 18 20 21 24 25 27 29 31 34 36 38 40 42 44 46 48 50 52 54 56 58 60 62 64 66 68 70 73 74 ]   sup=1
                                  [2 3 5 7 9 11 13 16 18 20 21 24 25 27 29 31 34 36 38 40 42 44 46 48 50 52 54 56 58 60 62 64 66 69 70 73 74 ]   sup=1
                                [2 3 5 7 9 11 13 16 18 20 21 24 25 27 29 31 34 36 38 40 42 44 47 48 50 52 54 56 58 60 62 64 66 ]   sup=2
                                  [2 3 5 7 9 11 13 16 18 20 21 24 25 27 29 31 34 36 38 40 42 44 47 48 50 52 54 56 58 60 62 64 66 68 70 73 74 ]   sup=1
                                  [2 3 5 7 9 11 13 16 18 20 21 24 25 27 29 31 34 36 38 40 42 44 47 48 50 52 54 56 58 60 62 64 66 69 70 73 74 ]   sup=1
                          [2 3 5 7 9 11 13 16 18 20 21 24 25 28 29 31 34 36 38 40 42 44 ]   sup=2
                            [2 3 5 7 9 11 13 16 18 20 21 24 25 28 29 31 34 36 38 40 42 44 46 48 50 52 54 56 58 60 62 64 66 68 70 73 74 ]   sup=1
                            [2 3 5 7 9 11 13 16 18 20 21 24 25 28 29 31 34 36 38 40 42 44 47 48 50 52 54 56 58 60 62 64 66 68 70 73 74 ]   sup=1
                        [2 3 5 7 9 11 13 16 18 20 21 24 26 ]   sup=6
                          [2 3 5 7 9 11 13 16 18 20 21 24 26 28 29 31 34 36 38 40 42 44 ]   sup=2
                            [2 3 5 7 9 11 13 16 18 20 21 24 26 28 29 31 34 36 38 40 42 44 46 49 50 52 54 56 58 60 62 64 66 68 70 73 74 ]   sup=1
                            [2 3 5 7 9 11 13 16 18 20 21 24 26 28 29 31 34 36 38 40 42 44 47 49 50 52 54 56 58 60 62 64 66 68 70 73 74 ]   sup=1
                          [2 3 5 7 9 11 13 16 18 20 21 24 26 27 29 31 34 36 ]   sup=4
                            [2 3 5 7 9 11 13 16 18 20 21 24 26 27 29 31 34 36 39 40 43 44 46 49 50 52 54 56 58 60 62 64 66 68 71 73 74 ]   sup=1
                            [2 3 5 7 9 11 13 16 18 20 21 24 26 27 29 31 34 36 38 40 43 44 ]   sup=3
                              [2 3 5 7 9 11 13 16 18 20 21 24 26 27 29 31 34 36 38 40 43 44 47 ]   sup=2
                                [2 3 5 7 9 11 13 16 18 20 21 24 26 27 29 31 34 36 38 40 43 44 47 48 51 52 54 57 58 60 63 65 66 69 70 73 74 ]   sup=1
                                [2 3 5 7 9 11 13 16 18 20 21 24 26 27 29 31 34 36 38 40 43 44 47 49 50 52 54 56 58 60 62 64 66 68 70 73 74 ]   sup=1
                              [2 3 5 7 9 11 13 16 18 20 21 24 26 27 29 31 34 36 38 40 43 44 46 49 50 52 54 56 58 60 62 64 66 68 70 73 74 ]   sup=1
                  [2 3 5 7 9 11 13 16 17 ]   sup=50
                    [2 3 5 7 9 11 13 16 17 19 ]   sup=44
                      [2 3 5 7 9 11 13 16 17 19 22 ]   sup=22
                        [2 3 5 7 9 11 13 16 17 19 22 23 ]   sup=10
                          [2 3 5 7 9 11 13 16 17 19 22 23 25 ]   sup=8
                            [2 3 5 7 9 11 13 16 17 19 22 23 25 28 29 31 34 36 38 40 ]   sup=2
                              [2 3 5 7 9 11 13 16 17 19 22 23 25 28 29 31 34 36 38 40 42 44 46 48 50 52 54 56 58 60 62 64 67 69 70 73 74 ]   sup=1
                              [2 3 5 7 9 11 13 16 17 19 22 23 25 28 29 31 34 36 38 40 43 44 46 49 50 52 54 56 58 61 62 64 67 68 70 73 74 ]   sup=1
                            [2 3 5 7 9 11 13 16 17 19 22 23 25 27 29 ]   sup=6
                              [2 3 5 7 9 11 13 16 17 19 22 23 25 27 29 33 34 36 38 40 42 44 46 48 50 52 54 56 58 60 62 64 67 69 70 73 74 ]   sup=1
                              [2 3 5 7 9 11 13 16 17 19 22 23 25 27 29 31 34 36 38 40 ]   sup=5
                                [2 3 5 7 9 11 13 16 17 19 22 23 25 27 29 31 34 36 38 40 42 44 46 48 ]   sup=2
                                  [2 3 5 7 9 11 13 16 17 19 22 23 25 27 29 31 34 36 38 40 42 44 46 48 51 52 54 56 58 60 62 64 67 69 70 73 74 ]   sup=1
                                  [2 3 5 7 9 11 13 16 17 19 22 23 25 27 29 31 34 36 38 40 42 44 46 48 50 52 54 56 58 60 62 64 67 69 70 73 74 ]   sup=1
                                [2 3 5 7 9 11 13 16 17 19 22 23 25 27 29 31 34 36 38 40 43 44 46 ]   sup=3
                                  [2 3 5 7 9 11 13 16 17 19 22 23 25 27 29 31 34 36 38 40 43 44 46 48 ]   sup=2
                                    [2 3 5 7 9 11 13 16 17 19 22 23 25 27 29 31 34 36 38 40 43 44 46 48 51 52 54 56 58 60 62 64 67 68 70 73 74 ]   sup=1
                                    [2 3 5 7 9 11 13 16 17 19 22 23 25 27 29 31 34 36 38 40 43 44 46 48 50 52 54 56 58 60 62 64 67 68 70 73 74 ]   sup=1
                                  [2 3 5 7 9 11 13 16 17 19 22 23 25 27 29 31 34 36 38 40 43 44 46 49 50 52 54 56 58 61 62 64 67 68 70 73 74 ]   sup=1
                          [2 3 5 7 9 11 13 16 17 19 22 23 26 ]   sup=2
                            [2 3 5 7 9 11 13 16 17 19 22 23 26 27 29 31 34 36 38 40 43 44 46 49 50 52 54 56 58 61 62 64 67 68 70 73 74 ]   sup=1
                            [2 3 5 7 9 11 13 16 17 19 22 23 26 28 29 31 34 36 38 40 43 44 46 49 50 52 54 56 58 61 62 64 67 68 70 73 74 ]   sup=1
                        [2 3 5 7 9 11 13 16 17 19 22 24 25 ]   sup=12
                          [2 3 5 7 9 11 13 16 17 19 22 24 25 28 29 ]   sup=4
                            [2 3 5 7 9 11 13 16 17 19 22 24 25 28 29 31 34 36 38 40 42 44 46 48 50 52 54 56 58 60 62 64 66 ]   sup=3
                              [2 3 5 7 9 11 13 16 17 19 22 24 25 28 29 31 34 36 38 40 42 44 46 48 50 52 54 56 58 60 62 64 66 69 70 ]   sup=2
                                [2 3 5 7 9 11 13 16 17 19 22 24 25 28 29 31 34 36 38 40 42 44 46 48 50 52 54 56 58 60 62 64 66 69 70 72 74 ]   sup=1
                                [2 3 5 7 9 11 13 16 17 19 22 24 25 28 29 31 34 36 38 40 42 44 46 48 50 52 54 56 58 60 62 64 66 69 70 73 74 ]   sup=1
                              [2 3 5 7 9 11 13 16 17 19 22 24 25 28 29 31 34 36 38 40 42 44 46 48 50 52 54 56 58 60 62 64 66 68 70 72 74 ]   sup=1
                            [2 3 5 7 9 11 13 16 17 19 22 24 25 28 29 33 34 36 38 40 42 44 46 48 50 52 54 56 58 60 62 64 66 69 70 72 74 ]   sup=1
                          [2 3 5 7 9 11 13 16 17 19 22 24 25 27 29 ]   sup=8
                            [2 3 5 7 9 11 13 16 17 19 22 24 25 27 29 31 34 36 38 40 ]   sup=4
                              [2 3 5 7 9 11 13 16 17 19 22 24 25 27 29 31 34 36 38 40 42 44 46 48 50 52 54 56 58 60 62 64 66 ]   sup=3
                                [2 3 5 7 9 11 13 16 17 19 22 24 25 27 29 31 34 36 38 40 42 44 46 48 50 52 54 56 58 60 62 64 66 68 70 72 74 ]   sup=1
                                [2 3 5 7 9 11 13 16 17 19 22 24 25 27 29 31 34 36 38 40 42 44 46 48 50 52 54 56 58 60 62 64 66 69 70 ]   sup=2
                                  [2 3 5 7 9 11 13 16 17 19 22 24 25 27 29 31 34 36 38 40 42 44 46 48 50 52 54 56 58 60 62 64 66 69 70 73 74 ]   sup=1
                                  [2 3 5 7 9 11 13 16 17 19 22 24 25 27 29 31 34 36 38 40 42 44 46 48 50 52 54 56 58 60 62 64 66 69 70 72 74 ]   sup=1
                              [2 3 5 7 9 11 13 16 17 19 22 24 25 27 29 31 34 36 38 40 43 44 46 48 50 52 54 56 58 60 62 64 66 69 70 73 74 ]   sup=1
                            [2 3 5 7 9 11 13 16 17 19 22 24 25 27 29 32 34 36 38 40 42 44 46 48 50 52 54 56 58 60 62 64 66 69 70 ]   sup=2
                              [2 3 5 7 9 11 13 16 17 19 22 24 25 27 29 32 34 36 38 40 42 44 46 48 50 52 54 56 58 60 62 64 66 69 70 73 74 ]   sup=1
                              [2 3 5 7 9 11 13 16 17 19 22 24 25 27 29 32 34 36 38 40 42 44 46 48 50 52 54 56 58 60 62 64 66 69 70 72 74 ]   sup=1
                            [2 3 5 7 9 11 13 16 17 19 22 24 25 27 29 33 34 36 38 40 ]   sup=2
                              [2 3 5 7 9 11 13 16 17 19 22 24 25 27 29 33 34 36 38 40 42 44 46 48 50 52 54 56 58 60 62 64 66 69 70 72 74 ]   sup=1
                              [2 3 5 7 9 11 13 16 17 19 22 24 25 27 29 33 34 36 38 40 43 44 46 48 50 52 54 56 58 60 62 64 66 68 70 72 74 ]   sup=1
                      [2 3 5 7 9 11 13 16 17 19 21 ]   sup=22
                        [2 3 5 7 9 11 13 16 17 19 21 23 ]   sup=12
                          [2 3 5 7 9 11 13 16 17 19 21 23 25 ]   sup=10
                            [2 3 5 7 9 11 13 16 17 19 21 23 25 28 29 ]   sup=5
                              [2 3 5 7 9 11 13 16 17 19 21 23 25 28 29 33 34 36 38 40 42 44 46 49 50 52 54 56 58 61 62 64 67 68 70 73 74 ]   sup=1
                              [2 3 5 7 9 11 13 16 17 19 21 23 25 28 29 31 34 36 38 40 ]   sup=4
                                [2 3 5 7 9 11 13 16 17 19 21 23 25 28 29 31 34 36 38 40 42 44 46 ]   sup=3
                                  [2 3 5 7 9 11 13 16 17 19 21 23 25 28 29 31 34 36 38 40 42 44 46 48 ]   sup=2
                                    [2 3 5 7 9 11 13 16 17 19 21 23 25 28 29 31 34 36 38 40 42 44 46 48 50 52 54 56 58 60 62 64 67 68 70 73 74 ]   sup=1
                                    [2 3 5 7 9 11 13 16 17 19 21 23 25 28 29 31 34 36 38 40 42 44 46 48 51 52 54 56 58 60 62 64 67 68 70 73 74 ]   sup=1
                                  [2 3 5 7 9 11 13 16 17 19 21 23 25 28 29 31 34 36 38 40 42 44 46 49 50 52 54 56 58 61 62 64 67 68 70 73 74 ]   sup=1
                                [2 3 5 7 9 11 13 16 17 19 21 23 25 28 29 31 34 36 38 40 43 44 46 49 50 52 54 56 58 61 62 64 67 68 70 73 74 ]   sup=1
                            [2 3 5 7 9 11 13 16 17 19 21 23 25 27 29 ]   sup=5
                              [2 3 5 7 9 11 13 16 17 19 21 23 25 27 29 33 34 36 38 40 42 44 46 49 50 52 54 56 58 61 62 64 67 68 70 73 74 ]   sup=1
                              [2 3 5 7 9 11 13 16 17 19 21 23 25 27 29 32 34 36 38 40 43 44 46 48 ]   sup=2
                                [2 3 5 7 9 11 13 16 17 19 21 23 25 27 29 32 34 36 38 40 43 44 46 48 51 52 54 56 58 61 62 64 67 68 70 73 74 ]   sup=1
                                [2 3 5 7 9 11 13 16 17 19 21 23 25 27 29 32 34 36 38 40 43 44 46 48 50 52 54 56 58 61 62 64 67 68 70 73 74 ]   sup=1
                              [2 3 5 7 9 11 13 16 17 19 21 23 25 27 29 31 34 36 38 40 ]   sup=2
                                [2 3 5 7 9 11 13 16 17 19 21 23 25 27 29 31 34 36 38 40 43 44 46 49 50 52 54 56 58 61 62 64 67 68 70 73 74 ]   sup=1
                                [2 3 5 7 9 11 13 16 17 19 21 23 25 27 29 31 34 36 38 40 42 44 46 49 50 52 54 56 58 61 62 64 67 68 70 73 74 ]   sup=1
                          [2 3 5 7 9 11 13 16 17 19 21 23 26 ]   sup=2
                            [2 3 5 7 9 11 13 16 17 19 21 23 26 27 29 31 34 36 38 40 43 44 46 49 50 52 54 56 58 61 62 64 67 68 70 73 74 ]   sup=1
                            [2 3 5 7 9 11 13 16 17 19 21 23 26 28 29 31 34 36 38 40 43 44 46 49 50 52 54 56 58 61 62 64 67 68 70 73 74 ]   sup=1
                        [2 3 5 7 9 11 13 16 17 19 21 24 25 ]   sup=10
                          [2 3 5 7 9 11 13 16 17 19 21 24 25 28 29 ]   sup=2
                            [2 3 5 7 9 11 13 16 17 19 21 24 25 28 29 31 34 36 38 40 42 44 46 48 50 52 54 56 58 60 62 64 66 68 70 73 74 ]   sup=1
                            [2 3 5 7 9 11 13 16 17 19 21 24 25 28 29 33 34 36 38 40 42 44 46 48 50 52 54 56 58 60 62 64 66 68 70 72 74 ]   sup=1
                          [2 3 5 7 9 11 13 16 17 19 21 24 25 27 29 ]   sup=8
                            [2 3 5 7 9 11 13 16 17 19 21 24 25 27 29 31 34 36 ]   sup=7
                              [2 3 5 7 9 11 13 16 17 19 21 24 25 27 29 31 34 36 39 40 ]   sup=4
                                [2 3 5 7 9 11 13 16 17 19 21 24 25 27 29 31 34 36 39 40 43 44 46 48 50 52 54 56 58 60 62 64 66 ]   sup=2
                                  [2 3 5 7 9 11 13 16 17 19 21 24 25 27 29 31 34 36 39 40 43 44 46 48 50 52 54 56 58 60 62 64 66 68 71 73 74 ]   sup=1
                                  [2 3 5 7 9 11 13 16 17 19 21 24 25 27 29 31 34 36 39 40 43 44 46 48 50 52 54 56 58 60 62 64 66 69 71 73 74 ]   sup=1
                                [2 3 5 7 9 11 13 16 17 19 21 24 25 27 29 31 34 36 39 40 42 44 46 48 50 52 54 56 58 60 62 ]   sup=2
                                  [2 3 5 7 9 11 13 16 17 19 21 24 25 27 29 31 34 36 39 40 42 44 46 48 50 52 54 56 58 60 62 64 66 68 71 73 74 ]   sup=1
                                  [2 3 5 7 9 11 13 16 17 19 21 24 25 27 29 31 34 36 39 40 42 44 46 48 50 52 54 56 58 60 62 65 66 69 71 73 74 ]   sup=1
                              [2 3 5 7 9 11 13 16 17 19 21 24 25 27 29 31 34 36 38 40 ]   sup=3
                                [2 3 5 7 9 11 13 16 17 19 21 24 25 27 29 31 34 36 38 40 43 44 46 48 50 52 54 56 58 60 62 65 66 69 70 73 74 ]   sup=1
                                [2 3 5 7 9 11 13 16 17 19 21 24 25 27 29 31 34 36 38 40 42 44 46 48 50 52 54 56 58 60 62 64 66 ]   sup=2
                                  [2 3 5 7 9 11 13 16 17 19 21 24 25 27 29 31 34 36 38 40 42 44 46 48 50 52 54 56 58 60 62 64 66 69 70 73 74 ]   sup=1
                                  [2 3 5 7 9 11 13 16 17 19 21 24 25 27 29 31 34 36 38 40 42 44 46 48 50 52 54 56 58 60 62 64 66 68 70 73 74 ]   sup=1
                            [2 3 5 7 9 11 13 16 17 19 21 24 25 27 29 33 34 36 38 40 42 44 46 48 50 52 54 56 58 60 62 64 66 68 70 72 74 ]   sup=1
                    [2 3 5 7 9 11 13 16 17 20 21 23 25 ]   sup=6
                      [2 3 5 7 9 11 13 16 17 20 21 23 25 28 29 31 34 36 38 40 42 44 47 48 ]   sup=3
                        [2 3 5 7 9 11 13 16 17 20 21 23 25 28 29 31 34 36 38 40 42 44 47 48 50 52 54 56 58 60 62 64 67 68 70 73 74 ]   sup=1
                        [2 3 5 7 9 11 13 16 17 20 21 23 25 28 29 31 34 36 38 40 42 44 47 48 51 52 55 ]   sup=2
                          [2 3 5 7 9 11 13 16 17 20 21 23 25 28 29 31 34 36 38 40 42 44 47 48 51 52 55 56 58 60 62 64 66 69 70 72 75 ]   sup=1
                          [2 3 5 7 9 11 13 16 17 20 21 23 25 28 29 31 34 36 38 40 42 44 47 48 51 52 55 57 58 60 62 64 66 69 70 72 75 ]   sup=1
                      [2 3 5 7 9 11 13 16 17 20 21 23 25 27 29 ]   sup=3
                        [2 3 5 7 9 11 13 16 17 20 21 23 25 27 29 32 34 36 39 40 42 44 47 48 50 52 54 56 58 61 62 64 67 68 70 73 74 ]   sup=1
                        [2 3 5 7 9 11 13 16 17 20 21 23 25 27 29 31 34 36 ]   sup=2
                          [2 3 5 7 9 11 13 16 17 20 21 23 25 27 29 31 34 36 38 40 43 44 47 48 51 52 54 56 58 60 62 64 67 68 70 73 74 ]   sup=1
                          [2 3 5 7 9 11 13 16 17 20 21 23 25 27 29 31 34 36 39 40 42 44 47 48 51 52 55 57 58 60 63 64 66 69 71 72 75 ]   sup=1
            [2 3 5 7 9 12 ]   sup=378
              [2 3 5 7 9 12 13 ]   sup=227
                [2 3 5 7 9 12 13 15 17 ]   sup=67
                  [2 3 5 7 9 12 13 15 17 19 21 ]   sup=36
                    [2 3 5 7 9 12 13 15 17 19 21 24 25 ]   sup=14
                      [2 3 5 7 9 12 13 15 17 19 21 24 25 28 29 ]   sup=6
                        [2 3 5 7 9 12 13 15 17 19 21 24 25 28 29 31 34 36 38 40 42 44 46 48 ]   sup=2
                          [2 3 5 7 9 12 13 15 17 19 21 24 25 28 29 31 34 36 38 40 42 44 46 48 50 52 54 56 58 60 62 64 66 68 70 73 74 ]   sup=1
                          [2 3 5 7 9 12 13 15 17 19 21 24 25 28 29 31 34 36 38 40 42 44 46 48 51 52 54 56 58 60 62 64 66 68 70 73 74 ]   sup=1
                        [2 3 5 7 9 12 13 15 17 19 21 24 25 28 29 33 34 36 38 40 42 44 46 48 ]   sup=4
                          [2 3 5 7 9 12 13 15 17 19 21 24 25 28 29 33 34 36 38 40 42 44 46 48 50 52 54 56 58 60 62 64 66 68 70 ]   sup=2
                            [2 3 5 7 9 12 13 15 17 19 21 24 25 28 29 33 34 36 38 40 42 44 46 48 50 52 54 56 58 60 62 64 66 68 70 73 74 ]   sup=1
                            [2 3 5 7 9 12 13 15 17 19 21 24 25 28 29 33 34 36 38 40 42 44 46 48 50 52 54 56 58 60 62 64 66 68 70 72 74 ]   sup=1
                          [2 3 5 7 9 12 13 15 17 19 21 24 25 28 29 33 34 36 38 40 42 44 46 48 51 52 54 56 58 60 62 64 66 68 70 ]   sup=2
                            [2 3 5 7 9 12 13 15 17 19 21 24 25 28 29 33 34 36 38 40 42 44 46 48 51 52 54 56 58 60 62 64 66 68 70 73 74 ]   sup=1
                            [2 3 5 7 9 12 13 15 17 19 21 24 25 28 29 33 34 36 38 40 42 44 46 48 51 52 54 56 58 60 62 64 66 68 70 72 74 ]   sup=1
                      [2 3 5 7 9 12 13 15 17 19 21 24 25 27 29 ]   sup=8
                        [2 3 5 7 9 12 13 15 17 19 21 24 25 27 29 31 34 36 ]   sup=4
                          [2 3 5 7 9 12 13 15 17 19 21 24 25 27 29 31 34 36 38 40 42 44 46 48 50 52 54 56 58 60 62 64 66 68 70 73 74 ]   sup=1
                          [2 3 5 7 9 12 13 15 17 19 21 24 25 27 29 31 34 36 39 40 ]   sup=3
                            [2 3 5 7 9 12 13 15 17 19 21 24 25 27 29 31 34 36 39 40 42 44 46 48 51 52 54 56 58 60 62 65 66 68 71 73 74 ]   sup=1
                            [2 3 5 7 9 12 13 15 17 19 21 24 25 27 29 31 34 36 39 40 43 44 46 48 50 52 54 56 58 60 62 ]   sup=2
                              [2 3 5 7 9 12 13 15 17 19 21 24 25 27 29 31 34 36 39 40 43 44 46 48 50 52 54 56 58 60 62 65 66 68 71 73 74 ]   sup=1
                              [2 3 5 7 9 12 13 15 17 19 21 24 25 27 29 31 34 36 39 40 43 44 46 48 50 52 54 56 58 60 62 64 66 68 71 73 74 ]   sup=1
                        [2 3 5 7 9 12 13 15 17 19 21 24 25 27 29 33 34 36 38 40 ]   sup=4
                          [2 3 5 7 9 12 13 15 17 19 21 24 25 27 29 33 34 36 38 40 43 44 46 48 50 52 54 56 58 60 62 64 66 68 70 73 74 ]   sup=1
                          [2 3 5 7 9 12 13 15 17 19 21 24 25 27 29 33 34 36 38 40 42 44 46 48 ]   sup=3
                            [2 3 5 7 9 12 13 15 17 19 21 24 25 27 29 33 34 36 38 40 42 44 46 48 51 52 54 56 58 60 62 64 66 68 70 72 74 ]   sup=1
                            [2 3 5 7 9 12 13 15 17 19 21 24 25 27 29 33 34 36 38 40 42 44 46 48 50 52 54 56 58 60 62 64 66 68 70 ]   sup=2
                              [2 3 5 7 9 12 13 15 17 19 21 24 25 27 29 33 34 36 38 40 42 44 46 48 50 52 54 56 58 60 62 64 66 68 70 72 74 ]   sup=1
                              [2 3 5 7 9 12 13 15 17 19 21 24 25 27 29 33 34 36 38 40 42 44 46 48 50 52 54 56 58 60 62 64 66 68 70 73 74 ]   sup=1
                    [2 3 5 7 9 12 13 15 17 19 21 23 ]   sup=22
                      [2 3 5 7 9 12 13 15 17 19 21 23 25 ]   sup=21
                        [2 3 5 7 9 12 13 15 17 19 21 23 25 27 29 ]   sup=14
                          [2 3 5 7 9 12 13 15 17 19 21 23 25 27 29 33 34 36 38 40 42 44 46 48 51 52 54 56 58 60 62 64 67 68 70 73 74 ]   sup=1
                          [2 3 5 7 9 12 13 15 17 19 21 23 25 27 29 31 34 36 ]   sup=13
                            [2 3 5 7 9 12 13 15 17 19 21 23 25 27 29 31 34 36 38 40 42 44 46 48 ]   sup=8
                              [2 3 5 7 9 12 13 15 17 19 21 23 25 27 29 31 34 36 38 40 42 44 46 48 50 52 ]   sup=5
                                [2 3 5 7 9 12 13 15 17 19 21 23 25 27 29 31 34 36 38 40 42 44 46 48 50 52 54 ]   sup=2
                                  [2 3 5 7 9 12 13 15 17 19 21 23 25 27 29 31 34 36 38 40 42 44 46 48 50 52 54 56 58 60 62 64 66 69 70 72 75 ]   sup=1
                                  [2 3 5 7 9 12 13 15 17 19 21 23 25 27 29 31 34 36 38 40 42 44 46 48 50 52 54 57 58 60 63 64 66 69 70 72 75 ]   sup=1
                                [2 3 5 7 9 12 13 15 17 19 21 23 25 27 29 31 34 36 38 40 42 44 46 48 50 52 55 ]   sup=3
                                  [2 3 5 7 9 12 13 15 17 19 21 23 25 27 29 31 34 36 38 40 42 44 46 48 50 52 55 56 58 60 62 64 66 69 70 72 74 ]   sup=1
                                  [2 3 5 7 9 12 13 15 17 19 21 23 25 27 29 31 34 36 38 40 42 44 46 48 50 52 55 57 58 60 ]   sup=2
                                    [2 3 5 7 9 12 13 15 17 19 21 23 25 27 29 31 34 36 38 40 42 44 46 48 50 52 55 57 58 60 62 64 66 69 70 72 75 ]   sup=1
                                    [2 3 5 7 9 12 13 15 17 19 21 23 25 27 29 31 34 36 38 40 42 44 46 48 50 52 55 57 58 60 63 64 66 69 70 72 75 ]   sup=1
                              [2 3 5 7 9 12 13 15 17 19 21 23 25 27 29 31 34 36 38 40 42 44 46 48 51 52 ]   sup=3
                                [2 3 5 7 9 12 13 15 17 19 21 23 25 27 29 31 34 36 38 40 42 44 46 48 51 52 54 56 58 60 62 64 67 68 70 73 74 ]   sup=1
                                [2 3 5 7 9 12 13 15 17 19 21 23 25 27 29 31 34 36 38 40 42 44 46 48 51 52 55 ]   sup=2
                                  [2 3 5 7 9 12 13 15 17 19 21 23 25 27 29 31 34 36 38 40 42 44 46 48 51 52 55 56 58 60 62 64 66 69 70 72 74 ]   sup=1
                                  [2 3 5 7 9 12 13 15 17 19 21 23 25 27 29 31 34 36 38 40 42 44 46 48 51 52 55 57 58 60 62 64 66 69 70 72 75 ]   sup=1
                            [2 3 5 7 9 12 13 15 17 19 21 23 25 27 29 31 34 36 39 40 42 44 46 48 ]   sup=5
                              [2 3 5 7 9 12 13 15 17 19 21 23 25 27 29 31 34 36 39 40 42 44 46 48 51 52 ]   sup=2
                                [2 3 5 7 9 12 13 15 17 19 21 23 25 27 29 31 34 36 39 40 42 44 46 48 51 52 54 56 58 60 63 64 66 69 71 72 75 ]   sup=1
                                [2 3 5 7 9 12 13 15 17 19 21 23 25 27 29 31 34 36 39 40 42 44 46 48 51 52 55 57 58 60 62 64 66 69 71 72 75 ]   sup=1
                              [2 3 5 7 9 12 13 15 17 19 21 23 25 27 29 31 34 36 39 40 42 44 46 48 50 52 ]   sup=3
                                [2 3 5 7 9 12 13 15 17 19 21 23 25 27 29 31 34 36 39 40 42 44 46 48 50 52 54 57 58 60 63 64 66 69 71 72 75 ]   sup=1
                                [2 3 5 7 9 12 13 15 17 19 21 23 25 27 29 31 34 36 39 40 42 44 46 48 50 52 55 57 58 60 ]   sup=2
                                  [2 3 5 7 9 12 13 15 17 19 21 23 25 27 29 31 34 36 39 40 42 44 46 48 50 52 55 57 58 60 63 64 66 69 71 72 75 ]   sup=1
                                  [2 3 5 7 9 12 13 15 17 19 21 23 25 27 29 31 34 36 39 40 42 44 46 48 50 52 55 57 58 60 62 64 66 69 71 72 75 ]   sup=1
                        [2 3 5 7 9 12 13 15 17 19 21 23 25 28 29 31 34 36 38 40 42 44 46 48 ]   sup=7
                          [2 3 5 7 9 12 13 15 17 19 21 23 25 28 29 31 34 36 38 40 42 44 46 48 50 52 ]   sup=4
                            [2 3 5 7 9 12 13 15 17 19 21 23 25 28 29 31 34 36 38 40 42 44 46 48 50 52 54 ]   sup=2
                              [2 3 5 7 9 12 13 15 17 19 21 23 25 28 29 31 34 36 38 40 42 44 46 48 50 52 54 57 58 60 62 64 66 69 70 72 75 ]   sup=1
                              [2 3 5 7 9 12 13 15 17 19 21 23 25 28 29 31 34 36 38 40 42 44 46 48 50 52 54 56 58 60 62 64 66 69 70 72 74 ]   sup=1
                            [2 3 5 7 9 12 13 15 17 19 21 23 25 28 29 31 34 36 38 40 42 44 46 48 50 52 55 ]   sup=2
                              [2 3 5 7 9 12 13 15 17 19 21 23 25 28 29 31 34 36 38 40 42 44 46 48 50 52 55 56 58 60 62 64 66 69 70 72 74 ]   sup=1
                              [2 3 5 7 9 12 13 15 17 19 21 23 25 28 29 31 34 36 38 40 42 44 46 48 50 52 55 57 58 60 62 64 66 69 70 72 75 ]   sup=1
                          [2 3 5 7 9 12 13 15 17 19 21 23 25 28 29 31 34 36 38 40 42 44 46 48 51 52 ]   sup=3
                            [2 3 5 7 9 12 13 15 17 19 21 23 25 28 29 31 34 36 38 40 42 44 46 48 51 52 54 56 58 60 62 64 66 69 70 72 74 ]   sup=1
                            [2 3 5 7 9 12 13 15 17 19 21 23 25 28 29 31 34 36 38 40 42 44 46 48 51 52 55 ]   sup=2
                              [2 3 5 7 9 12 13 15 17 19 21 23 25 28 29 31 34 36 38 40 42 44 46 48 51 52 55 56 58 60 62 64 66 69 70 72 74 ]   sup=1
                              [2 3 5 7 9 12 13 15 17 19 21 23 25 28 29 31 34 36 38 40 42 44 46 48 51 52 55 57 58 60 62 64 66 69 70 72 75 ]   sup=1
                      [2 3 5 7 9 12 13 15 17 19 21 23 26 27 29 31 34 36 38 40 42 44 46 48 51 52 55 57 58 60 63 64 66 69 70 72 75 ]   sup=1
                  [2 3 5 7 9 12 13 15 17 20 21 ]   sup=31
                    [2 3 5 7 9 12 13 15 17 20 21 23 25 ]   sup=16
                      [2 3 5 7 9 12 13 15 17 20 21 23 25 27 29 ]   sup=13
                        [2 3 5 7 9 12 13 15 17 20 21 23 25 27 29 33 34 36 38 40 ]   sup=4
                          [2 3 5 7 9 12 13 15 17 20 21 23 25 27 29 33 34 36 38 40 43 44 47 48 ]   sup=2
                            [2 3 5 7 9 12 13 15 17 20 21 23 25 27 29 33 34 36 38 40 43 44 47 48 50 52 54 56 58 60 62 64 67 68 70 73 74 ]   sup=1
                            [2 3 5 7 9 12 13 15 17 20 21 23 25 27 29 33 34 36 38 40 43 44 47 48 51 52 54 56 58 60 62 64 67 68 70 73 74 ]   sup=1
                          [2 3 5 7 9 12 13 15 17 20 21 23 25 27 29 33 34 36 38 40 42 44 47 48 ]   sup=2
                            [2 3 5 7 9 12 13 15 17 20 21 23 25 27 29 33 34 36 38 40 42 44 47 48 50 52 54 56 58 60 62 64 67 68 70 73 74 ]   sup=1
                            [2 3 5 7 9 12 13 15 17 20 21 23 25 27 29 33 34 36 38 40 42 44 47 48 51 52 54 56 58 60 62 64 67 68 70 73 74 ]   sup=1
                        [2 3 5 7 9 12 13 15 17 20 21 23 25 27 29 31 34 36 ]   sup=9
                          [2 3 5 7 9 12 13 15 17 20 21 23 25 27 29 31 34 36 38 40 42 44 47 48 ]   sup=4
                            [2 3 5 7 9 12 13 15 17 20 21 23 25 27 29 31 34 36 38 40 42 44 47 48 50 52 ]   sup=2
                              [2 3 5 7 9 12 13 15 17 20 21 23 25 27 29 31 34 36 38 40 42 44 47 48 50 52 55 56 58 60 62 64 66 69 70 72 75 ]   sup=1
                              [2 3 5 7 9 12 13 15 17 20 21 23 25 27 29 31 34 36 38 40 42 44 47 48 50 52 54 56 58 60 62 64 67 68 70 73 74 ]   sup=1
                            [2 3 5 7 9 12 13 15 17 20 21 23 25 27 29 31 34 36 38 40 42 44 47 48 51 52 ]   sup=2
                              [2 3 5 7 9 12 13 15 17 20 21 23 25 27 29 31 34 36 38 40 42 44 47 48 51 52 55 56 58 60 62 64 66 69 70 72 75 ]   sup=1
                              [2 3 5 7 9 12 13 15 17 20 21 23 25 27 29 31 34 36 38 40 42 44 47 48 51 52 54 56 58 60 62 64 67 68 70 73 74 ]   sup=1
                          [2 3 5 7 9 12 13 15 17 20 21 23 25 27 29 31 34 36 39 40 ]   sup=5
                            [2 3 5 7 9 12 13 15 17 20 21 23 25 27 29 31 34 36 39 40 42 44 47 48 50 52 55 57 58 60 63 64 66 69 71 72 75 ]   sup=1
                            [2 3 5 7 9 12 13 15 17 20 21 23 25 27 29 31 34 36 39 40 43 44 47 48 ]   sup=4
                              [2 3 5 7 9 12 13 15 17 20 21 23 25 27 29 31 34 36 39 40 43 44 47 48 51 52 54 56 58 60 62 ]   sup=2
                                [2 3 5 7 9 12 13 15 17 20 21 23 25 27 29 31 34 36 39 40 43 44 47 48 51 52 54 56 58 60 62 65 67 68 70 73 74 ]   sup=1
                                [2 3 5 7 9 12 13 15 17 20 21 23 25 27 29 31 34 36 39 40 43 44 47 48 51 52 54 56 58 60 62 64 67 68 70 73 74 ]   sup=1
                              [2 3 5 7 9 12 13 15 17 20 21 23 25 27 29 31 34 36 39 40 43 44 47 48 50 52 54 56 58 60 62 ]   sup=2
                                [2 3 5 7 9 12 13 15 17 20 21 23 25 27 29 31 34 36 39 40 43 44 47 48 50 52 54 56 58 60 62 64 67 68 70 73 74 ]   sup=1
                                [2 3 5 7 9 12 13 15 17 20 21 23 25 27 29 31 34 36 39 40 43 44 47 48 50 52 54 56 58 60 62 65 67 68 70 73 74 ]   sup=1
                      [2 3 5 7 9 12 13 15 17 20 21 23 25 28 29 31 34 36 38 40 42 44 47 48 ]   sup=3
                        [2 3 5 7 9 12 13 15 17 20 21 23 25 28 29 31 34 36 38 40 42 44 47 48 50 52 55 ]   sup=2
                          [2 3 5 7 9 12 13 15 17 20 21 23 25 28 29 31 34 36 38 40 42 44 47 48 50 52 55 57 58 60 62 64 66 69 70 72 75 ]   sup=1
                          [2 3 5 7 9 12 13 15 17 20 21 23 25 28 29 31 34 36 38 40 42 44 47 48 50 52 55 56 58 60 62 64 66 69 70 72 75 ]   sup=1
                        [2 3 5 7 9 12 13 15 17 20 21 23 25 28 29 31 34 36 38 40 42 44 47 48 51 52 55 56 58 60 62 64 66 69 70 72 75 ]   sup=1
                    [2 3 5 7 9 12 13 15 17 20 21 24 25 ]   sup=15
                      [2 3 5 7 9 12 13 15 17 20 21 24 25 27 29 ]   sup=10
                        [2 3 5 7 9 12 13 15 17 20 21 24 25 27 29 31 34 36 38 40 ]   sup=6
                          [2 3 5 7 9 12 13 15 17 20 21 24 25 27 29 31 34 36 38 40 43 44 47 48 ]   sup=4
                            [2 3 5 7 9 12 13 15 17 20 21 24 25 27 29 31 34 36 38 40 43 44 47 48 51 52 54 56 58 60 62 ]   sup=2
                              [2 3 5 7 9 12 13 15 17 20 21 24 25 27 29 31 34 36 38 40 43 44 47 48 51 52 54 56 58 60 62 64 66 68 70 73 74 ]   sup=1
                              [2 3 5 7 9 12 13 15 17 20 21 24 25 27 29 31 34 36 38 40 43 44 47 48 51 52 54 56 58 60 62 65 66 68 70 73 74 ]   sup=1
                            [2 3 5 7 9 12 13 15 17 20 21 24 25 27 29 31 34 36 38 40 43 44 47 48 50 52 54 56 58 60 62 ]   sup=2
                              [2 3 5 7 9 12 13 15 17 20 21 24 25 27 29 31 34 36 38 40 43 44 47 48 50 52 54 56 58 60 62 65 66 68 70 73 74 ]   sup=1
                              [2 3 5 7 9 12 13 15 17 20 21 24 25 27 29 31 34 36 38 40 43 44 47 48 50 52 54 56 58 60 62 64 66 68 70 73 74 ]   sup=1
                          [2 3 5 7 9 12 13 15 17 20 21 24 25 27 29 31 34 36 38 40 42 44 47 48 ]   sup=2
                            [2 3 5 7 9 12 13 15 17 20 21 24 25 27 29 31 34 36 38 40 42 44 47 48 51 52 54 56 58 60 62 64 66 68 70 73 74 ]   sup=1
                            [2 3 5 7 9 12 13 15 17 20 21 24 25 27 29 31 34 36 38 40 42 44 47 48 50 52 54 56 58 60 62 64 66 68 70 73 74 ]   sup=1
                        [2 3 5 7 9 12 13 15 17 20 21 24 25 27 29 33 34 36 38 40 ]   sup=4
                          [2 3 5 7 9 12 13 15 17 20 21 24 25 27 29 33 34 36 38 40 42 44 47 48 ]   sup=2
                            [2 3 5 7 9 12 13 15 17 20 21 24 25 27 29 33 34 36 38 40 42 44 47 48 51 52 54 56 58 60 62 64 66 68 70 73 74 ]   sup=1
                            [2 3 5 7 9 12 13 15 17 20 21 24 25 27 29 33 34 36 38 40 42 44 47 48 50 52 54 56 58 60 62 64 66 68 70 73 74 ]   sup=1
                          [2 3 5 7 9 12 13 15 17 20 21 24 25 27 29 33 34 36 38 40 43 44 47 48 ]   sup=2
                            [2 3 5 7 9 12 13 15 17 20 21 24 25 27 29 33 34 36 38 40 43 44 47 48 51 52 54 56 58 60 62 64 66 68 70 73 74 ]   sup=1
                            [2 3 5 7 9 12 13 15 17 20 21 24 25 27 29 33 34 36 38 40 43 44 47 48 50 52 54 56 58 60 62 64 66 68 70 73 74 ]   sup=1
                      [2 3 5 7 9 12 13 15 17 20 21 24 25 28 29 ]   sup=5
                        [2 3 5 7 9 12 13 15 17 20 21 24 25 28 29 33 34 36 38 40 42 44 47 48 ]   sup=3
                          [2 3 5 7 9 12 13 15 17 20 21 24 25 28 29 33 34 36 38 40 42 44 47 48 50 52 54 56 58 60 62 64 66 68 70 73 74 ]   sup=1
                          [2 3 5 7 9 12 13 15 17 20 21 24 25 28 29 33 34 36 38 40 42 44 47 48 51 52 54 56 58 60 62 64 66 68 70 ]   sup=2
                            [2 3 5 7 9 12 13 15 17 20 21 24 25 28 29 33 34 36 38 40 42 44 47 48 51 52 54 56 58 60 62 64 66 68 70 72 74 ]   sup=1
                            [2 3 5 7 9 12 13 15 17 20 21 24 25 28 29 33 34 36 38 40 42 44 47 48 51 52 54 56 58 60 62 64 66 68 70 73 74 ]   sup=1
                        [2 3 5 7 9 12 13 15 17 20 21 24 25 28 29 31 34 36 38 40 42 44 47 48 ]   sup=2
                          [2 3 5 7 9 12 13 15 17 20 21 24 25 28 29 31 34 36 38 40 42 44 47 48 51 52 54 56 58 60 62 64 66 68 70 73 74 ]   sup=1
                          [2 3 5 7 9 12 13 15 17 20 21 24 25 28 29 31 34 36 38 40 42 44 47 48 50 52 54 56 58 60 62 64 66 68 70 73 74 ]   sup=1
                [2 3 5 7 9 12 13 16 ]   sup=160
                  [2 3 5 7 9 12 13 16 18 20 ]   sup=94
                    [2 3 5 7 9 12 13 16 18 20 21 ]   sup=37
                      [2 3 5 7 9 12 13 16 18 20 21 24 25 ]   sup=12
                        [2 3 5 7 9 12 13 16 18 20 21 24 25 27 29 ]   sup=6
                          [2 3 5 7 9 12 13 16 18 20 21 24 25 27 29 31 34 36 ]   sup=4
                            [2 3 5 7 9 12 13 16 18 20 21 24 25 27 29 31 34 36 39 40 42 44 46 48 51 52 54 56 58 60 62 64 66 ]   sup=2
                              [2 3 5 7 9 12 13 16 18 20 21 24 25 27 29 31 34 36 39 40 42 44 46 48 51 52 54 56 58 60 62 64 66 68 71 73 74 ]   sup=1
                              [2 3 5 7 9 12 13 16 18 20 21 24 25 27 29 31 34 36 39 40 42 44 46 48 51 52 54 56 58 60 62 64 66 69 71 73 74 ]   sup=1
                            [2 3 5 7 9 12 13 16 18 20 21 24 25 27 29 31 34 36 38 40 42 44 46 48 50 52 54 56 58 60 62 64 66 ]   sup=2
                              [2 3 5 7 9 12 13 16 18 20 21 24 25 27 29 31 34 36 38 40 42 44 46 48 50 52 54 56 58 60 62 64 66 69 70 73 74 ]   sup=1
                              [2 3 5 7 9 12 13 16 18 20 21 24 25 27 29 31 34 36 38 40 42 44 46 48 50 52 54 56 58 60 62 64 66 68 70 73 74 ]   sup=1
                          [2 3 5 7 9 12 13 16 18 20 21 24 25 27 29 33 34 36 38 40 42 44 46 48 ]   sup=2
                            [2 3 5 7 9 12 13 16 18 20 21 24 25 27 29 33 34 36 38 40 42 44 46 48 50 52 54 56 58 60 62 64 66 68 70 72 74 ]   sup=1
                            [2 3 5 7 9 12 13 16 18 20 21 24 25 27 29 33 34 36 38 40 42 44 46 48 51 52 54 56 58 60 62 64 66 68 70 72 74 ]   sup=1
                        [2 3 5 7 9 12 13 16 18 20 21 24 25 28 29 ]   sup=6
                          [2 3 5 7 9 12 13 16 18 20 21 24 25 28 29 33 34 36 38 40 42 44 ]   sup=4
                            [2 3 5 7 9 12 13 16 18 20 21 24 25 28 29 33 34 36 38 40 42 44 46 48 ]   sup=2
                              [2 3 5 7 9 12 13 16 18 20 21 24 25 28 29 33 34 36 38 40 42 44 46 48 50 52 54 56 58 60 62 64 66 68 70 72 74 ]   sup=1
                              [2 3 5 7 9 12 13 16 18 20 21 24 25 28 29 33 34 36 38 40 42 44 46 48 51 52 54 56 58 60 62 64 66 68 70 72 74 ]   sup=1
                            [2 3 5 7 9 12 13 16 18 20 21 24 25 28 29 33 34 36 38 40 42 44 47 48 ]   sup=2
                              [2 3 5 7 9 12 13 16 18 20 21 24 25 28 29 33 34 36 38 40 42 44 47 48 50 52 54 56 58 60 62 64 66 68 70 72 74 ]   sup=1
                              [2 3 5 7 9 12 13 16 18 20 21 24 25 28 29 33 34 36 38 40 42 44 47 48 51 52 54 56 58 60 62 64 66 68 70 72 74 ]   sup=1
                          [2 3 5 7 9 12 13 16 18 20 21 24 25 28 29 31 34 36 38 40 42 44 46 48 ]   sup=2
                            [2 3 5 7 9 12 13 16 18 20 21 24 25 28 29 31 34 36 38 40 42 44 46 48 50 52 54 56 58 60 62 64 66 68 70 73 74 ]   sup=1
                            [2 3 5 7 9 12 13 16 18 20 21 24 25 28 29 31 34 36 38 40 42 44 46 48 51 52 54 56 58 60 62 64 66 68 70 73 74 ]   sup=1
                      [2 3 5 7 9 12 13 16 18 20 21 23 25 ]   sup=25
                        [2 3 5 7 9 12 13 16 18 20 21 23 25 27 29 31 34 36 ]   sup=14
                          [2 3 5 7 9 12 13 16 18 20 21 23 25 27 29 31 34 36 38 40 42 44 ]   sup=8
                            [2 3 5 7 9 12 13 16 18 20 21 23 25 27 29 31 34 36 38 40 42 44 47 48 ]   sup=4
                              [2 3 5 7 9 12 13 16 18 20 21 23 25 27 29 31 34 36 38 40 42 44 47 48 51 52 55 56 58 60 62 64 66 69 70 72 75 ]   sup=1
                              [2 3 5 7 9 12 13 16 18 20 21 23 25 27 29 31 34 36 38 40 42 44 47 48 50 52 ]   sup=3
                                [2 3 5 7 9 12 13 16 18 20 21 23 25 27 29 31 34 36 38 40 42 44 47 48 50 52 55 56 58 60 62 64 66 69 70 72 ]   sup=2
                                  [2 3 5 7 9 12 13 16 18 20 21 23 25 27 29 31 34 36 38 40 42 44 47 48 50 52 55 56 58 60 62 64 66 69 70 72 74 ]   sup=1
                                  [2 3 5 7 9 12 13 16 18 20 21 23 25 27 29 31 34 36 38 40 42 44 47 48 50 52 55 56 58 60 62 64 66 69 70 72 75 ]   sup=1
                                [2 3 5 7 9 12 13 16 18 20 21 23 25 27 29 31 34 36 38 40 42 44 47 48 50 52 54 56 58 60 62 64 66 69 70 72 75 ]   sup=1
                            [2 3 5 7 9 12 13 16 18 20 21 23 25 27 29 31 34 36 38 40 42 44 46 48 ]   sup=4
                              [2 3 5 7 9 12 13 16 18 20 21 23 25 27 29 31 34 36 38 40 42 44 46 48 51 52 55 57 58 60 62 64 66 69 70 72 75 ]   sup=1
                              [2 3 5 7 9 12 13 16 18 20 21 23 25 27 29 31 34 36 38 40 42 44 46 48 50 52 ]   sup=3
                                [2 3 5 7 9 12 13 16 18 20 21 23 25 27 29 31 34 36 38 40 42 44 46 48 50 52 55 56 58 60 62 64 66 69 70 72 ]   sup=2
                                  [2 3 5 7 9 12 13 16 18 20 21 23 25 27 29 31 34 36 38 40 42 44 46 48 50 52 55 56 58 60 62 64 66 69 70 72 74 ]   sup=1
                                  [2 3 5 7 9 12 13 16 18 20 21 23 25 27 29 31 34 36 38 40 42 44 46 48 50 52 55 56 58 60 62 64 66 69 70 72 75 ]   sup=1
                                [2 3 5 7 9 12 13 16 18 20 21 23 25 27 29 31 34 36 38 40 42 44 46 48 50 52 54 56 58 60 62 64 66 69 70 72 74 ]   sup=1
                          [2 3 5 7 9 12 13 16 18 20 21 23 25 27 29 31 34 36 39 40 42 44 46 48 ]   sup=6
                            [2 3 5 7 9 12 13 16 18 20 21 23 25 27 29 31 34 36 39 40 42 44 46 48 50 52 ]   sup=3
                              [2 3 5 7 9 12 13 16 18 20 21 23 25 27 29 31 34 36 39 40 42 44 46 48 50 52 55 56 58 60 62 64 66 69 71 72 ]   sup=2
                                [2 3 5 7 9 12 13 16 18 20 21 23 25 27 29 31 34 36 39 40 42 44 46 48 50 52 55 56 58 60 62 64 66 69 71 72 74 ]   sup=1
                                [2 3 5 7 9 12 13 16 18 20 21 23 25 27 29 31 34 36 39 40 42 44 46 48 50 52 55 56 58 60 62 64 66 69 71 72 75 ]   sup=1
                              [2 3 5 7 9 12 13 16 18 20 21 23 25 27 29 31 34 36 39 40 42 44 46 48 50 52 54 56 58 60 62 64 66 69 71 72 74 ]   sup=1
                            [2 3 5 7 9 12 13 16 18 20 21 23 25 27 29 31 34 36 39 40 42 44 46 48 51 52 ]   sup=3
                              [2 3 5 7 9 12 13 16 18 20 21 23 25 27 29 31 34 36 39 40 42 44 46 48 51 52 54 56 58 60 62 64 66 69 71 72 75 ]   sup=1
                              [2 3 5 7 9 12 13 16 18 20 21 23 25 27 29 31 34 36 39 40 42 44 46 48 51 52 55 ]   sup=2
                                [2 3 5 7 9 12 13 16 18 20 21 23 25 27 29 31 34 36 39 40 42 44 46 48 51 52 55 57 58 60 62 64 66 69 71 72 75 ]   sup=1
                                [2 3 5 7 9 12 13 16 18 20 21 23 25 27 29 31 34 36 39 40 42 44 46 48 51 52 55 56 58 60 62 64 66 69 71 72 74 ]   sup=1
                        [2 3 5 7 9 12 13 16 18 20 21 23 25 28 29 31 34 36 38 40 42 44 ]   sup=11
                          [2 3 5 7 9 12 13 16 18 20 21 23 25 28 29 31 34 36 38 40 42 44 47 48 ]   sup=5
                            [2 3 5 7 9 12 13 16 18 20 21 23 25 28 29 31 34 36 38 40 42 44 47 48 51 52 55 56 58 60 62 64 66 69 70 72 75 ]   sup=1
                            [2 3 5 7 9 12 13 16 18 20 21 23 25 28 29 31 34 36 38 40 42 44 47 48 50 52 ]   sup=4
                              [2 3 5 7 9 12 13 16 18 20 21 23 25 28 29 31 34 36 38 40 42 44 47 48 50 52 55 56 58 60 62 64 66 69 70 72 ]   sup=2
                                [2 3 5 7 9 12 13 16 18 20 21 23 25 28 29 31 34 36 38 40 42 44 47 48 50 52 55 56 58 60 62 64 66 69 70 72 75 ]   sup=1
                                [2 3 5 7 9 12 13 16 18 20 21 23 25 28 29 31 34 36 38 40 42 44 47 48 50 52 55 56 58 60 62 64 66 69 70 72 74 ]   sup=1
                              [2 3 5 7 9 12 13 16 18 20 21 23 25 28 29 31 34 36 38 40 42 44 47 48 50 52 54 56 58 60 62 64 66 69 70 72 ]   sup=2
                                [2 3 5 7 9 12 13 16 18 20 21 23 25 28 29 31 34 36 38 40 42 44 47 48 50 52 54 56 58 60 62 64 66 69 70 72 75 ]   sup=1
                                [2 3 5 7 9 12 13 16 18 20 21 23 25 28 29 31 34 36 38 40 42 44 47 48 50 52 54 56 58 60 62 64 66 69 70 72 74 ]   sup=1
                          [2 3 5 7 9 12 13 16 18 20 21 23 25 28 29 31 34 36 38 40 42 44 46 48 ]   sup=6
                            [2 3 5 7 9 12 13 16 18 20 21 23 25 28 29 31 34 36 38 40 42 44 46 48 50 52 ]   sup=2
                              [2 3 5 7 9 12 13 16 18 20 21 23 25 28 29 31 34 36 38 40 42 44 46 48 50 52 55 56 58 60 62 64 66 69 70 72 74 ]   sup=1
                              [2 3 5 7 9 12 13 16 18 20 21 23 25 28 29 31 34 36 38 40 42 44 46 48 50 52 54 56 58 60 62 64 66 69 70 72 74 ]   sup=1
                            [2 3 5 7 9 12 13 16 18 20 21 23 25 28 29 31 34 36 38 40 42 44 46 48 51 52 ]   sup=4
                              [2 3 5 7 9 12 13 16 18 20 21 23 25 28 29 31 34 36 38 40 42 44 46 48 51 52 54 56 58 60 62 64 66 69 70 72 ]   sup=2
                                [2 3 5 7 9 12 13 16 18 20 21 23 25 28 29 31 34 36 38 40 42 44 46 48 51 52 54 56 58 60 62 64 66 69 70 72 75 ]   sup=1
                                [2 3 5 7 9 12 13 16 18 20 21 23 25 28 29 31 34 36 38 40 42 44 46 48 51 52 54 56 58 60 62 64 66 69 70 72 74 ]   sup=1
                              [2 3 5 7 9 12 13 16 18 20 21 23 25 28 29 31 34 36 38 40 42 44 46 48 51 52 55 ]   sup=2
                                [2 3 5 7 9 12 13 16 18 20 21 23 25 28 29 31 34 36 38 40 42 44 46 48 51 52 55 56 58 60 62 64 66 69 70 72 74 ]   sup=1
                                [2 3 5 7 9 12 13 16 18 20 21 23 25 28 29 31 34 36 38 40 42 44 46 48 51 52 55 57 58 60 62 64 66 69 70 72 75 ]   sup=1
                    [2 3 5 7 9 12 13 16 18 20 22 ]   sup=57
                      [2 3 5 7 9 12 13 16 18 20 22 24 25 ]   sup=9
                        [2 3 5 7 9 12 13 16 18 20 22 24 25 28 29 ]   sup=4
                          [2 3 5 7 9 12 13 16 18 20 22 24 25 28 29 31 34 36 38 40 42 44 46 48 50 52 54 56 58 60 62 64 66 ]   sup=3
                            [2 3 5 7 9 12 13 16 18 20 22 24 25 28 29 31 34 36 38 40 42 44 46 48 50 52 54 56 58 60 62 64 66 69 70 ]   sup=2
                              [2 3 5 7 9 12 13 16 18 20 22 24 25 28 29 31 34 36 38 40 42 44 46 48 50 52 54 56 58 60 62 64 66 69 70 72 74 ]   sup=1
                              [2 3 5 7 9 12 13 16 18 20 22 24 25 28 29 31 34 36 38 40 42 44 46 48 50 52 54 56 58 60 62 64 66 69 70 73 74 ]   sup=1
                            [2 3 5 7 9 12 13 16 18 20 22 24 25 28 29 31 34 36 38 40 42 44 46 48 50 52 54 56 58 60 62 64 66 68 70 72 74 ]   sup=1
                          [2 3 5 7 9 12 13 16 18 20 22 24 25 28 29 33 34 36 38 40 42 44 46 48 50 52 54 56 58 60 62 64 66 69 70 72 74 ]   sup=1
                        [2 3 5 7 9 12 13 16 18 20 22 24 25 27 29 ]   sup=5
                          [2 3 5 7 9 12 13 16 18 20 22 24 25 27 29 32 34 36 38 40 42 44 46 48 50 52 54 56 58 60 62 64 66 69 70 ]   sup=2
                            [2 3 5 7 9 12 13 16 18 20 22 24 25 27 29 32 34 36 38 40 42 44 46 48 50 52 54 56 58 60 62 64 66 69 70 73 74 ]   sup=1
                            [2 3 5 7 9 12 13 16 18 20 22 24 25 27 29 32 34 36 38 40 42 44 46 48 50 52 54 56 58 60 62 64 66 69 70 72 74 ]   sup=1
                          [2 3 5 7 9 12 13 16 18 20 22 24 25 27 29 31 34 36 38 40 42 44 46 48 50 52 54 56 58 60 62 64 66 69 70 ]   sup=2
                            [2 3 5 7 9 12 13 16 18 20 22 24 25 27 29 31 34 36 38 40 42 44 46 48 50 52 54 56 58 60 62 64 66 69 70 73 74 ]   sup=1
                            [2 3 5 7 9 12 13 16 18 20 22 24 25 27 29 31 34 36 38 40 42 44 46 48 50 52 54 56 58 60 62 64 66 69 70 72 74 ]   sup=1
                          [2 3 5 7 9 12 13 16 18 20 22 24 25 27 29 33 34 36 38 40 42 44 46 48 50 52 54 56 58 60 62 64 66 69 70 72 74 ]   sup=1
                      [2 3 5 7 9 12 13 16 18 20 22 23 25 ]   sup=48
                        [2 3 5 7 9 12 13 16 18 20 22 23 25 28 29 31 ]   sup=21
                          [2 3 5 7 9 12 13 16 18 20 22 23 25 28 29 31 34 36 38 40 42 44 ]   sup=20
                            [2 3 5 7 9 12 13 16 18 20 22 23 25 28 29 31 34 36 38 40 42 44 46 48 50 52 ]   sup=13
                              [2 3 5 7 9 12 13 16 18 20 22 23 25 28 29 31 34 36 38 40 42 44 46 48 50 52 54 56 58 60 62 64 66 ]   sup=7
                                [2 3 5 7 9 12 13 16 18 20 22 23 25 28 29 31 34 36 38 40 42 44 46 48 50 52 54 56 58 60 62 64 66 69 ]   sup=3
                                  [2 3 5 7 9 12 13 16 18 20 22 23 25 28 29 31 34 36 38 40 42 44 46 48 50 52 54 56 58 60 62 64 66 69 70 72 74 ]   sup=1
                                  [2 3 5 7 9 12 13 16 18 20 22 23 25 28 29 31 34 36 38 40 42 44 46 48 50 52 54 56 58 60 62 64 66 69 71 72 ]   sup=2
                                    [2 3 5 7 9 12 13 16 18 20 22 23 25 28 29 31 34 36 38 40 42 44 46 48 50 52 54 56 58 60 62 64 66 69 71 72 74 ]   sup=1
                                    [2 3 5 7 9 12 13 16 18 20 22 23 25 28 29 31 34 36 38 40 42 44 46 48 50 52 54 56 58 60 62 64 66 69 71 72 75 ]   sup=1
                                [2 3 5 7 9 12 13 16 18 20 22 23 25 28 29 31 34 36 38 40 42 44 46 48 50 52 54 56 58 60 62 64 66 68 ]   sup=4
                                  [2 3 5 7 9 12 13 16 18 20 22 23 25 28 29 31 34 36 38 40 42 44 46 48 50 52 54 56 58 60 62 64 66 68 70 72 ]   sup=2
                                    [2 3 5 7 9 12 13 16 18 20 22 23 25 28 29 31 34 36 38 40 42 44 46 48 50 52 54 56 58 60 62 64 66 68 70 72 74 ]   sup=1
                                    [2 3 5 7 9 12 13 16 18 20 22 23 25 28 29 31 34 36 38 40 42 44 46 48 50 52 54 56 58 60 62 64 66 68 70 72 75 ]   sup=1
                                  [2 3 5 7 9 12 13 16 18 20 22 23 25 28 29 31 34 36 38 40 42 44 46 48 50 52 54 56 58 60 62 64 66 68 71 72 ]   sup=2
                                    [2 3 5 7 9 12 13 16 18 20 22 23 25 28 29 31 34 36 38 40 42 44 46 48 50 52 54 56 58 60 62 64 66 68 71 72 74 ]   sup=1
                                    [2 3 5 7 9 12 13 16 18 20 22 23 25 28 29 31 34 36 38 40 42 44 46 48 50 52 54 56 58 60 62 64 66 68 71 72 75 ]   sup=1
                              [2 3 5 7 9 12 13 16 18 20 22 23 25 28 29 31 34 36 38 40 42 44 46 48 50 52 55 56 58 60 62 64 66 ]   sup=6
                                [2 3 5 7 9 12 13 16 18 20 22 23 25 28 29 31 34 36 38 40 42 44 46 48 50 52 55 56 58 60 62 64 66 68 ]   sup=4
                                  [2 3 5 7 9 12 13 16 18 20 22 23 25 28 29 31 34 36 38 40 42 44 46 48 50 52 55 56 58 60 62 64 66 68 70 72 ]   sup=2
                                    [2 3 5 7 9 12 13 16 18 20 22 23 25 28 29 31 34 36 38 40 42 44 46 48 50 52 55 56 58 60 62 64 66 68 70 72 74 ]   sup=1
                                    [2 3 5 7 9 12 13 16 18 20 22 23 25 28 29 31 34 36 38 40 42 44 46 48 50 52 55 56 58 60 62 64 66 68 70 72 75 ]   sup=1
                                  [2 3 5 7 9 12 13 16 18 20 22 23 25 28 29 31 34 36 38 40 42 44 46 48 50 52 55 56 58 60 62 64 66 68 71 72 ]   sup=2
                                    [2 3 5 7 9 12 13 16 18 20 22 23 25 28 29 31 34 36 38 40 42 44 46 48 50 52 55 56 58 60 62 64 66 68 71 72 75 ]   sup=1
                                    [2 3 5 7 9 12 13 16 18 20 22 23 25 28 29 31 34 36 38 40 42 44 46 48 50 52 55 56 58 60 62 64 66 68 71 72 74 ]   sup=1
                                [2 3 5 7 9 12 13 16 18 20 22 23 25 28 29 31 34 36 38 40 42 44 46 48 50 52 55 56 58 60 62 64 66 69 ]   sup=2
                                  [2 3 5 7 9 12 13 16 18 20 22 23 25 28 29 31 34 36 38 40 42 44 46 48 50 52 55 56 58 60 62 64 66 69 71 72 74 ]   sup=1
                                  [2 3 5 7 9 12 13 16 18 20 22 23 25 28 29 31 34 36 38 40 42 44 46 48 50 52 55 56 58 60 62 64 66 69 70 72 74 ]   sup=1
                            [2 3 5 7 9 12 13 16 18 20 22 23 25 28 29 31 34 36 38 40 42 44 47 48 50 52 ]   sup=7
                              [2 3 5 7 9 12 13 16 18 20 22 23 25 28 29 31 34 36 38 40 42 44 47 48 50 52 55 56 58 60 62 64 66 ]   sup=4
                                [2 3 5 7 9 12 13 16 18 20 22 23 25 28 29 31 34 36 38 40 42 44 47 48 50 52 55 56 58 60 62 64 66 68 71 72 ]   sup=2
                                  [2 3 5 7 9 12 13 16 18 20 22 23 25 28 29 31 34 36 38 40 42 44 47 48 50 52 55 56 58 60 62 64 66 68 71 72 74 ]   sup=1
                                  [2 3 5 7 9 12 13 16 18 20 22 23 25 28 29 31 34 36 38 40 42 44 47 48 50 52 55 56 58 60 62 64 66 68 71 72 75 ]   sup=1
                                [2 3 5 7 9 12 13 16 18 20 22 23 25 28 29 31 34 36 38 40 42 44 47 48 50 52 55 56 58 60 62 64 66 69 71 72 ]   sup=2
                                  [2 3 5 7 9 12 13 16 18 20 22 23 25 28 29 31 34 36 38 40 42 44 47 48 50 52 55 56 58 60 62 64 66 69 71 72 74 ]   sup=1
                                  [2 3 5 7 9 12 13 16 18 20 22 23 25 28 29 31 34 36 38 40 42 44 47 48 50 52 55 56 58 60 62 64 66 69 71 72 75 ]   sup=1
                              [2 3 5 7 9 12 13 16 18 20 22 23 25 28 29 31 34 36 38 40 42 44 47 48 50 52 54 56 58 60 62 64 66 ]   sup=3
                                [2 3 5 7 9 12 13 16 18 20 22 23 25 28 29 31 34 36 38 40 42 44 47 48 50 52 54 56 58 60 62 64 66 68 71 72 74 ]   sup=1
                                [2 3 5 7 9 12 13 16 18 20 22 23 25 28 29 31 34 36 38 40 42 44 47 48 50 52 54 56 58 60 62 64 66 69 71 72 ]   sup=2
                                  [2 3 5 7 9 12 13 16 18 20 22 23 25 28 29 31 34 36 38 40 42 44 47 48 50 52 54 56 58 60 62 64 66 69 71 72 75 ]   sup=1
                                  [2 3 5 7 9 12 13 16 18 20 22 23 25 28 29 31 34 36 38 40 42 44 47 48 50 52 54 56 58 60 62 64 66 69 71 72 74 ]   sup=1
                          [2 3 5 7 9 12 13 16 18 20 22 23 25 28 29 31 35 36 38 40 42 44 46 48 50 52 54 56 58 60 62 64 66 69 71 72 75 ]   sup=1
                        [2 3 5 7 9 12 13 16 18 20 22 23 25 27 29 31 ]   sup=27
                          [2 3 5 7 9 12 13 16 18 20 22 23 25 27 29 31 34 36 ]   sup=24
                            [2 3 5 7 9 12 13 16 18 20 22 23 25 27 29 31 34 36 38 40 42 44 ]   sup=18
                              [2 3 5 7 9 12 13 16 18 20 22 23 25 27 29 31 34 36 38 40 42 44 47 48 50 52 ]   sup=6
                                [2 3 5 7 9 12 13 16 18 20 22 23 25 27 29 31 34 36 38 40 42 44 47 48 50 52 55 56 58 60 62 64 66 ]   sup=4
                                  [2 3 5 7 9 12 13 16 18 20 22 23 25 27 29 31 34 36 38 40 42 44 47 48 50 52 55 56 58 60 62 64 66 68 71 72 ]   sup=2
                                    [2 3 5 7 9 12 13 16 18 20 22 23 25 27 29 31 34 36 38 40 42 44 47 48 50 52 55 56 58 60 62 64 66 68 71 72 75 ]   sup=1
                                    [2 3 5 7 9 12 13 16 18 20 22 23 25 27 29 31 34 36 38 40 42 44 47 48 50 52 55 56 58 60 62 64 66 68 71 72 74 ]   sup=1
                                  [2 3 5 7 9 12 13 16 18 20 22 23 25 27 29 31 34 36 38 40 42 44 47 48 50 52 55 56 58 60 62 64 66 69 71 72 ]   sup=2
                                    [2 3 5 7 9 12 13 16 18 20 22 23 25 27 29 31 34 36 38 40 42 44 47 48 50 52 55 56 58 60 62 64 66 69 71 72 75 ]   sup=1
                                    [2 3 5 7 9 12 13 16 18 20 22 23 25 27 29 31 34 36 38 40 42 44 47 48 50 52 55 56 58 60 62 64 66 69 71 72 74 ]   sup=1
                                [2 3 5 7 9 12 13 16 18 20 22 23 25 27 29 31 34 36 38 40 42 44 47 48 50 52 54 56 58 60 62 64 66 ]   sup=2
                                  [2 3 5 7 9 12 13 16 18 20 22 23 25 27 29 31 34 36 38 40 42 44 47 48 50 52 54 56 58 60 62 64 66 68 71 72 74 ]   sup=1
                                  [2 3 5 7 9 12 13 16 18 20 22 23 25 27 29 31 34 36 38 40 42 44 47 48 50 52 54 56 58 60 62 64 66 69 71 72 75 ]   sup=1
                              [2 3 5 7 9 12 13 16 18 20 22 23 25 27 29 31 34 36 38 40 42 44 46 48 50 52 ]   sup=12
                                [2 3 5 7 9 12 13 16 18 20 22 23 25 27 29 31 34 36 38 40 42 44 46 48 50 52 54 56 58 60 62 64 66 ]   sup=6
                                  [2 3 5 7 9 12 13 16 18 20 22 23 25 27 29 31 34 36 38 40 42 44 46 48 50 52 54 56 58 60 62 64 66 69 ]   sup=2
                                    [2 3 5 7 9 12 13 16 18 20 22 23 25 27 29 31 34 36 38 40 42 44 46 48 50 52 54 56 58 60 62 64 66 69 70 72 74 ]   sup=1
                                    [2 3 5 7 9 12 13 16 18 20 22 23 25 27 29 31 34 36 38 40 42 44 46 48 50 52 54 56 58 60 62 64 66 69 71 72 74 ]   sup=1
                                  [2 3 5 7 9 12 13 16 18 20 22 23 25 27 29 31 34 36 38 40 42 44 46 48 50 52 54 56 58 60 62 64 66 68 ]   sup=4
                                    [2 3 5 7 9 12 13 16 18 20 22 23 25 27 29 31 34 36 38 40 42 44 46 48 50 52 54 56 58 60 62 64 66 68 70 72 ]   sup=2
                                      [2 3 5 7 9 12 13 16 18 20 22 23 25 27 29 31 34 36 38 40 42 44 46 48 50 52 54 56 58 60 62 64 66 68 70 72 75 ]   sup=1
                                      [2 3 5 7 9 12 13 16 18 20 22 23 25 27 29 31 34 36 38 40 42 44 46 48 50 52 54 56 58 60 62 64 66 68 70 72 74 ]   sup=1
                                    [2 3 5 7 9 12 13 16 18 20 22 23 25 27 29 31 34 36 38 40 42 44 46 48 50 52 54 56 58 60 62 64 66 68 71 72 ]   sup=2
                                      [2 3 5 7 9 12 13 16 18 20 22 23 25 27 29 31 34 36 38 40 42 44 46 48 50 52 54 56 58 60 62 64 66 68 71 72 74 ]   sup=1
                                      [2 3 5 7 9 12 13 16 18 20 22 23 25 27 29 31 34 36 38 40 42 44 46 48 50 52 54 56 58 60 62 64 66 68 71 72 75 ]   sup=1
                                [2 3 5 7 9 12 13 16 18 20 22 23 25 27 29 31 34 36 38 40 42 44 46 48 50 52 55 56 58 60 62 64 66 ]   sup=6
                                  [2 3 5 7 9 12 13 16 18 20 22 23 25 27 29 31 34 36 38 40 42 44 46 48 50 52 55 56 58 60 62 64 66 68 ]   sup=3
                                    [2 3 5 7 9 12 13 16 18 20 22 23 25 27 29 31 34 36 38 40 42 44 46 48 50 52 55 56 58 60 62 64 66 68 70 72 75 ]   sup=1
                                    [2 3 5 7 9 12 13 16 18 20 22 23 25 27 29 31 34 36 38 40 42 44 46 48 50 52 55 56 58 60 62 64 66 68 71 72 ]   sup=2
                                      [2 3 5 7 9 12 13 16 18 20 22 23 25 27 29 31 34 36 38 40 42 44 46 48 50 52 55 56 58 60 62 64 66 68 71 72 74 ]   sup=1
                                      [2 3 5 7 9 12 13 16 18 20 22 23 25 27 29 31 34 36 38 40 42 44 46 48 50 52 55 56 58 60 62 64 66 68 71 72 75 ]   sup=1
                                  [2 3 5 7 9 12 13 16 18 20 22 23 25 27 29 31 34 36 38 40 42 44 46 48 50 52 55 56 58 60 62 64 66 69 ]   sup=3
                                    [2 3 5 7 9 12 13 16 18 20 22 23 25 27 29 31 34 36 38 40 42 44 46 48 50 52 55 56 58 60 62 64 66 69 71 72 ]   sup=2
                                      [2 3 5 7 9 12 13 16 18 20 22 23 25 27 29 31 34 36 38 40 42 44 46 48 50 52 55 56 58 60 62 64 66 69 71 72 74 ]   sup=1
                                      [2 3 5 7 9 12 13 16 18 20 22 23 25 27 29 31 34 36 38 40 42 44 46 48 50 52 55 56 58 60 62 64 66 69 71 72 75 ]   sup=1
                                    [2 3 5 7 9 12 13 16 18 20 22 23 25 27 29 31 34 36 38 40 42 44 46 48 50 52 55 56 58 60 62 64 66 69 70 72 75 ]   sup=1
                            [2 3 5 7 9 12 13 16 18 20 22 23 25 27 29 31 34 36 39 40 42 44 46 48 50 52 ]   sup=6
                              [2 3 5 7 9 12 13 16 18 20 22 23 25 27 29 31 34 36 39 40 42 44 46 48 50 52 54 56 58 60 62 64 66 ]   sup=2
                                [2 3 5 7 9 12 13 16 18 20 22 23 25 27 29 31 34 36 39 40 42 44 46 48 50 52 54 56 58 60 62 64 66 69 71 72 75 ]   sup=1
                                [2 3 5 7 9 12 13 16 18 20 22 23 25 27 29 31 34 36 39 40 42 44 46 48 50 52 54 56 58 60 62 64 66 68 71 72 74 ]   sup=1
                              [2 3 5 7 9 12 13 16 18 20 22 23 25 27 29 31 34 36 39 40 42 44 46 48 50 52 55 56 58 60 62 64 66 ]   sup=4
                                [2 3 5 7 9 12 13 16 18 20 22 23 25 27 29 31 34 36 39 40 42 44 46 48 50 52 55 56 58 60 62 64 66 69 71 72 ]   sup=2
                                  [2 3 5 7 9 12 13 16 18 20 22 23 25 27 29 31 34 36 39 40 42 44 46 48 50 52 55 56 58 60 62 64 66 69 71 72 74 ]   sup=1
                                  [2 3 5 7 9 12 13 16 18 20 22 23 25 27 29 31 34 36 39 40 42 44 46 48 50 52 55 56 58 60 62 64 66 69 71 72 75 ]   sup=1
                                [2 3 5 7 9 12 13 16 18 20 22 23 25 27 29 31 34 36 39 40 42 44 46 48 50 52 55 56 58 60 62 64 66 68 71 72 ]   sup=2
                                  [2 3 5 7 9 12 13 16 18 20 22 23 25 27 29 31 34 36 39 40 42 44 46 48 50 52 55 56 58 60 62 64 66 68 71 72 75 ]   sup=1
                                  [2 3 5 7 9 12 13 16 18 20 22 23 25 27 29 31 34 36 39 40 42 44 46 48 50 52 55 56 58 60 62 64 66 68 71 72 74 ]   sup=1
                          [2 3 5 7 9 12 13 16 18 20 22 23 25 27 29 31 35 36 ]   sup=3
                            [2 3 5 7 9 12 13 16 18 20 22 23 25 27 29 31 35 36 38 40 42 44 46 48 50 52 55 56 58 60 62 64 66 69 71 72 ]   sup=2
                              [2 3 5 7 9 12 13 16 18 20 22 23 25 27 29 31 35 36 38 40 42 44 46 48 50 52 55 56 58 60 62 64 66 69 71 72 75 ]   sup=1
                              [2 3 5 7 9 12 13 16 18 20 22 23 25 27 29 31 35 36 38 40 42 44 46 48 50 52 55 56 58 60 62 64 66 69 71 72 74 ]   sup=1
                            [2 3 5 7 9 12 13 16 18 20 22 23 25 27 29 31 35 36 39 40 42 44 46 48 50 52 54 56 58 60 62 64 66 69 71 72 75 ]   sup=1
                  [2 3 5 7 9 12 13 16 17 ]   sup=66
                    [2 3 5 7 9 12 13 16 17 19 ]   sup=63
                      [2 3 5 7 9 12 13 16 17 19 22 ]   sup=23
                        [2 3 5 7 9 12 13 16 17 19 22 24 25 ]   sup=10
                          [2 3 5 7 9 12 13 16 17 19 22 24 25 27 29 ]   sup=6
                            [2 3 5 7 9 12 13 16 17 19 22 24 25 27 29 32 34 36 38 40 ]   sup=3
                              [2 3 5 7 9 12 13 16 17 19 22 24 25 27 29 32 34 36 38 40 43 44 46 48 50 52 54 56 58 60 62 64 66 69 70 73 74 ]   sup=1
                              [2 3 5 7 9 12 13 16 17 19 22 24 25 27 29 32 34 36 38 40 42 44 46 48 50 52 54 56 58 60 62 64 66 69 70 ]   sup=2
                                [2 3 5 7 9 12 13 16 17 19 22 24 25 27 29 32 34 36 38 40 42 44 46 48 50 52 54 56 58 60 62 64 66 69 70 73 74 ]   sup=1
                                [2 3 5 7 9 12 13 16 17 19 22 24 25 27 29 32 34 36 38 40 42 44 46 48 50 52 54 56 58 60 62 64 66 69 70 72 74 ]   sup=1
                            [2 3 5 7 9 12 13 16 17 19 22 24 25 27 29 31 34 36 38 40 ]   sup=3
                              [2 3 5 7 9 12 13 16 17 19 22 24 25 27 29 31 34 36 38 40 43 44 46 48 50 52 54 56 58 60 62 64 66 69 70 73 74 ]   sup=1
                              [2 3 5 7 9 12 13 16 17 19 22 24 25 27 29 31 34 36 38 40 42 44 46 48 50 52 54 56 58 60 62 64 66 69 70 ]   sup=2
                                [2 3 5 7 9 12 13 16 17 19 22 24 25 27 29 31 34 36 38 40 42 44 46 48 50 52 54 56 58 60 62 64 66 69 70 73 74 ]   sup=1
                                [2 3 5 7 9 12 13 16 17 19 22 24 25 27 29 31 34 36 38 40 42 44 46 48 50 52 54 56 58 60 62 64 66 69 70 72 74 ]   sup=1
                          [2 3 5 7 9 12 13 16 17 19 22 24 25 28 29 ]   sup=4
                            [2 3 5 7 9 12 13 16 17 19 22 24 25 28 29 31 34 36 38 40 42 44 46 48 50 52 54 56 58 60 62 64 66 ]   sup=3
                              [2 3 5 7 9 12 13 16 17 19 22 24 25 28 29 31 34 36 38 40 42 44 46 48 50 52 54 56 58 60 62 64 66 68 70 72 74 ]   sup=1
                              [2 3 5 7 9 12 13 16 17 19 22 24 25 28 29 31 34 36 38 40 42 44 46 48 50 52 54 56 58 60 62 64 66 69 70 ]   sup=2
                                [2 3 5 7 9 12 13 16 17 19 22 24 25 28 29 31 34 36 38 40 42 44 46 48 50 52 54 56 58 60 62 64 66 69 70 72 74 ]   sup=1
                                [2 3 5 7 9 12 13 16 17 19 22 24 25 28 29 31 34 36 38 40 42 44 46 48 50 52 54 56 58 60 62 64 66 69 70 73 74 ]   sup=1
                            [2 3 5 7 9 12 13 16 17 19 22 24 25 28 29 33 34 36 38 40 42 44 46 48 50 52 54 56 58 60 62 64 66 68 70 72 74 ]   sup=1
                        [2 3 5 7 9 12 13 16 17 19 22 23 25 ]   sup=13
                          [2 3 5 7 9 12 13 16 17 19 22 23 25 27 29 31 34 36 38 40 42 44 46 48 50 52 ]   sup=5
                            [2 3 5 7 9 12 13 16 17 19 22 23 25 27 29 31 34 36 38 40 42 44 46 48 50 52 54 56 58 60 62 64 66 ]   sup=3
                              [2 3 5 7 9 12 13 16 17 19 22 23 25 27 29 31 34 36 38 40 42 44 46 48 50 52 54 56 58 60 62 64 66 68 70 72 ]   sup=2
                                [2 3 5 7 9 12 13 16 17 19 22 23 25 27 29 31 34 36 38 40 42 44 46 48 50 52 54 56 58 60 62 64 66 68 70 72 75 ]   sup=1
                                [2 3 5 7 9 12 13 16 17 19 22 23 25 27 29 31 34 36 38 40 42 44 46 48 50 52 54 56 58 60 62 64 66 68 70 72 74 ]   sup=1
                              [2 3 5 7 9 12 13 16 17 19 22 23 25 27 29 31 34 36 38 40 42 44 46 48 50 52 54 56 58 60 62 64 66 69 70 72 74 ]   sup=1
                            [2 3 5 7 9 12 13 16 17 19 22 23 25 27 29 31 34 36 38 40 42 44 46 48 50 52 55 56 58 60 62 64 66 ]   sup=2
                              [2 3 5 7 9 12 13 16 17 19 22 23 25 27 29 31 34 36 38 40 42 44 46 48 50 52 55 56 58 60 62 64 66 69 70 72 75 ]   sup=1
                              [2 3 5 7 9 12 13 16 17 19 22 23 25 27 29 31 34 36 38 40 42 44 46 48 50 52 55 56 58 60 62 64 66 68 70 72 75 ]   sup=1
                          [2 3 5 7 9 12 13 16 17 19 22 23 25 28 29 31 34 36 38 40 42 44 46 48 50 52 ]   sup=8
                            [2 3 5 7 9 12 13 16 17 19 22 23 25 28 29 31 34 36 38 40 42 44 46 48 50 52 54 56 58 60 62 64 66 ]   sup=3
                              [2 3 5 7 9 12 13 16 17 19 22 23 25 28 29 31 34 36 38 40 42 44 46 48 50 52 54 56 58 60 62 64 66 69 70 72 74 ]   sup=1
                              [2 3 5 7 9 12 13 16 17 19 22 23 25 28 29 31 34 36 38 40 42 44 46 48 50 52 54 56 58 60 62 64 66 68 70 72 ]   sup=2
                                [2 3 5 7 9 12 13 16 17 19 22 23 25 28 29 31 34 36 38 40 42 44 46 48 50 52 54 56 58 60 62 64 66 68 70 72 75 ]   sup=1
                                [2 3 5 7 9 12 13 16 17 19 22 23 25 28 29 31 34 36 38 40 42 44 46 48 50 52 54 56 58 60 62 64 66 68 70 72 74 ]   sup=1
                            [2 3 5 7 9 12 13 16 17 19 22 23 25 28 29 31 34 36 38 40 42 44 46 48 50 52 55 ]   sup=5
                              [2 3 5 7 9 12 13 16 17 19 22 23 25 28 29 31 34 36 38 40 42 44 46 48 50 52 55 57 58 60 62 64 66 69 70 72 75 ]   sup=1
                              [2 3 5 7 9 12 13 16 17 19 22 23 25 28 29 31 34 36 38 40 42 44 46 48 50 52 55 56 58 60 62 64 66 ]   sup=4
                                [2 3 5 7 9 12 13 16 17 19 22 23 25 28 29 31 34 36 38 40 42 44 46 48 50 52 55 56 58 60 62 64 66 68 70 72 ]   sup=2
                                  [2 3 5 7 9 12 13 16 17 19 22 23 25 28 29 31 34 36 38 40 42 44 46 48 50 52 55 56 58 60 62 64 66 68 70 72 75 ]   sup=1
                                  [2 3 5 7 9 12 13 16 17 19 22 23 25 28 29 31 34 36 38 40 42 44 46 48 50 52 55 56 58 60 62 64 66 68 70 72 74 ]   sup=1
                                [2 3 5 7 9 12 13 16 17 19 22 23 25 28 29 31 34 36 38 40 42 44 46 48 50 52 55 56 58 60 62 64 66 69 70 72 ]   sup=2
                                  [2 3 5 7 9 12 13 16 17 19 22 23 25 28 29 31 34 36 38 40 42 44 46 48 50 52 55 56 58 60 62 64 66 69 70 72 74 ]   sup=1
                                  [2 3 5 7 9 12 13 16 17 19 22 23 25 28 29 31 34 36 38 40 42 44 46 48 50 52 55 56 58 60 62 64 66 69 70 72 75 ]   sup=1
                      [2 3 5 7 9 12 13 16 17 19 21 ]   sup=40
                        [2 3 5 7 9 12 13 16 17 19 21 23 25 ]   sup=26
                          [2 3 5 7 9 12 13 16 17 19 21 23 25 27 29 ]   sup=16
                            [2 3 5 7 9 12 13 16 17 19 21 23 25 27 29 31 34 36 ]   sup=15
                              [2 3 5 7 9 12 13 16 17 19 21 23 25 27 29 31 34 36 39 40 42 44 46 48 ]   sup=10
                                [2 3 5 7 9 12 13 16 17 19 21 23 25 27 29 31 34 36 39 40 42 44 46 48 51 52 ]   sup=3
                                  [2 3 5 7 9 12 13 16 17 19 21 23 25 27 29 31 34 36 39 40 42 44 46 48 51 52 55 ]   sup=2
                                    [2 3 5 7 9 12 13 16 17 19 21 23 25 27 29 31 34 36 39 40 42 44 46 48 51 52 55 56 58 60 62 64 66 69 71 72 74 ]   sup=1
                                    [2 3 5 7 9 12 13 16 17 19 21 23 25 27 29 31 34 36 39 40 42 44 46 48 51 52 55 57 58 60 62 64 66 69 71 72 75 ]   sup=1
                                  [2 3 5 7 9 12 13 16 17 19 21 23 25 27 29 31 34 36 39 40 42 44 46 48 51 52 54 56 58 60 62 64 66 69 71 72 75 ]   sup=1
                                [2 3 5 7 9 12 13 16 17 19 21 23 25 27 29 31 34 36 39 40 42 44 46 48 50 52 ]   sup=7
                                  [2 3 5 7 9 12 13 16 17 19 21 23 25 27 29 31 34 36 39 40 42 44 46 48 50 52 54 ]   sup=3
                                    [2 3 5 7 9 12 13 16 17 19 21 23 25 27 29 31 34 36 39 40 42 44 46 48 50 52 54 57 58 60 63 64 66 69 71 72 75 ]   sup=1
                                    [2 3 5 7 9 12 13 16 17 19 21 23 25 27 29 31 34 36 39 40 42 44 46 48 50 52 54 56 58 60 62 64 66 69 71 72 ]   sup=2
                                      [2 3 5 7 9 12 13 16 17 19 21 23 25 27 29 31 34 36 39 40 42 44 46 48 50 52 54 56 58 60 62 64 66 69 71 72 75 ]   sup=1
                                      [2 3 5 7 9 12 13 16 17 19 21 23 25 27 29 31 34 36 39 40 42 44 46 48 50 52 54 56 58 60 62 64 66 69 71 72 74 ]   sup=1
                                  [2 3 5 7 9 12 13 16 17 19 21 23 25 27 29 31 34 36 39 40 42 44 46 48 50 52 55 ]   sup=4
                                    [2 3 5 7 9 12 13 16 17 19 21 23 25 27 29 31 34 36 39 40 42 44 46 48 50 52 55 56 58 60 ]   sup=3
                                      [2 3 5 7 9 12 13 16 17 19 21 23 25 27 29 31 34 36 39 40 42 44 46 48 50 52 55 56 58 60 62 64 66 69 71 72 ]   sup=2
                                        [2 3 5 7 9 12 13 16 17 19 21 23 25 27 29 31 34 36 39 40 42 44 46 48 50 52 55 56 58 60 62 64 66 69 71 72 75 ]   sup=1
                                        [2 3 5 7 9 12 13 16 17 19 21 23 25 27 29 31 34 36 39 40 42 44 46 48 50 52 55 56 58 60 62 64 66 69 71 72 74 ]   sup=1
                                      [2 3 5 7 9 12 13 16 17 19 21 23 25 27 29 31 34 36 39 40 42 44 46 48 50 52 55 56 58 60 63 64 66 69 71 72 75 ]   sup=1
                                    [2 3 5 7 9 12 13 16 17 19 21 23 25 27 29 31 34 36 39 40 42 44 46 48 50 52 55 57 58 60 62 64 66 69 71 72 75 ]   sup=1
                              [2 3 5 7 9 12 13 16 17 19 21 23 25 27 29 31 34 36 38 40 42 44 46 48 ]   sup=5
                                [2 3 5 7 9 12 13 16 17 19 21 23 25 27 29 31 34 36 38 40 42 44 46 48 51 52 ]   sup=2
                                  [2 3 5 7 9 12 13 16 17 19 21 23 25 27 29 31 34 36 38 40 42 44 46 48 51 52 55 57 58 60 62 64 66 69 70 72 75 ]   sup=1
                                  [2 3 5 7 9 12 13 16 17 19 21 23 25 27 29 31 34 36 38 40 42 44 46 48 51 52 54 56 58 61 62 64 67 68 70 73 74 ]   sup=1
                                [2 3 5 7 9 12 13 16 17 19 21 23 25 27 29 31 34 36 38 40 42 44 46 48 50 52 ]   sup=3
                                  [2 3 5 7 9 12 13 16 17 19 21 23 25 27 29 31 34 36 38 40 42 44 46 48 50 52 54 56 58 60 62 64 66 69 70 72 74 ]   sup=1
                                  [2 3 5 7 9 12 13 16 17 19 21 23 25 27 29 31 34 36 38 40 42 44 46 48 50 52 55 56 58 60 62 64 66 69 70 72 ]   sup=2
                                    [2 3 5 7 9 12 13 16 17 19 21 23 25 27 29 31 34 36 38 40 42 44 46 48 50 52 55 56 58 60 62 64 66 69 70 72 74 ]   sup=1
                                    [2 3 5 7 9 12 13 16 17 19 21 23 25 27 29 31 34 36 38 40 42 44 46 48 50 52 55 56 58 60 62 64 66 69 70 72 75 ]   sup=1
                            [2 3 5 7 9 12 13 16 17 19 21 23 25 27 29 33 34 36 38 40 42 44 46 48 51 52 54 56 58 61 62 64 67 68 70 73 74 ]   sup=1
                          [2 3 5 7 9 12 13 16 17 19 21 23 25 28 29 31 34 36 38 40 42 44 46 48 ]   sup=10
                            [2 3 5 7 9 12 13 16 17 19 21 23 25 28 29 31 34 36 38 40 42 44 46 48 51 52 ]   sup=4
                              [2 3 5 7 9 12 13 16 17 19 21 23 25 28 29 31 34 36 38 40 42 44 46 48 51 52 54 56 58 60 62 64 66 69 70 72 ]   sup=2
                                [2 3 5 7 9 12 13 16 17 19 21 23 25 28 29 31 34 36 38 40 42 44 46 48 51 52 54 56 58 60 62 64 66 69 70 72 74 ]   sup=1
                                [2 3 5 7 9 12 13 16 17 19 21 23 25 28 29 31 34 36 38 40 42 44 46 48 51 52 54 56 58 60 62 64 66 69 70 72 75 ]   sup=1
                              [2 3 5 7 9 12 13 16 17 19 21 23 25 28 29 31 34 36 38 40 42 44 46 48 51 52 55 ]   sup=2
                                [2 3 5 7 9 12 13 16 17 19 21 23 25 28 29 31 34 36 38 40 42 44 46 48 51 52 55 56 58 60 62 64 66 69 70 72 74 ]   sup=1
                                [2 3 5 7 9 12 13 16 17 19 21 23 25 28 29 31 34 36 38 40 42 44 46 48 51 52 55 57 58 60 62 64 66 69 70 72 75 ]   sup=1
                            [2 3 5 7 9 12 13 16 17 19 21 23 25 28 29 31 34 36 38 40 42 44 46 48 50 52 ]   sup=6
                              [2 3 5 7 9 12 13 16 17 19 21 23 25 28 29 31 34 36 38 40 42 44 46 48 50 52 54 ]   sup=3
                                [2 3 5 7 9 12 13 16 17 19 21 23 25 28 29 31 34 36 38 40 42 44 46 48 50 52 54 57 58 60 62 64 66 69 70 72 75 ]   sup=1
                                [2 3 5 7 9 12 13 16 17 19 21 23 25 28 29 31 34 36 38 40 42 44 46 48 50 52 54 56 58 60 62 64 66 69 70 72 ]   sup=2
                                  [2 3 5 7 9 12 13 16 17 19 21 23 25 28 29 31 34 36 38 40 42 44 46 48 50 52 54 56 58 60 62 64 66 69 70 72 75 ]   sup=1
                                  [2 3 5 7 9 12 13 16 17 19 21 23 25 28 29 31 34 36 38 40 42 44 46 48 50 52 54 56 58 60 62 64 66 69 70 72 74 ]   sup=1
                              [2 3 5 7 9 12 13 16 17 19 21 23 25 28 29 31 34 36 38 40 42 44 46 48 50 52 55 ]   sup=3
                                [2 3 5 7 9 12 13 16 17 19 21 23 25 28 29 31 34 36 38 40 42 44 46 48 50 52 55 57 58 60 62 64 66 69 70 72 75 ]   sup=1
                                [2 3 5 7 9 12 13 16 17 19 21 23 25 28 29 31 34 36 38 40 42 44 46 48 50 52 55 56 58 60 62 64 66 69 70 72 ]   sup=2
                                  [2 3 5 7 9 12 13 16 17 19 21 23 25 28 29 31 34 36 38 40 42 44 46 48 50 52 55 56 58 60 62 64 66 69 70 72 75 ]   sup=1
                                  [2 3 5 7 9 12 13 16 17 19 21 23 25 28 29 31 34 36 38 40 42 44 46 48 50 52 55 56 58 60 62 64 66 69 70 72 74 ]   sup=1
                        [2 3 5 7 9 12 13 16 17 19 21 24 25 ]   sup=14
                          [2 3 5 7 9 12 13 16 17 19 21 24 25 27 29 ]   sup=11
                            [2 3 5 7 9 12 13 16 17 19 21 24 25 27 29 33 34 36 38 40 42 44 46 48 51 52 54 56 58 60 62 64 66 68 70 72 74 ]   sup=1
                            [2 3 5 7 9 12 13 16 17 19 21 24 25 27 29 31 34 36 ]   sup=10
                              [2 3 5 7 9 12 13 16 17 19 21 24 25 27 29 31 34 36 38 40 ]   sup=3
                                [2 3 5 7 9 12 13 16 17 19 21 24 25 27 29 31 34 36 38 40 43 44 46 48 50 52 54 56 58 60 62 65 66 69 70 73 74 ]   sup=1
                                [2 3 5 7 9 12 13 16 17 19 21 24 25 27 29 31 34 36 38 40 42 44 46 48 50 52 54 56 58 60 62 64 66 ]   sup=2
                                  [2 3 5 7 9 12 13 16 17 19 21 24 25 27 29 31 34 36 38 40 42 44 46 48 50 52 54 56 58 60 62 64 66 69 70 73 74 ]   sup=1
                                  [2 3 5 7 9 12 13 16 17 19 21 24 25 27 29 31 34 36 38 40 42 44 46 48 50 52 54 56 58 60 62 64 66 68 70 73 74 ]   sup=1
                              [2 3 5 7 9 12 13 16 17 19 21 24 25 27 29 31 34 36 39 40 ]   sup=7
                                [2 3 5 7 9 12 13 16 17 19 21 24 25 27 29 31 34 36 39 40 43 44 46 48 50 52 54 56 58 60 62 ]   sup=2
                                  [2 3 5 7 9 12 13 16 17 19 21 24 25 27 29 31 34 36 39 40 43 44 46 48 50 52 54 56 58 60 62 64 66 68 71 73 74 ]   sup=1
                                  [2 3 5 7 9 12 13 16 17 19 21 24 25 27 29 31 34 36 39 40 43 44 46 48 50 52 54 56 58 60 62 65 66 69 71 73 74 ]   sup=1
                                [2 3 5 7 9 12 13 16 17 19 21 24 25 27 29 31 34 36 39 40 42 44 46 48 ]   sup=5
                                  [2 3 5 7 9 12 13 16 17 19 21 24 25 27 29 31 34 36 39 40 42 44 46 48 51 52 54 56 58 60 62 64 66 ]   sup=2
                                    [2 3 5 7 9 12 13 16 17 19 21 24 25 27 29 31 34 36 39 40 42 44 46 48 51 52 54 56 58 60 62 64 66 69 71 73 74 ]   sup=1
                                    [2 3 5 7 9 12 13 16 17 19 21 24 25 27 29 31 34 36 39 40 42 44 46 48 51 52 54 56 58 60 62 64 66 68 71 73 74 ]   sup=1
                                  [2 3 5 7 9 12 13 16 17 19 21 24 25 27 29 31 34 36 39 40 42 44 46 48 50 52 54 56 58 60 62 ]   sup=3
                                    [2 3 5 7 9 12 13 16 17 19 21 24 25 27 29 31 34 36 39 40 42 44 46 48 50 52 54 56 58 60 62 65 66 69 71 73 74 ]   sup=1
                                    [2 3 5 7 9 12 13 16 17 19 21 24 25 27 29 31 34 36 39 40 42 44 46 48 50 52 54 56 58 60 62 64 66 ]   sup=2
                                      [2 3 5 7 9 12 13 16 17 19 21 24 25 27 29 31 34 36 39 40 42 44 46 48 50 52 54 56 58 60 62 64 66 69 71 73 74 ]   sup=1
                                      [2 3 5 7 9 12 13 16 17 19 21 24 25 27 29 31 34 36 39 40 42 44 46 48 50 52 54 56 58 60 62 64 66 68 71 73 74 ]   sup=1
                          [2 3 5 7 9 12 13 16 17 19 21 24 25 28 29 ]   sup=3
                            [2 3 5 7 9 12 13 16 17 19 21 24 25 28 29 31 34 36 38 40 42 44 46 48 ]   sup=2
                              [2 3 5 7 9 12 13 16 17 19 21 24 25 28 29 31 34 36 38 40 42 44 46 48 51 52 54 56 58 60 62 64 66 68 70 73 74 ]   sup=1
                              [2 3 5 7 9 12 13 16 17 19 21 24 25 28 29 31 34 36 38 40 42 44 46 48 50 52 54 56 58 60 62 64 66 68 70 73 74 ]   sup=1
                            [2 3 5 7 9 12 13 16 17 19 21 24 25 28 29 33 34 36 38 40 42 44 46 48 51 52 54 56 58 60 62 64 66 68 70 72 74 ]   sup=1
                    [2 3 5 7 9 12 13 16 17 20 21 ]   sup=3
                      [2 3 5 7 9 12 13 16 17 20 21 23 ]   sup=2
                        [2 3 5 7 9 12 13 16 17 20 21 23 25 27 29 31 34 36 39 40 42 44 47 48 51 52 54 56 58 61 62 64 67 68 70 73 74 ]   sup=1
                        [2 3 5 7 9 12 13 16 17 20 21 23 26 27 29 31 34 36 39 40 42 44 47 48 50 52 54 56 58 61 62 64 67 68 70 73 74 ]   sup=1
                      [2 3 5 7 9 12 13 16 17 20 21 24 25 28 29 33 34 36 38 40 42 44 47 48 51 52 54 56 58 60 62 64 66 68 70 72 74 ]   sup=1
              [2 3 5 7 9 12 14 ]   sup=151
                [2 3 5 7 9 12 14 16 ]   sup=113
                  [2 3 5 7 9 12 14 16 17 ]   sup=70
                    [2 3 5 7 9 12 14 16 17 19 ]   sup=59
                      [2 3 5 7 9 12 14 16 17 19 22 ]   sup=28
                        [2 3 5 7 9 12 14 16 17 19 22 24 25 ]   sup=12
                          [2 3 5 7 9 12 14 16 17 19 22 24 25 27 29 ]   sup=7
                            [2 3 5 7 9 12 14 16 17 19 22 24 25 27 29 31 34 36 38 40 ]   sup=4
                              [2 3 5 7 9 12 14 16 17 19 22 24 25 27 29 31 34 36 38 40 42 44 46 48 ]   sup=3
                                [2 3 5 7 9 12 14 16 17 19 22 24 25 27 29 31 34 36 38 40 42 44 46 48 51 52 54 56 58 60 62 64 66 69 70 72 74 ]   sup=1
                                [2 3 5 7 9 12 14 16 17 19 22 24 25 27 29 31 34 36 38 40 42 44 46 48 50 52 54 56 58 60 62 64 66 69 70 ]   sup=2
                                  [2 3 5 7 9 12 14 16 17 19 22 24 25 27 29 31 34 36 38 40 42 44 46 48 50 52 54 56 58 60 62 64 66 69 70 72 74 ]   sup=1
                                  [2 3 5 7 9 12 14 16 17 19 22 24 25 27 29 31 34 36 38 40 42 44 46 48 50 52 54 56 58 60 62 64 66 69 70 73 74 ]   sup=1
                              [2 3 5 7 9 12 14 16 17 19 22 24 25 27 29 31 34 36 38 40 43 44 46 48 50 52 54 56 58 60 62 64 66 69 70 73 74 ]   sup=1
                            [2 3 5 7 9 12 14 16 17 19 22 24 25 27 29 32 34 36 38 40 ]   sup=3
                              [2 3 5 7 9 12 14 16 17 19 22 24 25 27 29 32 34 36 38 40 43 44 46 48 50 52 54 56 58 60 62 64 66 69 70 73 74 ]   sup=1
                              [2 3 5 7 9 12 14 16 17 19 22 24 25 27 29 32 34 36 38 40 42 44 46 48 50 52 54 56 58 60 62 64 66 69 70 ]   sup=2
                                [2 3 5 7 9 12 14 16 17 19 22 24 25 27 29 32 34 36 38 40 42 44 46 48 50 52 54 56 58 60 62 64 66 69 70 73 74 ]   sup=1
                                [2 3 5 7 9 12 14 16 17 19 22 24 25 27 29 32 34 36 38 40 42 44 46 48 50 52 54 56 58 60 62 64 66 69 70 72 74 ]   sup=1
                          [2 3 5 7 9 12 14 16 17 19 22 24 25 28 29 31 34 36 38 40 42 44 46 48 ]   sup=5
                            [2 3 5 7 9 12 14 16 17 19 22 24 25 28 29 31 34 36 38 40 42 44 46 48 51 52 54 56 58 60 62 64 66 ]   sup=2
                              [2 3 5 7 9 12 14 16 17 19 22 24 25 28 29 31 34 36 38 40 42 44 46 48 51 52 54 56 58 60 62 64 66 69 70 72 74 ]   sup=1
                              [2 3 5 7 9 12 14 16 17 19 22 24 25 28 29 31 34 36 38 40 42 44 46 48 51 52 54 56 58 60 62 64 66 68 70 72 74 ]   sup=1
                            [2 3 5 7 9 12 14 16 17 19 22 24 25 28 29 31 34 36 38 40 42 44 46 48 50 52 54 56 58 60 62 64 66 ]   sup=3
                              [2 3 5 7 9 12 14 16 17 19 22 24 25 28 29 31 34 36 38 40 42 44 46 48 50 52 54 56 58 60 62 64 66 69 70 ]   sup=2
                                [2 3 5 7 9 12 14 16 17 19 22 24 25 28 29 31 34 36 38 40 42 44 46 48 50 52 54 56 58 60 62 64 66 69 70 73 74 ]   sup=1
                                [2 3 5 7 9 12 14 16 17 19 22 24 25 28 29 31 34 36 38 40 42 44 46 48 50 52 54 56 58 60 62 64 66 69 70 72 74 ]   sup=1
                              [2 3 5 7 9 12 14 16 17 19 22 24 25 28 29 31 34 36 38 40 42 44 46 48 50 52 54 56 58 60 62 64 66 68 70 72 74 ]   sup=1
                        [2 3 5 7 9 12 14 16 17 19 22 23 25 ]   sup=16
                          [2 3 5 7 9 12 14 16 17 19 22 23 25 28 29 31 34 36 38 40 42 44 46 48 ]   sup=9
                            [2 3 5 7 9 12 14 16 17 19 22 23 25 28 29 31 34 36 38 40 42 44 46 48 51 52 ]   sup=3
                              [2 3 5 7 9 12 14 16 17 19 22 23 25 28 29 31 34 36 38 40 42 44 46 48 51 52 55 56 58 60 62 64 66 68 70 72 ]   sup=2
                                [2 3 5 7 9 12 14 16 17 19 22 23 25 28 29 31 34 36 38 40 42 44 46 48 51 52 55 56 58 60 62 64 66 68 70 72 74 ]   sup=1
                                [2 3 5 7 9 12 14 16 17 19 22 23 25 28 29 31 34 36 38 40 42 44 46 48 51 52 55 56 58 60 62 64 66 68 70 72 75 ]   sup=1
                              [2 3 5 7 9 12 14 16 17 19 22 23 25 28 29 31 34 36 38 40 42 44 46 48 51 52 54 56 58 60 62 64 66 68 70 72 74 ]   sup=1
                            [2 3 5 7 9 12 14 16 17 19 22 23 25 28 29 31 34 36 38 40 42 44 46 48 50 52 ]   sup=6
                              [2 3 5 7 9 12 14 16 17 19 22 23 25 28 29 31 34 36 38 40 42 44 46 48 50 52 54 56 58 60 62 64 66 ]   sup=3
                                [2 3 5 7 9 12 14 16 17 19 22 23 25 28 29 31 34 36 38 40 42 44 46 48 50 52 54 56 58 60 62 64 66 68 70 72 ]   sup=2
                                  [2 3 5 7 9 12 14 16 17 19 22 23 25 28 29 31 34 36 38 40 42 44 46 48 50 52 54 56 58 60 62 64 66 68 70 72 74 ]   sup=1
                                  [2 3 5 7 9 12 14 16 17 19 22 23 25 28 29 31 34 36 38 40 42 44 46 48 50 52 54 56 58 60 62 64 66 68 70 72 75 ]   sup=1
                                [2 3 5 7 9 12 14 16 17 19 22 23 25 28 29 31 34 36 38 40 42 44 46 48 50 52 54 56 58 60 62 64 66 69 70 72 74 ]   sup=1
                              [2 3 5 7 9 12 14 16 17 19 22 23 25 28 29 31 34 36 38 40 42 44 46 48 50 52 55 56 58 60 62 64 66 ]   sup=3
                                [2 3 5 7 9 12 14 16 17 19 22 23 25 28 29 31 34 36 38 40 42 44 46 48 50 52 55 56 58 60 62 64 66 69 70 72 74 ]   sup=1
                                [2 3 5 7 9 12 14 16 17 19 22 23 25 28 29 31 34 36 38 40 42 44 46 48 50 52 55 56 58 60 62 64 66 68 70 72 ]   sup=2
                                  [2 3 5 7 9 12 14 16 17 19 22 23 25 28 29 31 34 36 38 40 42 44 46 48 50 52 55 56 58 60 62 64 66 68 70 72 75 ]   sup=1
                                  [2 3 5 7 9 12 14 16 17 19 22 23 25 28 29 31 34 36 38 40 42 44 46 48 50 52 55 56 58 60 62 64 66 68 70 72 74 ]   sup=1
                          [2 3 5 7 9 12 14 16 17 19 22 23 25 27 29 31 34 36 38 40 42 44 46 48 ]   sup=7
                            [2 3 5 7 9 12 14 16 17 19 22 23 25 27 29 31 34 36 38 40 42 44 46 48 50 52 ]   sup=5
                              [2 3 5 7 9 12 14 16 17 19 22 23 25 27 29 31 34 36 38 40 42 44 46 48 50 52 54 56 58 60 62 64 66 ]   sup=3
                                [2 3 5 7 9 12 14 16 17 19 22 23 25 27 29 31 34 36 38 40 42 44 46 48 50 52 54 56 58 60 62 64 66 69 70 72 74 ]   sup=1
                                [2 3 5 7 9 12 14 16 17 19 22 23 25 27 29 31 34 36 38 40 42 44 46 48 50 52 54 56 58 60 62 64 66 68 70 72 ]   sup=2
                                  [2 3 5 7 9 12 14 16 17 19 22 23 25 27 29 31 34 36 38 40 42 44 46 48 50 52 54 56 58 60 62 64 66 68 70 72 75 ]   sup=1
                                  [2 3 5 7 9 12 14 16 17 19 22 23 25 27 29 31 34 36 38 40 42 44 46 48 50 52 54 56 58 60 62 64 66 68 70 72 74 ]   sup=1
                              [2 3 5 7 9 12 14 16 17 19 22 23 25 27 29 31 34 36 38 40 42 44 46 48 50 52 55 56 58 60 62 64 66 ]   sup=2
                                [2 3 5 7 9 12 14 16 17 19 22 23 25 27 29 31 34 36 38 40 42 44 46 48 50 52 55 56 58 60 62 64 66 68 70 72 75 ]   sup=1
                                [2 3 5 7 9 12 14 16 17 19 22 23 25 27 29 31 34 36 38 40 42 44 46 48 50 52 55 56 58 60 62 64 66 69 70 72 75 ]   sup=1
                            [2 3 5 7 9 12 14 16 17 19 22 23 25 27 29 31 34 36 38 40 42 44 46 48 51 52 ]   sup=2
                              [2 3 5 7 9 12 14 16 17 19 22 23 25 27 29 31 34 36 38 40 42 44 46 48 51 52 55 56 58 60 62 64 66 68 70 72 75 ]   sup=1
                              [2 3 5 7 9 12 14 16 17 19 22 23 25 27 29 31 34 36 38 40 42 44 46 48 51 52 54 56 58 60 62 64 66 68 70 72 74 ]   sup=1
                      [2 3 5 7 9 12 14 16 17 19 21 ]   sup=31
                        [2 3 5 7 9 12 14 16 17 19 21 24 25 27 29 31 ]   sup=10
                          [2 3 5 7 9 12 14 16 17 19 21 24 25 27 29 31 34 36 ]   sup=6
                            [2 3 5 7 9 12 14 16 17 19 21 24 25 27 29 31 34 36 39 40 ]   sup=4
                              [2 3 5 7 9 12 14 16 17 19 21 24 25 27 29 31 34 36 39 40 43 44 46 48 50 52 54 56 58 60 62 65 66 69 71 73 74 ]   sup=1
                              [2 3 5 7 9 12 14 16 17 19 21 24 25 27 29 31 34 36 39 40 42 44 46 48 ]   sup=3
                                [2 3 5 7 9 12 14 16 17 19 21 24 25 27 29 31 34 36 39 40 42 44 46 48 51 52 54 56 58 60 62 ]   sup=2
                                  [2 3 5 7 9 12 14 16 17 19 21 24 25 27 29 31 34 36 39 40 42 44 46 48 51 52 54 56 58 60 62 64 66 69 71 73 74 ]   sup=1
                                  [2 3 5 7 9 12 14 16 17 19 21 24 25 27 29 31 34 36 39 40 42 44 46 48 51 52 54 56 58 60 62 65 66 69 71 73 74 ]   sup=1
                                [2 3 5 7 9 12 14 16 17 19 21 24 25 27 29 31 34 36 39 40 42 44 46 48 50 52 54 56 58 60 62 64 66 69 71 73 74 ]   sup=1
                            [2 3 5 7 9 12 14 16 17 19 21 24 25 27 29 31 34 36 38 40 ]   sup=2
                              [2 3 5 7 9 12 14 16 17 19 21 24 25 27 29 31 34 36 38 40 43 44 46 48 50 52 54 56 58 60 62 65 66 69 70 73 74 ]   sup=1
                              [2 3 5 7 9 12 14 16 17 19 21 24 25 27 29 31 34 36 38 40 42 44 46 48 50 52 54 56 58 60 62 64 66 69 70 73 74 ]   sup=1
                          [2 3 5 7 9 12 14 16 17 19 21 24 25 27 29 31 35 36 ]   sup=4
                            [2 3 5 7 9 12 14 16 17 19 21 24 25 27 29 31 35 36 38 40 ]   sup=2
                              [2 3 5 7 9 12 14 16 17 19 21 24 25 27 29 31 35 36 38 40 42 44 46 48 50 52 54 56 58 60 62 64 66 69 71 73 74 ]   sup=1
                              [2 3 5 7 9 12 14 16 17 19 21 24 25 27 29 31 35 36 38 40 43 44 46 48 50 52 54 56 58 60 62 65 66 69 71 73 74 ]   sup=1
                            [2 3 5 7 9 12 14 16 17 19 21 24 25 27 29 31 35 36 39 40 42 44 46 48 51 52 54 56 58 60 62 ]   sup=2
                              [2 3 5 7 9 12 14 16 17 19 21 24 25 27 29 31 35 36 39 40 42 44 46 48 51 52 54 56 58 60 62 65 66 69 71 73 74 ]   sup=1
                              [2 3 5 7 9 12 14 16 17 19 21 24 25 27 29 31 35 36 39 40 42 44 46 48 51 52 54 56 58 60 62 64 66 69 71 73 74 ]   sup=1
                        [2 3 5 7 9 12 14 16 17 19 21 23 25 ]   sup=21
                          [2 3 5 7 9 12 14 16 17 19 21 23 25 27 29 31 ]   sup=14
                            [2 3 5 7 9 12 14 16 17 19 21 23 25 27 29 31 34 36 ]   sup=12
                              [2 3 5 7 9 12 14 16 17 19 21 23 25 27 29 31 34 36 38 40 42 44 46 48 ]   sup=5
                                [2 3 5 7 9 12 14 16 17 19 21 23 25 27 29 31 34 36 38 40 42 44 46 48 51 52 55 56 58 60 62 64 66 69 70 72 74 ]   sup=1
                                [2 3 5 7 9 12 14 16 17 19 21 23 25 27 29 31 34 36 38 40 42 44 46 48 50 52 ]   sup=4
                                  [2 3 5 7 9 12 14 16 17 19 21 23 25 27 29 31 34 36 38 40 42 44 46 48 50 52 55 56 58 60 62 64 66 69 ]   sup=3
                                    [2 3 5 7 9 12 14 16 17 19 21 23 25 27 29 31 34 36 38 40 42 44 46 48 50 52 55 56 58 60 62 64 66 69 70 72 ]   sup=2
                                      [2 3 5 7 9 12 14 16 17 19 21 23 25 27 29 31 34 36 38 40 42 44 46 48 50 52 55 56 58 60 62 64 66 69 70 72 75 ]   sup=1
                                      [2 3 5 7 9 12 14 16 17 19 21 23 25 27 29 31 34 36 38 40 42 44 46 48 50 52 55 56 58 60 62 64 66 69 70 72 74 ]   sup=1
                                    [2 3 5 7 9 12 14 16 17 19 21 23 25 27 29 31 34 36 38 40 42 44 46 48 50 52 55 56 58 60 62 64 66 69 71 72 74 ]   sup=1
                                  [2 3 5 7 9 12 14 16 17 19 21 23 25 27 29 31 34 36 38 40 42 44 46 48 50 52 54 56 58 60 62 64 66 69 70 72 74 ]   sup=1
                              [2 3 5 7 9 12 14 16 17 19 21 23 25 27 29 31 34 36 39 40 42 44 46 48 ]   sup=7
                                [2 3 5 7 9 12 14 16 17 19 21 23 25 27 29 31 34 36 39 40 42 44 46 48 50 52 ]   sup=4
                                  [2 3 5 7 9 12 14 16 17 19 21 23 25 27 29 31 34 36 39 40 42 44 46 48 50 52 55 56 58 60 62 64 66 69 71 72 ]   sup=2
                                    [2 3 5 7 9 12 14 16 17 19 21 23 25 27 29 31 34 36 39 40 42 44 46 48 50 52 55 56 58 60 62 64 66 69 71 72 75 ]   sup=1
                                    [2 3 5 7 9 12 14 16 17 19 21 23 25 27 29 31 34 36 39 40 42 44 46 48 50 52 55 56 58 60 62 64 66 69 71 72 74 ]   sup=1
                                  [2 3 5 7 9 12 14 16 17 19 21 23 25 27 29 31 34 36 39 40 42 44 46 48 50 52 54 56 58 60 ]   sup=2
                                    [2 3 5 7 9 12 14 16 17 19 21 23 25 27 29 31 34 36 39 40 42 44 46 48 50 52 54 56 58 60 62 64 66 69 71 72 75 ]   sup=1
                                    [2 3 5 7 9 12 14 16 17 19 21 23 25 27 29 31 34 36 39 40 42 44 46 48 50 52 54 56 58 60 63 64 66 69 71 72 75 ]   sup=1
                                [2 3 5 7 9 12 14 16 17 19 21 23 25 27 29 31 34 36 39 40 42 44 46 48 51 52 ]   sup=3
                                  [2 3 5 7 9 12 14 16 17 19 21 23 25 27 29 31 34 36 39 40 42 44 46 48 51 52 55 56 58 60 62 64 66 69 71 72 ]   sup=2
                                    [2 3 5 7 9 12 14 16 17 19 21 23 25 27 29 31 34 36 39 40 42 44 46 48 51 52 55 56 58 60 62 64 66 69 71 72 75 ]   sup=1
                                    [2 3 5 7 9 12 14 16 17 19 21 23 25 27 29 31 34 36 39 40 42 44 46 48 51 52 55 56 58 60 62 64 66 69 71 72 74 ]   sup=1
                                  [2 3 5 7 9 12 14 16 17 19 21 23 25 27 29 31 34 36 39 40 42 44 46 48 51 52 54 56 58 60 62 64 66 69 71 72 74 ]   sup=1
                            [2 3 5 7 9 12 14 16 17 19 21 23 25 27 29 31 35 36 38 40 42 44 46 48 50 52 55 56 58 60 62 64 66 69 71 72 ]   sup=2
                              [2 3 5 7 9 12 14 16 17 19 21 23 25 27 29 31 35 36 38 40 42 44 46 48 50 52 55 56 58 60 62 64 66 69 71 72 74 ]   sup=1
                              [2 3 5 7 9 12 14 16 17 19 21 23 25 27 29 31 35 36 38 40 42 44 46 48 50 52 55 56 58 60 62 64 66 69 71 72 75 ]   sup=1
                          [2 3 5 7 9 12 14 16 17 19 21 23 25 28 29 31 34 36 38 40 42 44 46 48 ]   sup=7
                            [2 3 5 7 9 12 14 16 17 19 21 23 25 28 29 31 34 36 38 40 42 44 46 48 50 52 ]   sup=4
                              [2 3 5 7 9 12 14 16 17 19 21 23 25 28 29 31 34 36 38 40 42 44 46 48 50 52 54 56 58 60 62 64 66 69 70 72 ]   sup=2
                                [2 3 5 7 9 12 14 16 17 19 21 23 25 28 29 31 34 36 38 40 42 44 46 48 50 52 54 56 58 60 62 64 66 69 70 72 75 ]   sup=1
                                [2 3 5 7 9 12 14 16 17 19 21 23 25 28 29 31 34 36 38 40 42 44 46 48 50 52 54 56 58 60 62 64 66 69 70 72 74 ]   sup=1
                              [2 3 5 7 9 12 14 16 17 19 21 23 25 28 29 31 34 36 38 40 42 44 46 48 50 52 55 56 58 60 62 64 66 69 70 72 ]   sup=2
                                [2 3 5 7 9 12 14 16 17 19 21 23 25 28 29 31 34 36 38 40 42 44 46 48 50 52 55 56 58 60 62 64 66 69 70 72 75 ]   sup=1
                                [2 3 5 7 9 12 14 16 17 19 21 23 25 28 29 31 34 36 38 40 42 44 46 48 50 52 55 56 58 60 62 64 66 69 70 72 74 ]   sup=1
                            [2 3 5 7 9 12 14 16 17 19 21 23 25 28 29 31 34 36 38 40 42 44 46 48 51 52 ]   sup=3
                              [2 3 5 7 9 12 14 16 17 19 21 23 25 28 29 31 34 36 38 40 42 44 46 48 51 52 54 56 58 60 62 64 66 69 70 72 74 ]   sup=1
                              [2 3 5 7 9 12 14 16 17 19 21 23 25 28 29 31 34 36 38 40 42 44 46 48 51 52 55 56 58 60 62 64 66 69 70 72 ]   sup=2
                                [2 3 5 7 9 12 14 16 17 19 21 23 25 28 29 31 34 36 38 40 42 44 46 48 51 52 55 56 58 60 62 64 66 69 70 72 75 ]   sup=1
                                [2 3 5 7 9 12 14 16 17 19 21 23 25 28 29 31 34 36 38 40 42 44 46 48 51 52 55 56 58 60 62 64 66 69 70 72 74 ]   sup=1
                    [2 3 5 7 9 12 14 16 17 20 21 23 25 ]   sup=11
                      [2 3 5 7 9 12 14 16 17 20 21 23 25 28 29 31 34 36 38 40 42 44 47 48 ]   sup=6
                        [2 3 5 7 9 12 14 16 17 20 21 23 25 28 29 31 34 36 38 40 42 44 47 48 51 52 55 56 58 60 62 64 66 69 70 72 ]   sup=2
                          [2 3 5 7 9 12 14 16 17 20 21 23 25 28 29 31 34 36 38 40 42 44 47 48 51 52 55 56 58 60 62 64 66 69 70 72 74 ]   sup=1
                          [2 3 5 7 9 12 14 16 17 20 21 23 25 28 29 31 34 36 38 40 42 44 47 48 51 52 55 56 58 60 62 64 66 69 70 72 75 ]   sup=1
                        [2 3 5 7 9 12 14 16 17 20 21 23 25 28 29 31 34 36 38 40 42 44 47 48 50 52 ]   sup=4
                          [2 3 5 7 9 12 14 16 17 20 21 23 25 28 29 31 34 36 38 40 42 44 47 48 50 52 55 56 58 60 62 64 66 69 70 72 ]   sup=2
                            [2 3 5 7 9 12 14 16 17 20 21 23 25 28 29 31 34 36 38 40 42 44 47 48 50 52 55 56 58 60 62 64 66 69 70 72 74 ]   sup=1
                            [2 3 5 7 9 12 14 16 17 20 21 23 25 28 29 31 34 36 38 40 42 44 47 48 50 52 55 56 58 60 62 64 66 69 70 72 75 ]   sup=1
                          [2 3 5 7 9 12 14 16 17 20 21 23 25 28 29 31 34 36 38 40 42 44 47 48 50 52 54 56 58 60 62 64 66 69 70 72 ]   sup=2
                            [2 3 5 7 9 12 14 16 17 20 21 23 25 28 29 31 34 36 38 40 42 44 47 48 50 52 54 56 58 60 62 64 66 69 70 72 75 ]   sup=1
                            [2 3 5 7 9 12 14 16 17 20 21 23 25 28 29 31 34 36 38 40 42 44 47 48 50 52 54 56 58 60 62 64 66 69 70 72 74 ]   sup=1
                      [2 3 5 7 9 12 14 16 17 20 21 23 25 27 29 31 34 36 ]   sup=5
                        [2 3 5 7 9 12 14 16 17 20 21 23 25 27 29 31 34 36 39 40 42 44 47 48 51 52 55 56 58 60 62 64 66 69 71 72 74 ]   sup=1
                        [2 3 5 7 9 12 14 16 17 20 21 23 25 27 29 31 34 36 38 40 42 44 47 48 ]   sup=4
                          [2 3 5 7 9 12 14 16 17 20 21 23 25 27 29 31 34 36 38 40 42 44 47 48 51 52 55 56 58 60 62 64 66 69 70 72 75 ]   sup=1
                          [2 3 5 7 9 12 14 16 17 20 21 23 25 27 29 31 34 36 38 40 42 44 47 48 50 52 ]   sup=3
                            [2 3 5 7 9 12 14 16 17 20 21 23 25 27 29 31 34 36 38 40 42 44 47 48 50 52 55 56 58 60 62 64 66 69 70 72 ]   sup=2
                              [2 3 5 7 9 12 14 16 17 20 21 23 25 27 29 31 34 36 38 40 42 44 47 48 50 52 55 56 58 60 62 64 66 69 70 72 74 ]   sup=1
                              [2 3 5 7 9 12 14 16 17 20 21 23 25 27 29 31 34 36 38 40 42 44 47 48 50 52 55 56 58 60 62 64 66 69 70 72 75 ]   sup=1
                            [2 3 5 7 9 12 14 16 17 20 21 23 25 27 29 31 34 36 38 40 42 44 47 48 50 52 54 56 58 60 62 64 66 69 70 72 75 ]   sup=1
                  [2 3 5 7 9 12 14 16 18 20 ]   sup=43
                    [2 3 5 7 9 12 14 16 18 20 21 23 25 ]   sup=31
                      [2 3 5 7 9 12 14 16 18 20 21 23 25 27 29 31 ]   sup=18
                        [2 3 5 7 9 12 14 16 18 20 21 23 25 27 29 31 35 36 38 40 42 44 46 48 50 52 55 56 58 60 62 64 66 69 71 72 ]   sup=2
                          [2 3 5 7 9 12 14 16 18 20 21 23 25 27 29 31 35 36 38 40 42 44 46 48 50 52 55 56 58 60 62 64 66 69 71 72 75 ]   sup=1
                          [2 3 5 7 9 12 14 16 18 20 21 23 25 27 29 31 35 36 38 40 42 44 46 48 50 52 55 56 58 60 62 64 66 69 71 72 74 ]   sup=1
                        [2 3 5 7 9 12 14 16 18 20 21 23 25 27 29 31 34 36 ]   sup=16
                          [2 3 5 7 9 12 14 16 18 20 21 23 25 27 29 31 34 36 39 40 42 44 46 48 ]   sup=6
                            [2 3 5 7 9 12 14 16 18 20 21 23 25 27 29 31 34 36 39 40 42 44 46 48 51 52 ]   sup=3
                              [2 3 5 7 9 12 14 16 18 20 21 23 25 27 29 31 34 36 39 40 42 44 46 48 51 52 55 56 58 60 62 64 66 69 71 72 ]   sup=2
                                [2 3 5 7 9 12 14 16 18 20 21 23 25 27 29 31 34 36 39 40 42 44 46 48 51 52 55 56 58 60 62 64 66 69 71 72 75 ]   sup=1
                                [2 3 5 7 9 12 14 16 18 20 21 23 25 27 29 31 34 36 39 40 42 44 46 48 51 52 55 56 58 60 62 64 66 69 71 72 74 ]   sup=1
                              [2 3 5 7 9 12 14 16 18 20 21 23 25 27 29 31 34 36 39 40 42 44 46 48 51 52 54 56 58 60 62 64 66 69 71 72 74 ]   sup=1
                            [2 3 5 7 9 12 14 16 18 20 21 23 25 27 29 31 34 36 39 40 42 44 46 48 50 52 ]   sup=3
                              [2 3 5 7 9 12 14 16 18 20 21 23 25 27 29 31 34 36 39 40 42 44 46 48 50 52 55 56 58 60 62 64 66 69 71 72 ]   sup=2
                                [2 3 5 7 9 12 14 16 18 20 21 23 25 27 29 31 34 36 39 40 42 44 46 48 50 52 55 56 58 60 62 64 66 69 71 72 75 ]   sup=1
                                [2 3 5 7 9 12 14 16 18 20 21 23 25 27 29 31 34 36 39 40 42 44 46 48 50 52 55 56 58 60 62 64 66 69 71 72 74 ]   sup=1
                              [2 3 5 7 9 12 14 16 18 20 21 23 25 27 29 31 34 36 39 40 42 44 46 48 50 52 54 56 58 60 62 64 66 69 71 72 75 ]   sup=1
                          [2 3 5 7 9 12 14 16 18 20 21 23 25 27 29 31 34 36 38 40 42 44 ]   sup=10
                            [2 3 5 7 9 12 14 16 18 20 21 23 25 27 29 31 34 36 38 40 42 44 47 48 50 52 ]   sup=3
                              [2 3 5 7 9 12 14 16 18 20 21 23 25 27 29 31 34 36 38 40 42 44 47 48 50 52 54 56 58 60 62 64 66 69 70 72 75 ]   sup=1
                              [2 3 5 7 9 12 14 16 18 20 21 23 25 27 29 31 34 36 38 40 42 44 47 48 50 52 55 56 58 60 62 64 66 69 70 72 ]   sup=2
                                [2 3 5 7 9 12 14 16 18 20 21 23 25 27 29 31 34 36 38 40 42 44 47 48 50 52 55 56 58 60 62 64 66 69 70 72 74 ]   sup=1
                                [2 3 5 7 9 12 14 16 18 20 21 23 25 27 29 31 34 36 38 40 42 44 47 48 50 52 55 56 58 60 62 64 66 69 70 72 75 ]   sup=1
                            [2 3 5 7 9 12 14 16 18 20 21 23 25 27 29 31 34 36 38 40 42 44 46 48 ]   sup=7
                              [2 3 5 7 9 12 14 16 18 20 21 23 25 27 29 31 34 36 38 40 42 44 46 48 50 52 ]   sup=6
                                [2 3 5 7 9 12 14 16 18 20 21 23 25 27 29 31 34 36 38 40 42 44 46 48 50 52 54 56 58 60 62 64 66 69 70 72 74 ]   sup=1
                                [2 3 5 7 9 12 14 16 18 20 21 23 25 27 29 31 34 36 38 40 42 44 46 48 50 52 55 ]   sup=5
                                  [2 3 5 7 9 12 14 16 18 20 21 23 25 27 29 31 34 36 38 40 42 44 46 48 50 52 55 56 58 60 62 64 66 69 ]   sup=4
                                    [2 3 5 7 9 12 14 16 18 20 21 23 25 27 29 31 34 36 38 40 42 44 46 48 50 52 55 56 58 60 62 64 66 69 70 72 ]   sup=2
                                      [2 3 5 7 9 12 14 16 18 20 21 23 25 27 29 31 34 36 38 40 42 44 46 48 50 52 55 56 58 60 62 64 66 69 70 72 75 ]   sup=1
                                      [2 3 5 7 9 12 14 16 18 20 21 23 25 27 29 31 34 36 38 40 42 44 46 48 50 52 55 56 58 60 62 64 66 69 70 72 74 ]   sup=1
                                    [2 3 5 7 9 12 14 16 18 20 21 23 25 27 29 31 34 36 38 40 42 44 46 48 50 52 55 56 58 60 62 64 66 69 71 72 ]   sup=2
                                      [2 3 5 7 9 12 14 16 18 20 21 23 25 27 29 31 34 36 38 40 42 44 46 48 50 52 55 56 58 60 62 64 66 69 71 72 74 ]   sup=1
                                      [2 3 5 7 9 12 14 16 18 20 21 23 25 27 29 31 34 36 38 40 42 44 46 48 50 52 55 56 58 60 62 64 66 69 71 72 75 ]   sup=1
                                  [2 3 5 7 9 12 14 16 18 20 21 23 25 27 29 31 34 36 38 40 42 44 46 48 50 52 55 57 58 60 62 64 66 69 71 72 75 ]   sup=1
                              [2 3 5 7 9 12 14 16 18 20 21 23 25 27 29 31 34 36 38 40 42 44 46 48 51 52 55 56 58 60 62 64 66 69 70 72 74 ]   sup=1
                      [2 3 5 7 9 12 14 16 18 20 21 23 25 28 29 31 34 36 ]   sup=13
                        [2 3 5 7 9 12 14 16 18 20 21 23 25 28 29 31 34 36 39 40 42 44 46 48 51 52 55 56 58 60 62 64 66 69 71 72 74 ]   sup=1
                        [2 3 5 7 9 12 14 16 18 20 21 23 25 28 29 31 34 36 38 40 42 44 ]   sup=12
                          [2 3 5 7 9 12 14 16 18 20 21 23 25 28 29 31 34 36 38 40 42 44 46 48 ]   sup=7
                            [2 3 5 7 9 12 14 16 18 20 21 23 25 28 29 31 34 36 38 40 42 44 46 48 50 52 ]   sup=5
                              [2 3 5 7 9 12 14 16 18 20 21 23 25 28 29 31 34 36 38 40 42 44 46 48 50 52 55 56 58 60 62 64 66 69 ]   sup=2
                                [2 3 5 7 9 12 14 16 18 20 21 23 25 28 29 31 34 36 38 40 42 44 46 48 50 52 55 56 58 60 62 64 66 69 71 72 74 ]   sup=1
                                [2 3 5 7 9 12 14 16 18 20 21 23 25 28 29 31 34 36 38 40 42 44 46 48 50 52 55 56 58 60 62 64 66 69 70 72 74 ]   sup=1
                              [2 3 5 7 9 12 14 16 18 20 21 23 25 28 29 31 34 36 38 40 42 44 46 48 50 52 54 56 58 60 62 64 66 69 ]   sup=3
                                [2 3 5 7 9 12 14 16 18 20 21 23 25 28 29 31 34 36 38 40 42 44 46 48 50 52 54 56 58 60 62 64 66 69 71 72 ]   sup=2
                                  [2 3 5 7 9 12 14 16 18 20 21 23 25 28 29 31 34 36 38 40 42 44 46 48 50 52 54 56 58 60 62 64 66 69 71 72 74 ]   sup=1
                                  [2 3 5 7 9 12 14 16 18 20 21 23 25 28 29 31 34 36 38 40 42 44 46 48 50 52 54 56 58 60 62 64 66 69 71 72 75 ]   sup=1
                                [2 3 5 7 9 12 14 16 18 20 21 23 25 28 29 31 34 36 38 40 42 44 46 48 50 52 54 56 58 60 62 64 66 69 70 72 74 ]   sup=1
                            [2 3 5 7 9 12 14 16 18 20 21 23 25 28 29 31 34 36 38 40 42 44 46 48 51 52 ]   sup=2
                              [2 3 5 7 9 12 14 16 18 20 21 23 25 28 29 31 34 36 38 40 42 44 46 48 51 52 55 56 58 60 62 64 66 69 70 72 74 ]   sup=1
                              [2 3 5 7 9 12 14 16 18 20 21 23 25 28 29 31 34 36 38 40 42 44 46 48 51 52 54 56 58 60 62 64 66 69 70 72 74 ]   sup=1
                          [2 3 5 7 9 12 14 16 18 20 21 23 25 28 29 31 34 36 38 40 42 44 47 48 50 52 ]   sup=5
                            [2 3 5 7 9 12 14 16 18 20 21 23 25 28 29 31 34 36 38 40 42 44 47 48 50 52 55 ]   sup=3
                              [2 3 5 7 9 12 14 16 18 20 21 23 25 28 29 31 34 36 38 40 42 44 47 48 50 52 55 56 58 60 62 64 66 69 70 72 ]   sup=2
                                [2 3 5 7 9 12 14 16 18 20 21 23 25 28 29 31 34 36 38 40 42 44 47 48 50 52 55 56 58 60 62 64 66 69 70 72 74 ]   sup=1
                                [2 3 5 7 9 12 14 16 18 20 21 23 25 28 29 31 34 36 38 40 42 44 47 48 50 52 55 56 58 60 62 64 66 69 70 72 75 ]   sup=1
                              [2 3 5 7 9 12 14 16 18 20 21 23 25 28 29 31 34 36 38 40 42 44 47 48 50 52 55 57 58 60 62 64 66 69 70 72 75 ]   sup=1
                            [2 3 5 7 9 12 14 16 18 20 21 23 25 28 29 31 34 36 38 40 42 44 47 48 50 52 54 56 58 60 62 64 66 69 70 72 ]   sup=2
                              [2 3 5 7 9 12 14 16 18 20 21 23 25 28 29 31 34 36 38 40 42 44 47 48 50 52 54 56 58 60 62 64 66 69 70 72 74 ]   sup=1
                              [2 3 5 7 9 12 14 16 18 20 21 23 25 28 29 31 34 36 38 40 42 44 47 48 50 52 54 56 58 60 62 64 66 69 70 72 75 ]   sup=1
                    [2 3 5 7 9 12 14 16 18 20 22 ]   sup=12
                      [2 3 5 7 9 12 14 16 18 20 22 23 25 ]   sup=11
                        [2 3 5 7 9 12 14 16 18 20 22 23 25 27 29 31 34 36 38 40 42 44 46 48 50 52 ]   sup=5
                          [2 3 5 7 9 12 14 16 18 20 22 23 25 27 29 31 34 36 38 40 42 44 46 48 50 52 54 56 58 60 62 64 66 ]   sup=3
                            [2 3 5 7 9 12 14 16 18 20 22 23 25 27 29 31 34 36 38 40 42 44 46 48 50 52 54 56 58 60 62 64 66 68 70 72 ]   sup=2
                              [2 3 5 7 9 12 14 16 18 20 22 23 25 27 29 31 34 36 38 40 42 44 46 48 50 52 54 56 58 60 62 64 66 68 70 72 75 ]   sup=1
                              [2 3 5 7 9 12 14 16 18 20 22 23 25 27 29 31 34 36 38 40 42 44 46 48 50 52 54 56 58 60 62 64 66 68 70 72 74 ]   sup=1
                            [2 3 5 7 9 12 14 16 18 20 22 23 25 27 29 31 34 36 38 40 42 44 46 48 50 52 54 56 58 60 62 64 66 69 70 72 74 ]   sup=1
                          [2 3 5 7 9 12 14 16 18 20 22 23 25 27 29 31 34 36 38 40 42 44 46 48 50 52 55 56 58 60 62 64 66 ]   sup=2
                            [2 3 5 7 9 12 14 16 18 20 22 23 25 27 29 31 34 36 38 40 42 44 46 48 50 52 55 56 58 60 62 64 66 69 70 72 75 ]   sup=1
                            [2 3 5 7 9 12 14 16 18 20 22 23 25 27 29 31 34 36 38 40 42 44 46 48 50 52 55 56 58 60 62 64 66 68 70 72 75 ]   sup=1
                        [2 3 5 7 9 12 14 16 18 20 22 23 25 28 29 31 34 36 38 40 42 44 46 48 50 52 ]   sup=6
                          [2 3 5 7 9 12 14 16 18 20 22 23 25 28 29 31 34 36 38 40 42 44 46 48 50 52 55 56 58 60 62 64 66 ]   sup=3
                            [2 3 5 7 9 12 14 16 18 20 22 23 25 28 29 31 34 36 38 40 42 44 46 48 50 52 55 56 58 60 62 64 66 69 70 72 74 ]   sup=1
                            [2 3 5 7 9 12 14 16 18 20 22 23 25 28 29 31 34 36 38 40 42 44 46 48 50 52 55 56 58 60 62 64 66 68 70 72 ]   sup=2
                              [2 3 5 7 9 12 14 16 18 20 22 23 25 28 29 31 34 36 38 40 42 44 46 48 50 52 55 56 58 60 62 64 66 68 70 72 75 ]   sup=1
                              [2 3 5 7 9 12 14 16 18 20 22 23 25 28 29 31 34 36 38 40 42 44 46 48 50 52 55 56 58 60 62 64 66 68 70 72 74 ]   sup=1
                          [2 3 5 7 9 12 14 16 18 20 22 23 25 28 29 31 34 36 38 40 42 44 46 48 50 52 54 56 58 60 62 64 66 ]   sup=3
                            [2 3 5 7 9 12 14 16 18 20 22 23 25 28 29 31 34 36 38 40 42 44 46 48 50 52 54 56 58 60 62 64 66 68 70 72 ]   sup=2
                              [2 3 5 7 9 12 14 16 18 20 22 23 25 28 29 31 34 36 38 40 42 44 46 48 50 52 54 56 58 60 62 64 66 68 70 72 74 ]   sup=1
                              [2 3 5 7 9 12 14 16 18 20 22 23 25 28 29 31 34 36 38 40 42 44 46 48 50 52 54 56 58 60 62 64 66 68 70 72 75 ]   sup=1
                            [2 3 5 7 9 12 14 16 18 20 22 23 25 28 29 31 34 36 38 40 42 44 46 48 50 52 54 56 58 60 62 64 66 69 70 72 74 ]   sup=1
                      [2 3 5 7 9 12 14 16 18 20 22 24 25 28 29 31 34 36 38 40 42 44 46 48 50 52 54 56 58 60 62 64 66 68 70 72 74 ]   sup=1
                [2 3 5 7 9 12 14 15 ]   sup=38
                  [2 3 5 7 9 12 14 15 17 ]   sup=4
                    [2 3 5 7 9 12 14 15 17 19 21 23 25 28 29 31 34 36 38 40 42 44 46 48 50 52 55 ]   sup=2
                      [2 3 5 7 9 12 14 15 17 19 21 23 25 28 29 31 34 36 38 40 42 44 46 48 50 52 55 56 58 60 62 64 66 69 70 72 75 ]   sup=1
                      [2 3 5 7 9 12 14 15 17 19 21 23 25 28 29 31 34 36 38 40 42 44 46 48 50 52 55 57 58 60 62 64 66 69 70 72 75 ]   sup=1
                    [2 3 5 7 9 12 14 15 17 20 21 23 25 28 29 31 34 36 38 40 42 44 47 48 50 52 55 ]   sup=2
                      [2 3 5 7 9 12 14 15 17 20 21 23 25 28 29 31 34 36 38 40 42 44 47 48 50 52 55 56 58 60 62 64 66 69 70 72 75 ]   sup=1
                      [2 3 5 7 9 12 14 15 17 20 21 23 25 28 29 31 34 36 38 40 42 44 47 48 50 52 55 57 58 60 62 64 66 69 70 72 75 ]   sup=1
                  [2 3 5 7 9 12 14 15 18 20 22 ]   sup=34
                    [2 3 5 7 9 12 14 15 18 20 22 23 25 ]   sup=21
                      [2 3 5 7 9 12 14 15 18 20 22 23 25 28 29 31 34 36 38 40 42 44 46 48 50 52 ]   sup=7
                        [2 3 5 7 9 12 14 15 18 20 22 23 25 28 29 31 34 36 38 40 42 44 46 48 50 52 54 56 58 60 62 64 66 ]   sup=3
                          [2 3 5 7 9 12 14 15 18 20 22 23 25 28 29 31 34 36 38 40 42 44 46 48 50 52 54 56 58 60 62 64 66 69 70 72 ]   sup=2
                            [2 3 5 7 9 12 14 15 18 20 22 23 25 28 29 31 34 36 38 40 42 44 46 48 50 52 54 56 58 60 62 64 66 69 70 72 74 ]   sup=1
                            [2 3 5 7 9 12 14 15 18 20 22 23 25 28 29 31 34 36 38 40 42 44 46 48 50 52 54 56 58 60 62 64 66 69 70 72 75 ]   sup=1
                          [2 3 5 7 9 12 14 15 18 20 22 23 25 28 29 31 34 36 38 40 42 44 46 48 50 52 54 56 58 60 62 64 66 68 70 72 74 ]   sup=1
                        [2 3 5 7 9 12 14 15 18 20 22 23 25 28 29 31 34 36 38 40 42 44 46 48 50 52 55 ]   sup=4
                          [2 3 5 7 9 12 14 15 18 20 22 23 25 28 29 31 34 36 38 40 42 44 46 48 50 52 55 56 58 60 62 64 66 ]   sup=3
                            [2 3 5 7 9 12 14 15 18 20 22 23 25 28 29 31 34 36 38 40 42 44 46 48 50 52 55 56 58 60 62 64 66 69 70 72 74 ]   sup=1
                            [2 3 5 7 9 12 14 15 18 20 22 23 25 28 29 31 34 36 38 40 42 44 46 48 50 52 55 56 58 60 62 64 66 68 70 72 ]   sup=2
                              [2 3 5 7 9 12 14 15 18 20 22 23 25 28 29 31 34 36 38 40 42 44 46 48 50 52 55 56 58 60 62 64 66 68 70 72 74 ]   sup=1
                              [2 3 5 7 9 12 14 15 18 20 22 23 25 28 29 31 34 36 38 40 42 44 46 48 50 52 55 56 58 60 62 64 66 68 70 72 75 ]   sup=1
                          [2 3 5 7 9 12 14 15 18 20 22 23 25 28 29 31 34 36 38 40 42 44 46 48 50 52 55 57 58 60 62 64 66 69 70 72 75 ]   sup=1
                      [2 3 5 7 9 12 14 15 18 20 22 23 25 27 29 31 34 36 ]   sup=14
                        [2 3 5 7 9 12 14 15 18 20 22 23 25 27 29 31 34 36 39 40 42 44 46 48 50 52 ]   sup=8
                          [2 3 5 7 9 12 14 15 18 20 22 23 25 27 29 31 34 36 39 40 42 44 46 48 50 52 55 ]   sup=4
                            [2 3 5 7 9 12 14 15 18 20 22 23 25 27 29 31 34 36 39 40 42 44 46 48 50 52 55 56 58 60 62 64 66 ]   sup=3
                              [2 3 5 7 9 12 14 15 18 20 22 23 25 27 29 31 34 36 39 40 42 44 46 48 50 52 55 56 58 60 62 64 66 69 71 72 74 ]   sup=1
                              [2 3 5 7 9 12 14 15 18 20 22 23 25 27 29 31 34 36 39 40 42 44 46 48 50 52 55 56 58 60 62 64 66 68 ]   sup=2
                                [2 3 5 7 9 12 14 15 18 20 22 23 25 27 29 31 34 36 39 40 42 44 46 48 50 52 55 56 58 60 62 64 66 68 71 72 74 ]   sup=1
                                [2 3 5 7 9 12 14 15 18 20 22 23 25 27 29 31 34 36 39 40 42 44 46 48 50 52 55 56 58 60 62 64 66 68 70 72 74 ]   sup=1
                            [2 3 5 7 9 12 14 15 18 20 22 23 25 27 29 31 34 36 39 40 42 44 46 48 50 52 55 57 58 60 62 64 66 69 71 72 75 ]   sup=1
                          [2 3 5 7 9 12 14 15 18 20 22 23 25 27 29 31 34 36 39 40 42 44 46 48 50 52 54 56 58 60 ]   sup=4
                            [2 3 5 7 9 12 14 15 18 20 22 23 25 27 29 31 34 36 39 40 42 44 46 48 50 52 54 56 58 60 62 64 66 ]   sup=3
                              [2 3 5 7 9 12 14 15 18 20 22 23 25 27 29 31 34 36 39 40 42 44 46 48 50 52 54 56 58 60 62 64 66 69 71 72 75 ]   sup=1
                              [2 3 5 7 9 12 14 15 18 20 22 23 25 27 29 31 34 36 39 40 42 44 46 48 50 52 54 56 58 60 62 64 66 68 ]   sup=2
                                [2 3 5 7 9 12 14 15 18 20 22 23 25 27 29 31 34 36 39 40 42 44 46 48 50 52 54 56 58 60 62 64 66 68 70 72 74 ]   sup=1
                                [2 3 5 7 9 12 14 15 18 20 22 23 25 27 29 31 34 36 39 40 42 44 46 48 50 52 54 56 58 60 62 64 66 68 71 72 74 ]   sup=1
                            [2 3 5 7 9 12 14 15 18 20 22 23 25 27 29 31 34 36 39 40 42 44 46 48 50 52 54 56 58 60 63 64 66 69 71 72 75 ]   sup=1
                        [2 3 5 7 9 12 14 15 18 20 22 23 25 27 29 31 34 36 38 40 42 44 46 48 50 52 ]   sup=6
                          [2 3 5 7 9 12 14 15 18 20 22 23 25 27 29 31 34 36 38 40 42 44 46 48 50 52 54 56 58 60 62 64 66 68 70 72 74 ]   sup=1
                          [2 3 5 7 9 12 14 15 18 20 22 23 25 27 29 31 34 36 38 40 42 44 46 48 50 52 55 ]   sup=5
                            [2 3 5 7 9 12 14 15 18 20 22 23 25 27 29 31 34 36 38 40 42 44 46 48 50 52 55 57 58 60 ]   sup=2
                              [2 3 5 7 9 12 14 15 18 20 22 23 25 27 29 31 34 36 38 40 42 44 46 48 50 52 55 57 58 60 63 64 66 69 70 72 75 ]   sup=1
                              [2 3 5 7 9 12 14 15 18 20 22 23 25 27 29 31 34 36 38 40 42 44 46 48 50 52 55 57 58 60 62 64 66 69 70 72 75 ]   sup=1
                            [2 3 5 7 9 12 14 15 18 20 22 23 25 27 29 31 34 36 38 40 42 44 46 48 50 52 55 56 58 60 62 64 66 ]   sup=3
                              [2 3 5 7 9 12 14 15 18 20 22 23 25 27 29 31 34 36 38 40 42 44 46 48 50 52 55 56 58 60 62 64 66 69 70 72 74 ]   sup=1
                              [2 3 5 7 9 12 14 15 18 20 22 23 25 27 29 31 34 36 38 40 42 44 46 48 50 52 55 56 58 60 62 64 66 68 70 72 ]   sup=2
                                [2 3 5 7 9 12 14 15 18 20 22 23 25 27 29 31 34 36 38 40 42 44 46 48 50 52 55 56 58 60 62 64 66 68 70 72 74 ]   sup=1
                                [2 3 5 7 9 12 14 15 18 20 22 23 25 27 29 31 34 36 38 40 42 44 46 48 50 52 55 56 58 60 62 64 66 68 70 72 75 ]   sup=1
                    [2 3 5 7 9 12 14 15 18 20 22 24 25 ]   sup=13
                      [2 3 5 7 9 12 14 15 18 20 22 24 25 28 29 ]   sup=3
                        [2 3 5 7 9 12 14 15 18 20 22 24 25 28 29 33 34 36 38 40 42 44 46 48 50 52 54 56 58 60 62 64 66 68 70 72 74 ]   sup=1
                        [2 3 5 7 9 12 14 15 18 20 22 24 25 28 29 31 34 36 38 40 42 44 46 48 50 52 54 56 58 60 62 64 66 68 70 ]   sup=2
                          [2 3 5 7 9 12 14 15 18 20 22 24 25 28 29 31 34 36 38 40 42 44 46 48 50 52 54 56 58 60 62 64 66 68 70 73 74 ]   sup=1
                          [2 3 5 7 9 12 14 15 18 20 22 24 25 28 29 31 34 36 38 40 42 44 46 48 50 52 54 56 58 60 62 64 66 68 70 72 74 ]   sup=1
                      [2 3 5 7 9 12 14 15 18 20 22 24 25 27 29 ]   sup=10
                        [2 3 5 7 9 12 14 15 18 20 22 24 25 27 29 32 34 36 39 40 ]   sup=3
                          [2 3 5 7 9 12 14 15 18 20 22 24 25 27 29 32 34 36 39 40 43 44 46 48 50 52 54 56 58 60 62 64 66 68 71 73 74 ]   sup=1
                          [2 3 5 7 9 12 14 15 18 20 22 24 25 27 29 32 34 36 39 40 42 44 46 48 50 52 54 56 58 60 62 64 66 68 71 ]   sup=2
                            [2 3 5 7 9 12 14 15 18 20 22 24 25 27 29 32 34 36 39 40 42 44 46 48 50 52 54 56 58 60 62 64 66 68 71 72 74 ]   sup=1
                            [2 3 5 7 9 12 14 15 18 20 22 24 25 27 29 32 34 36 39 40 42 44 46 48 50 52 54 56 58 60 62 64 66 68 71 73 74 ]   sup=1
                        [2 3 5 7 9 12 14 15 18 20 22 24 25 27 29 33 34 36 38 40 42 44 46 48 50 52 54 56 58 60 62 64 66 68 70 72 74 ]   sup=1
                        [2 3 5 7 9 12 14 15 18 20 22 24 25 27 29 31 34 36 ]   sup=6
                          [2 3 5 7 9 12 14 15 18 20 22 24 25 27 29 31 34 36 39 40 ]   sup=5
                            [2 3 5 7 9 12 14 15 18 20 22 24 25 27 29 31 34 36 39 40 43 44 46 48 50 52 54 56 58 60 62 64 66 68 71 73 74 ]   sup=1
                            [2 3 5 7 9 12 14 15 18 20 22 24 25 27 29 31 34 36 39 40 42 44 46 48 50 52 54 56 58 60 62 ]   sup=4
                              [2 3 5 7 9 12 14 15 18 20 22 24 25 27 29 31 34 36 39 40 42 44 46 48 50 52 54 56 58 60 62 64 66 ]   sup=3
                                [2 3 5 7 9 12 14 15 18 20 22 24 25 27 29 31 34 36 39 40 42 44 46 48 50 52 54 56 58 60 62 64 66 69 71 73 74 ]   sup=1
                                [2 3 5 7 9 12 14 15 18 20 22 24 25 27 29 31 34 36 39 40 42 44 46 48 50 52 54 56 58 60 62 64 66 68 71 ]   sup=2
                                  [2 3 5 7 9 12 14 15 18 20 22 24 25 27 29 31 34 36 39 40 42 44 46 48 50 52 54 56 58 60 62 64 66 68 71 73 74 ]   sup=1
                                  [2 3 5 7 9 12 14 15 18 20 22 24 25 27 29 31 34 36 39 40 42 44 46 48 50 52 54 56 58 60 62 64 66 68 71 72 74 ]   sup=1
                              [2 3 5 7 9 12 14 15 18 20 22 24 25 27 29 31 34 36 39 40 42 44 46 48 50 52 54 56 58 60 62 65 66 69 71 73 74 ]   sup=1
                          [2 3 5 7 9 12 14 15 18 20 22 24 25 27 29 31 34 36 38 40 42 44 46 48 50 52 54 56 58 60 62 64 66 68 70 72 74 ]   sup=1
  [1 ]   sup=1669
    [1 3 ]   sup=1482
      [1 3 5 ]   sup=1376
        [1 3 5 8 9 ]   sup=25
          [1 3 5 8 9 12 ]   sup=10
            [1 3 5 8 9 12 13 16 18 20 22 23 25 27 29 31 34 36 39 40 42 45 46 48 51 52 55 56 58 60 62 64 66 68 71 72 75 ]   sup=1
            [1 3 5 8 9 12 14 16 17 19 21 23 25 ]   sup=9
              [1 3 5 8 9 12 14 16 17 19 21 23 25 27 29 31 34 36 ]   sup=5
                [1 3 5 8 9 12 14 16 17 19 21 23 25 27 29 31 34 36 38 40 42 44 46 48 51 52 ]   sup=2
                  [1 3 5 8 9 12 14 16 17 19 21 23 25 27 29 31 34 36 38 40 42 44 46 48 51 52 54 56 58 60 62 64 66 68 71 72 74 ]   sup=1
                  [1 3 5 8 9 12 14 16 17 19 21 23 25 27 29 31 34 36 38 40 42 44 46 48 51 52 55 56 58 60 62 64 66 68 71 72 75 ]   sup=1
                [1 3 5 8 9 12 14 16 17 19 21 23 25 27 29 31 34 36 39 40 42 44 46 48 51 52 ]   sup=3
                  [1 3 5 8 9 12 14 16 17 19 21 23 25 27 29 31 34 36 39 40 42 44 46 48 51 52 54 56 58 60 62 64 66 68 71 72 ]   sup=2
                    [1 3 5 8 9 12 14 16 17 19 21 23 25 27 29 31 34 36 39 40 42 44 46 48 51 52 54 56 58 60 62 64 66 68 71 72 74 ]   sup=1
                    [1 3 5 8 9 12 14 16 17 19 21 23 25 27 29 31 34 36 39 40 42 44 46 48 51 52 54 56 58 60 62 64 66 68 71 72 75 ]   sup=1
                  [1 3 5 8 9 12 14 16 17 19 21 23 25 27 29 31 34 36 39 40 42 44 46 48 51 52 55 56 58 60 62 64 66 68 71 72 75 ]   sup=1
              [1 3 5 8 9 12 14 16 17 19 21 23 25 28 29 31 34 36 38 40 42 44 46 48 51 52 ]   sup=4
                [1 3 5 8 9 12 14 16 17 19 21 23 25 28 29 31 34 36 38 40 42 44 46 48 51 52 54 56 58 60 62 64 66 68 71 72 ]   sup=2
                  [1 3 5 8 9 12 14 16 17 19 21 23 25 28 29 31 34 36 38 40 42 44 46 48 51 52 54 56 58 60 62 64 66 68 71 72 75 ]   sup=1
                  [1 3 5 8 9 12 14 16 17 19 21 23 25 28 29 31 34 36 38 40 42 44 46 48 51 52 54 56 58 60 62 64 66 68 71 72 74 ]   sup=1
                [1 3 5 8 9 12 14 16 17 19 21 23 25 28 29 31 34 36 38 40 42 44 46 48 51 52 55 56 58 60 62 64 66 68 71 72 ]   sup=2
                  [1 3 5 8 9 12 14 16 17 19 21 23 25 28 29 31 34 36 38 40 42 44 46 48 51 52 55 56 58 60 62 64 66 68 71 72 74 ]   sup=1
                  [1 3 5 8 9 12 14 16 17 19 21 23 25 28 29 31 34 36 38 40 42 44 46 48 51 52 55 56 58 60 62 64 66 68 71 72 75 ]   sup=1
          [1 3 5 8 9 11 ]   sup=15
            [1 3 5 8 9 11 14 ]   sup=14
              [1 3 5 8 9 11 14 16 17 19 21 23 25 27 29 31 34 36 38 40 42 44 46 48 51 52 55 56 58 60 62 64 66 68 71 72 ]   sup=2
                [1 3 5 8 9 11 14 16 17 19 21 23 25 27 29 31 34 36 38 40 42 44 46 48 51 52 55 56 58 60 62 64 66 68 71 72 74 ]   sup=1
                [1 3 5 8 9 11 14 16 17 19 21 23 25 27 29 31 34 36 38 40 42 44 46 48 51 52 55 56 58 60 62 64 66 68 71 72 75 ]   sup=1
              [1 3 5 8 9 11 14 15 17 19 21 23 25 ]   sup=12
                [1 3 5 8 9 11 14 15 17 19 21 23 25 28 29 31 34 36 38 40 42 44 46 48 51 52 ]   sup=4
                  [1 3 5 8 9 11 14 15 17 19 21 23 25 28 29 31 34 36 38 40 42 44 46 48 51 52 55 56 58 60 62 64 66 68 71 72 ]   sup=2
                    [1 3 5 8 9 11 14 15 17 19 21 23 25 28 29 31 34 36 38 40 42 44 46 48 51 52 55 56 58 60 62 64 66 68 71 72 74 ]   sup=1
                    [1 3 5 8 9 11 14 15 17 19 21 23 25 28 29 31 34 36 38 40 42 44 46 48 51 52 55 56 58 60 62 64 66 68 71 72 75 ]   sup=1
                  [1 3 5 8 9 11 14 15 17 19 21 23 25 28 29 31 34 36 38 40 42 44 46 48 51 52 54 56 58 60 62 64 66 68 71 72 ]   sup=2
                    [1 3 5 8 9 11 14 15 17 19 21 23 25 28 29 31 34 36 38 40 42 44 46 48 51 52 54 56 58 60 62 64 66 68 71 72 75 ]   sup=1
                    [1 3 5 8 9 11 14 15 17 19 21 23 25 28 29 31 34 36 38 40 42 44 46 48 51 52 54 56 58 60 62 64 66 68 71 72 74 ]   sup=1
                [1 3 5 8 9 11 14 15 17 19 21 23 25 27 29 31 34 36 ]   sup=8
                  [1 3 5 8 9 11 14 15 17 19 21 23 25 27 29 31 34 36 39 40 42 ]   sup=6
                    [1 3 5 8 9 11 14 15 17 19 21 23 25 27 29 31 34 36 39 40 42 44 46 48 51 52 ]   sup=3
                      [1 3 5 8 9 11 14 15 17 19 21 23 25 27 29 31 34 36 39 40 42 44 46 48 51 52 55 56 58 60 62 64 66 68 71 72 75 ]   sup=1
                      [1 3 5 8 9 11 14 15 17 19 21 23 25 27 29 31 34 36 39 40 42 44 46 48 51 52 54 56 58 60 62 64 66 68 71 72 ]   sup=2
                        [1 3 5 8 9 11 14 15 17 19 21 23 25 27 29 31 34 36 39 40 42 44 46 48 51 52 54 56 58 60 62 64 66 68 71 72 74 ]   sup=1
                        [1 3 5 8 9 11 14 15 17 19 21 23 25 27 29 31 34 36 39 40 42 44 46 48 51 52 54 56 58 60 62 64 66 68 71 72 75 ]   sup=1
                    [1 3 5 8 9 11 14 15 17 19 21 23 25 27 29 31 34 36 39 40 42 45 46 48 51 52 ]   sup=3
                      [1 3 5 8 9 11 14 15 17 19 21 23 25 27 29 31 34 36 39 40 42 45 46 48 51 52 55 56 58 60 62 64 66 ]   sup=2
                        [1 3 5 8 9 11 14 15 17 19 21 23 25 27 29 31 34 36 39 40 42 45 46 48 51 52 55 56 58 60 62 64 66 68 71 72 75 ]   sup=1
                        [1 3 5 8 9 11 14 15 17 19 21 23 25 27 29 31 34 36 39 40 42 45 46 48 51 52 55 56 58 60 62 64 66 69 71 72 75 ]   sup=1
                      [1 3 5 8 9 11 14 15 17 19 21 23 25 27 29 31 34 36 39 40 42 45 46 48 51 52 54 56 58 60 62 64 66 68 71 72 75 ]   sup=1
                  [1 3 5 8 9 11 14 15 17 19 21 23 25 27 29 31 34 36 38 40 42 44 46 48 51 52 ]   sup=2
                    [1 3 5 8 9 11 14 15 17 19 21 23 25 27 29 31 34 36 38 40 42 44 46 48 51 52 54 56 58 60 62 64 66 68 71 72 74 ]   sup=1
                    [1 3 5 8 9 11 14 15 17 19 21 23 25 27 29 31 34 36 38 40 42 44 46 48 51 52 55 56 58 60 62 64 66 68 71 72 75 ]   sup=1
            [1 3 5 8 9 11 13 16 17 19 22 23 26 27 29 31 34 36 38 40 43 45 46 48 51 52 54 56 58 60 62 64 67 69 70 73 74 ]   sup=1
        [1 3 5 7 ]   sup=1351
          [1 3 5 7 10 ]   sup=127
            [1 3 5 7 10 12 ]   sup=71
              [1 3 5 7 10 12 13 15 17 ]   sup=12
                [1 3 5 7 10 12 13 15 17 20 21 24 25 ]   sup=2
                  [1 3 5 7 10 12 13 15 17 20 21 24 25 27 29 31 34 36 39 40 43 44 47 48 50 52 54 56 58 60 62 65 66 68 71 72 74 ]   sup=1
                  [1 3 5 7 10 12 13 15 17 20 21 24 25 28 29 31 34 36 38 40 42 44 47 48 50 52 54 56 58 60 62 64 66 68 70 72 74 ]   sup=1
                [1 3 5 7 10 12 13 15 17 19 ]   sup=10
                  [1 3 5 7 10 12 13 15 17 19 21 24 25 ]   sup=8
                    [1 3 5 7 10 12 13 15 17 19 21 24 25 27 29 ]   sup=7
                      [1 3 5 7 10 12 13 15 17 19 21 24 25 27 29 32 34 36 39 40 ]   sup=4
                        [1 3 5 7 10 12 13 15 17 19 21 24 25 27 29 32 34 36 39 40 43 45 46 48 50 52 54 56 58 60 62 65 66 68 71 ]   sup=2
                          [1 3 5 7 10 12 13 15 17 19 21 24 25 27 29 32 34 36 39 40 43 45 46 48 50 52 54 56 58 60 62 65 66 68 71 73 74 ]   sup=1
                          [1 3 5 7 10 12 13 15 17 19 21 24 25 27 29 32 34 36 39 40 43 45 46 48 50 52 54 56 58 60 62 65 66 68 71 72 74 ]   sup=1
                        [1 3 5 7 10 12 13 15 17 19 21 24 25 27 29 32 34 36 39 40 42 45 46 48 50 52 54 56 58 60 62 65 66 68 71 ]   sup=2
                          [1 3 5 7 10 12 13 15 17 19 21 24 25 27 29 32 34 36 39 40 42 45 46 48 50 52 54 56 58 60 62 65 66 68 71 73 74 ]   sup=1
                          [1 3 5 7 10 12 13 15 17 19 21 24 25 27 29 32 34 36 39 40 42 45 46 48 50 52 54 56 58 60 62 65 66 68 71 72 74 ]   sup=1
                      [1 3 5 7 10 12 13 15 17 19 21 24 25 27 29 31 34 36 39 40 ]   sup=3
                        [1 3 5 7 10 12 13 15 17 19 21 24 25 27 29 31 34 36 39 40 42 ]   sup=2
                          [1 3 5 7 10 12 13 15 17 19 21 24 25 27 29 31 34 36 39 40 42 44 46 48 50 52 54 56 58 60 62 65 66 68 71 72 74 ]   sup=1
                          [1 3 5 7 10 12 13 15 17 19 21 24 25 27 29 31 34 36 39 40 42 45 46 48 50 52 54 56 58 60 62 65 66 69 71 73 74 ]   sup=1
                        [1 3 5 7 10 12 13 15 17 19 21 24 25 27 29 31 34 36 39 40 43 45 46 48 50 52 54 56 58 60 62 65 66 69 71 73 74 ]   sup=1
                    [1 3 5 7 10 12 13 15 17 19 21 24 25 28 29 31 34 36 38 40 42 44 46 48 50 52 54 56 58 60 62 64 66 68 70 72 74 ]   sup=1
                  [1 3 5 7 10 12 13 15 17 19 22 24 25 ]   sup=2
                    [1 3 5 7 10 12 13 15 17 19 22 24 25 27 29 31 34 36 39 40 43 45 46 48 50 52 54 56 58 60 62 64 66 68 70 72 74 ]   sup=1
                    [1 3 5 7 10 12 13 15 17 19 22 24 25 28 29 31 34 36 38 40 42 45 46 48 50 52 54 56 58 60 62 64 66 68 70 72 74 ]   sup=1
              [1 3 5 7 10 12 14 ]   sup=59
                [1 3 5 7 10 12 14 15 17 ]   sup=44
                  [1 3 5 7 10 12 14 15 17 20 21 23 25 ]   sup=4
                    [1 3 5 7 10 12 14 15 17 20 21 23 25 27 29 31 34 36 ]   sup=2
                      [1 3 5 7 10 12 14 15 17 20 21 23 25 27 29 31 34 36 38 40 42 44 47 48 50 52 55 56 58 60 62 64 66 68 70 72 74 ]   sup=1
                      [1 3 5 7 10 12 14 15 17 20 21 23 25 27 29 31 34 36 39 40 42 44 47 48 50 52 55 56 58 60 62 64 66 68 70 72 74 ]   sup=1
                    [1 3 5 7 10 12 14 15 17 20 21 23 25 28 29 31 34 36 38 40 42 44 47 48 50 52 ]   sup=2
                      [1 3 5 7 10 12 14 15 17 20 21 23 25 28 29 31 34 36 38 40 42 44 47 48 50 52 55 56 58 60 62 64 66 68 70 72 74 ]   sup=1
                      [1 3 5 7 10 12 14 15 17 20 21 23 25 28 29 31 34 36 38 40 42 44 47 48 50 52 54 56 58 60 62 64 66 68 70 72 74 ]   sup=1
                  [1 3 5 7 10 12 14 15 17 19 ]   sup=40
                    [1 3 5 7 10 12 14 15 17 19 21 23 25 ]   sup=30
                      [1 3 5 7 10 12 14 15 17 19 21 23 25 28 29 31 34 36 ]   sup=9
                        [1 3 5 7 10 12 14 15 17 19 21 23 25 28 29 31 34 36 39 40 42 44 46 48 51 52 ]   sup=3
                          [1 3 5 7 10 12 14 15 17 19 21 23 25 28 29 31 34 36 39 40 42 44 46 48 51 52 55 56 58 60 62 64 66 68 71 72 ]   sup=2
                            [1 3 5 7 10 12 14 15 17 19 21 23 25 28 29 31 34 36 39 40 42 44 46 48 51 52 55 56 58 60 62 64 66 68 71 72 75 ]   sup=1
                            [1 3 5 7 10 12 14 15 17 19 21 23 25 28 29 31 34 36 39 40 42 44 46 48 51 52 55 56 58 60 62 64 66 68 71 72 74 ]   sup=1
                          [1 3 5 7 10 12 14 15 17 19 21 23 25 28 29 31 34 36 39 40 42 44 46 48 51 52 54 56 58 60 62 64 66 68 71 72 74 ]   sup=1
                        [1 3 5 7 10 12 14 15 17 19 21 23 25 28 29 31 34 36 38 40 42 44 46 48 50 52 ]   sup=6
                          [1 3 5 7 10 12 14 15 17 19 21 23 25 28 29 31 34 36 38 40 42 44 46 48 50 52 54 56 58 60 62 64 66 68 ]   sup=2
                            [1 3 5 7 10 12 14 15 17 19 21 23 25 28 29 31 34 36 38 40 42 44 46 48 50 52 54 56 58 60 62 64 66 68 71 72 74 ]   sup=1
                            [1 3 5 7 10 12 14 15 17 19 21 23 25 28 29 31 34 36 38 40 42 44 46 48 50 52 54 56 58 60 62 64 66 68 70 72 74 ]   sup=1
                          [1 3 5 7 10 12 14 15 17 19 21 23 25 28 29 31 34 36 38 40 42 44 46 48 50 52 55 56 58 60 62 64 66 68 ]   sup=4
                            [1 3 5 7 10 12 14 15 17 19 21 23 25 28 29 31 34 36 38 40 42 44 46 48 50 52 55 56 58 60 62 64 66 68 70 72 ]   sup=2
                              [1 3 5 7 10 12 14 15 17 19 21 23 25 28 29 31 34 36 38 40 42 44 46 48 50 52 55 56 58 60 62 64 66 68 70 72 75 ]   sup=1
                              [1 3 5 7 10 12 14 15 17 19 21 23 25 28 29 31 34 36 38 40 42 44 46 48 50 52 55 56 58 60 62 64 66 68 70 72 74 ]   sup=1
                            [1 3 5 7 10 12 14 15 17 19 21 23 25 28 29 31 34 36 38 40 42 44 46 48 50 52 55 56 58 60 62 64 66 68 71 72 ]   sup=2
                              [1 3 5 7 10 12 14 15 17 19 21 23 25 28 29 31 34 36 38 40 42 44 46 48 50 52 55 56 58 60 62 64 66 68 71 72 74 ]   sup=1
                              [1 3 5 7 10 12 14 15 17 19 21 23 25 28 29 31 34 36 38 40 42 44 46 48 50 52 55 56 58 60 62 64 66 68 71 72 75 ]   sup=1
                      [1 3 5 7 10 12 14 15 17 19 21 23 25 27 29 31 34 36 ]   sup=21
                        [1 3 5 7 10 12 14 15 17 19 21 23 25 27 29 31 34 36 38 40 42 44 46 48 50 52 ]   sup=6
                          [1 3 5 7 10 12 14 15 17 19 21 23 25 27 29 31 34 36 38 40 42 44 46 48 50 52 54 56 58 60 62 64 66 68 ]   sup=2
                            [1 3 5 7 10 12 14 15 17 19 21 23 25 27 29 31 34 36 38 40 42 44 46 48 50 52 54 56 58 60 62 64 66 68 71 72 74 ]   sup=1
                            [1 3 5 7 10 12 14 15 17 19 21 23 25 27 29 31 34 36 38 40 42 44 46 48 50 52 54 56 58 60 62 64 66 68 70 72 74 ]   sup=1
                          [1 3 5 7 10 12 14 15 17 19 21 23 25 27 29 31 34 36 38 40 42 44 46 48 50 52 55 56 58 60 62 64 66 68 ]   sup=4
                            [1 3 5 7 10 12 14 15 17 19 21 23 25 27 29 31 34 36 38 40 42 44 46 48 50 52 55 56 58 60 62 64 66 68 70 72 ]   sup=2
                              [1 3 5 7 10 12 14 15 17 19 21 23 25 27 29 31 34 36 38 40 42 44 46 48 50 52 55 56 58 60 62 64 66 68 70 72 74 ]   sup=1
                              [1 3 5 7 10 12 14 15 17 19 21 23 25 27 29 31 34 36 38 40 42 44 46 48 50 52 55 56 58 60 62 64 66 68 70 72 75 ]   sup=1
                            [1 3 5 7 10 12 14 15 17 19 21 23 25 27 29 31 34 36 38 40 42 44 46 48 50 52 55 56 58 60 62 64 66 68 71 72 ]   sup=2
                              [1 3 5 7 10 12 14 15 17 19 21 23 25 27 29 31 34 36 38 40 42 44 46 48 50 52 55 56 58 60 62 64 66 68 71 72 74 ]   sup=1
                              [1 3 5 7 10 12 14 15 17 19 21 23 25 27 29 31 34 36 38 40 42 44 46 48 50 52 55 56 58 60 62 64 66 68 71 72 75 ]   sup=1
                        [1 3 5 7 10 12 14 15 17 19 21 23 25 27 29 31 34 36 39 40 42 ]   sup=15
                          [1 3 5 7 10 12 14 15 17 19 21 23 25 27 29 31 34 36 39 40 42 45 46 48 50 52 ]   sup=9
                            [1 3 5 7 10 12 14 15 17 19 21 23 25 27 29 31 34 36 39 40 42 45 46 48 50 52 54 ]   sup=3
                              [1 3 5 7 10 12 14 15 17 19 21 23 25 27 29 31 34 36 39 40 42 45 46 48 50 52 54 57 58 60 63 64 66 69 71 72 75 ]   sup=1
                              [1 3 5 7 10 12 14 15 17 19 21 23 25 27 29 31 34 36 39 40 42 45 46 48 50 52 54 56 58 60 62 64 66 ]   sup=2
                                [1 3 5 7 10 12 14 15 17 19 21 23 25 27 29 31 34 36 39 40 42 45 46 48 50 52 54 56 58 60 62 64 66 68 71 72 74 ]   sup=1
                                [1 3 5 7 10 12 14 15 17 19 21 23 25 27 29 31 34 36 39 40 42 45 46 48 50 52 54 56 58 60 62 64 66 69 71 72 75 ]   sup=1
                            [1 3 5 7 10 12 14 15 17 19 21 23 25 27 29 31 34 36 39 40 42 45 46 48 50 52 55 ]   sup=6
                              [1 3 5 7 10 12 14 15 17 19 21 23 25 27 29 31 34 36 39 40 42 45 46 48 50 52 55 57 58 60 62 64 66 69 71 72 75 ]   sup=1
                              [1 3 5 7 10 12 14 15 17 19 21 23 25 27 29 31 34 36 39 40 42 45 46 48 50 52 55 56 58 60 ]   sup=5
                                [1 3 5 7 10 12 14 15 17 19 21 23 25 27 29 31 34 36 39 40 42 45 46 48 50 52 55 56 58 60 63 64 66 69 71 72 75 ]   sup=1
                                [1 3 5 7 10 12 14 15 17 19 21 23 25 27 29 31 34 36 39 40 42 45 46 48 50 52 55 56 58 60 62 64 66 ]   sup=4
                                  [1 3 5 7 10 12 14 15 17 19 21 23 25 27 29 31 34 36 39 40 42 45 46 48 50 52 55 56 58 60 62 64 66 68 71 72 ]   sup=2
                                    [1 3 5 7 10 12 14 15 17 19 21 23 25 27 29 31 34 36 39 40 42 45 46 48 50 52 55 56 58 60 62 64 66 68 71 72 74 ]   sup=1
                                    [1 3 5 7 10 12 14 15 17 19 21 23 25 27 29 31 34 36 39 40 42 45 46 48 50 52 55 56 58 60 62 64 66 68 71 72 75 ]   sup=1
                                  [1 3 5 7 10 12 14 15 17 19 21 23 25 27 29 31 34 36 39 40 42 45 46 48 50 52 55 56 58 60 62 64 66 69 71 72 ]   sup=2
                                    [1 3 5 7 10 12 14 15 17 19 21 23 25 27 29 31 34 36 39 40 42 45 46 48 50 52 55 56 58 60 62 64 66 69 71 72 75 ]   sup=1
                                    [1 3 5 7 10 12 14 15 17 19 21 23 25 27 29 31 34 36 39 40 42 45 46 48 50 52 55 56 58 60 62 64 66 69 71 72 74 ]   sup=1
                          [1 3 5 7 10 12 14 15 17 19 21 23 25 27 29 31 34 36 39 40 42 44 46 48 ]   sup=6
                            [1 3 5 7 10 12 14 15 17 19 21 23 25 27 29 31 34 36 39 40 42 44 46 48 50 52 ]   sup=3
                              [1 3 5 7 10 12 14 15 17 19 21 23 25 27 29 31 34 36 39 40 42 44 46 48 50 52 55 56 58 60 62 64 66 68 70 72 ]   sup=2
                                [1 3 5 7 10 12 14 15 17 19 21 23 25 27 29 31 34 36 39 40 42 44 46 48 50 52 55 56 58 60 62 64 66 68 70 72 75 ]   sup=1
                                [1 3 5 7 10 12 14 15 17 19 21 23 25 27 29 31 34 36 39 40 42 44 46 48 50 52 55 56 58 60 62 64 66 68 70 72 74 ]   sup=1
                              [1 3 5 7 10 12 14 15 17 19 21 23 25 27 29 31 34 36 39 40 42 44 46 48 50 52 54 56 58 60 62 64 66 68 70 72 74 ]   sup=1
                            [1 3 5 7 10 12 14 15 17 19 21 23 25 27 29 31 34 36 39 40 42 44 46 48 51 52 ]   sup=3
                              [1 3 5 7 10 12 14 15 17 19 21 23 25 27 29 31 34 36 39 40 42 44 46 48 51 52 54 56 58 60 62 64 66 68 71 72 74 ]   sup=1
                              [1 3 5 7 10 12 14 15 17 19 21 23 25 27 29 31 34 36 39 40 42 44 46 48 51 52 55 56 58 60 62 64 66 68 71 72 ]   sup=2
                                [1 3 5 7 10 12 14 15 17 19 21 23 25 27 29 31 34 36 39 40 42 44 46 48 51 52 55 56 58 60 62 64 66 68 71 72 74 ]   sup=1
                                [1 3 5 7 10 12 14 15 17 19 21 23 25 27 29 31 34 36 39 40 42 44 46 48 51 52 55 56 58 60 62 64 66 68 71 72 75 ]   sup=1
                    [1 3 5 7 10 12 14 15 17 19 22 23 25 ]   sup=10
                      [1 3 5 7 10 12 14 15 17 19 22 23 25 28 29 31 34 36 38 40 42 45 46 48 50 52 ]   sup=4
                        [1 3 5 7 10 12 14 15 17 19 22 23 25 28 29 31 34 36 38 40 42 45 46 48 50 52 55 ]   sup=3
                          [1 3 5 7 10 12 14 15 17 19 22 23 25 28 29 31 34 36 38 40 42 45 46 48 50 52 55 56 58 60 62 64 66 68 70 72 ]   sup=2
                            [1 3 5 7 10 12 14 15 17 19 22 23 25 28 29 31 34 36 38 40 42 45 46 48 50 52 55 56 58 60 62 64 66 68 70 72 74 ]   sup=1
                            [1 3 5 7 10 12 14 15 17 19 22 23 25 28 29 31 34 36 38 40 42 45 46 48 50 52 55 56 58 60 62 64 66 68 70 72 75 ]   sup=1
                          [1 3 5 7 10 12 14 15 17 19 22 23 25 28 29 31 34 36 38 40 42 45 46 48 50 52 55 57 58 60 62 64 66 69 70 72 75 ]   sup=1
                        [1 3 5 7 10 12 14 15 17 19 22 23 25 28 29 31 34 36 38 40 42 45 46 48 50 52 54 56 58 60 62 64 66 68 70 72 74 ]   sup=1
                      [1 3 5 7 10 12 14 15 17 19 22 23 25 27 29 31 34 36 ]   sup=6
                        [1 3 5 7 10 12 14 15 17 19 22 23 25 27 29 31 34 36 39 40 42 45 46 48 50 52 ]   sup=4
                          [1 3 5 7 10 12 14 15 17 19 22 23 25 27 29 31 34 36 39 40 42 45 46 48 50 52 54 56 58 60 62 64 66 68 70 72 74 ]   sup=1
                          [1 3 5 7 10 12 14 15 17 19 22 23 25 27 29 31 34 36 39 40 42 45 46 48 50 52 55 ]   sup=3
                            [1 3 5 7 10 12 14 15 17 19 22 23 25 27 29 31 34 36 39 40 42 45 46 48 50 52 55 57 58 60 62 64 66 69 70 72 75 ]   sup=1
                            [1 3 5 7 10 12 14 15 17 19 22 23 25 27 29 31 34 36 39 40 42 45 46 48 50 52 55 56 58 60 62 64 66 ]   sup=2
                              [1 3 5 7 10 12 14 15 17 19 22 23 25 27 29 31 34 36 39 40 42 45 46 48 50 52 55 56 58 60 62 64 66 68 71 72 75 ]   sup=1
                              [1 3 5 7 10 12 14 15 17 19 22 23 25 27 29 31 34 36 39 40 42 45 46 48 50 52 55 56 58 60 62 64 66 69 71 72 75 ]   sup=1
                        [1 3 5 7 10 12 14 15 17 19 22 23 25 27 29 31 34 36 38 40 42 45 46 48 50 52 ]   sup=2
                          [1 3 5 7 10 12 14 15 17 19 22 23 25 27 29 31 34 36 38 40 42 45 46 48 50 52 55 56 58 60 62 64 66 68 70 72 75 ]   sup=1
                          [1 3 5 7 10 12 14 15 17 19 22 23 25 27 29 31 34 36 38 40 42 45 46 48 50 52 54 56 58 60 62 64 66 68 70 72 74 ]   sup=1
                [1 3 5 7 10 12 14 16 18 20 ]   sup=15
                  [1 3 5 7 10 12 14 16 18 20 21 23 25 ]   sup=12
                    [1 3 5 7 10 12 14 16 18 20 21 23 25 28 29 31 34 36 ]   sup=6
                      [1 3 5 7 10 12 14 16 18 20 21 23 25 28 29 31 34 36 39 40 42 44 46 48 51 52 55 56 58 60 62 64 66 68 71 72 75 ]   sup=1
                      [1 3 5 7 10 12 14 16 18 20 21 23 25 28 29 31 34 36 38 40 42 44 46 48 ]   sup=5
                        [1 3 5 7 10 12 14 16 18 20 21 23 25 28 29 31 34 36 38 40 42 44 46 48 50 52 55 56 58 60 62 64 66 68 71 72 75 ]   sup=1
                        [1 3 5 7 10 12 14 16 18 20 21 23 25 28 29 31 34 36 38 40 42 44 46 48 51 52 ]   sup=4
                          [1 3 5 7 10 12 14 16 18 20 21 23 25 28 29 31 34 36 38 40 42 44 46 48 51 52 54 56 58 60 62 64 66 68 71 72 ]   sup=2
                            [1 3 5 7 10 12 14 16 18 20 21 23 25 28 29 31 34 36 38 40 42 44 46 48 51 52 54 56 58 60 62 64 66 68 71 72 74 ]   sup=1
                            [1 3 5 7 10 12 14 16 18 20 21 23 25 28 29 31 34 36 38 40 42 44 46 48 51 52 54 56 58 60 62 64 66 68 71 72 75 ]   sup=1
                          [1 3 5 7 10 12 14 16 18 20 21 23 25 28 29 31 34 36 38 40 42 44 46 48 51 52 55 56 58 60 62 64 66 68 71 72 ]   sup=2
                            [1 3 5 7 10 12 14 16 18 20 21 23 25 28 29 31 34 36 38 40 42 44 46 48 51 52 55 56 58 60 62 64 66 68 71 72 74 ]   sup=1
                            [1 3 5 7 10 12 14 16 18 20 21 23 25 28 29 31 34 36 38 40 42 44 46 48 51 52 55 56 58 60 62 64 66 68 71 72 75 ]   sup=1
                    [1 3 5 7 10 12 14 16 18 20 21 23 25 27 29 31 34 36 ]   sup=6
                      [1 3 5 7 10 12 14 16 18 20 21 23 25 27 29 31 34 36 38 40 42 44 46 48 ]   sup=3
                        [1 3 5 7 10 12 14 16 18 20 21 23 25 27 29 31 34 36 38 40 42 44 46 48 50 52 55 56 58 60 62 64 66 68 71 72 75 ]   sup=1
                        [1 3 5 7 10 12 14 16 18 20 21 23 25 27 29 31 34 36 38 40 42 44 46 48 51 52 ]   sup=2
                          [1 3 5 7 10 12 14 16 18 20 21 23 25 27 29 31 34 36 38 40 42 44 46 48 51 52 54 56 58 60 62 64 66 68 71 72 74 ]   sup=1
                          [1 3 5 7 10 12 14 16 18 20 21 23 25 27 29 31 34 36 38 40 42 44 46 48 51 52 55 56 58 60 62 64 66 68 71 72 75 ]   sup=1
                      [1 3 5 7 10 12 14 16 18 20 21 23 25 27 29 31 34 36 39 40 42 44 46 48 51 52 ]   sup=3
                        [1 3 5 7 10 12 14 16 18 20 21 23 25 27 29 31 34 36 39 40 42 44 46 48 51 52 54 56 58 60 62 64 66 68 71 72 ]   sup=2
                          [1 3 5 7 10 12 14 16 18 20 21 23 25 27 29 31 34 36 39 40 42 44 46 48 51 52 54 56 58 60 62 64 66 68 71 72 75 ]   sup=1
                          [1 3 5 7 10 12 14 16 18 20 21 23 25 27 29 31 34 36 39 40 42 44 46 48 51 52 54 56 58 60 62 64 66 68 71 72 74 ]   sup=1
                        [1 3 5 7 10 12 14 16 18 20 21 23 25 27 29 31 34 36 39 40 42 44 46 48 51 52 55 56 58 60 62 64 66 68 71 72 75 ]   sup=1
                  [1 3 5 7 10 12 14 16 18 20 22 23 25 ]   sup=3
                    [1 3 5 7 10 12 14 16 18 20 22 23 25 27 29 31 34 36 ]   sup=2
                      [1 3 5 7 10 12 14 16 18 20 22 23 25 27 29 31 34 36 39 40 42 45 46 48 50 52 55 56 58 60 62 64 66 68 71 72 75 ]   sup=1
                      [1 3 5 7 10 12 14 16 18 20 22 23 25 27 29 31 34 36 38 40 42 45 46 48 50 52 55 56 58 60 62 64 66 68 70 72 75 ]   sup=1
                    [1 3 5 7 10 12 14 16 18 20 22 23 25 28 29 31 34 36 38 40 42 45 46 48 50 52 55 56 58 60 62 64 66 68 70 72 75 ]   sup=1
            [1 3 5 7 10 11 ]   sup=56
              [1 3 5 7 10 11 13 ]   sup=2
                [1 3 5 7 10 11 13 16 18 20 22 23 26 27 29 32 34 36 39 40 42 45 46 48 50 52 54 56 58 60 62 64 67 69 71 73 74 ]   sup=1
                [1 3 5 7 10 11 13 15 17 19 22 23 25 27 29 32 34 36 39 40 43 45 46 48 50 52 54 56 58 60 62 64 67 69 71 73 74 ]   sup=1
              [1 3 5 7 10 11 14 ]   sup=54
                [1 3 5 7 10 11 14 15 17 ]   sup=39
                  [1 3 5 7 10 11 14 15 17 20 21 24 25 ]   sup=2
                    [1 3 5 7 10 11 14 15 17 20 21 24 25 28 29 31 34 36 38 40 42 44 47 48 50 52 54 56 58 60 62 64 66 68 70 72 74 ]   sup=1
                    [1 3 5 7 10 11 14 15 17 20 21 24 25 27 29 31 34 36 38 40 43 44 47 48 50 52 54 56 58 60 62 65 66 68 70 72 74 ]   sup=1
                  [1 3 5 7 10 11 14 15 17 19 ]   sup=37
                    [1 3 5 7 10 11 14 15 17 19 21 ]   sup=33
                      [1 3 5 7 10 11 14 15 17 19 21 23 25 ]   sup=21
                        [1 3 5 7 10 11 14 15 17 19 21 23 25 28 29 31 34 36 38 40 42 44 46 48 ]   sup=7
                          [1 3 5 7 10 11 14 15 17 19 21 23 25 28 29 31 34 36 38 40 42 44 46 48 51 52 ]   sup=3
                            [1 3 5 7 10 11 14 15 17 19 21 23 25 28 29 31 34 36 38 40 42 44 46 48 51 52 54 56 58 60 62 64 66 68 71 72 74 ]   sup=1
                            [1 3 5 7 10 11 14 15 17 19 21 23 25 28 29 31 34 36 38 40 42 44 46 48 51 52 55 56 58 60 62 64 66 68 71 72 ]   sup=2
                              [1 3 5 7 10 11 14 15 17 19 21 23 25 28 29 31 34 36 38 40 42 44 46 48 51 52 55 56 58 60 62 64 66 68 71 72 75 ]   sup=1
                              [1 3 5 7 10 11 14 15 17 19 21 23 25 28 29 31 34 36 38 40 42 44 46 48 51 52 55 56 58 60 62 64 66 68 71 72 74 ]   sup=1
                          [1 3 5 7 10 11 14 15 17 19 21 23 25 28 29 31 34 36 38 40 42 44 46 48 50 52 ]   sup=4
                            [1 3 5 7 10 11 14 15 17 19 21 23 25 28 29 31 34 36 38 40 42 44 46 48 50 52 54 56 58 60 62 64 66 68 71 72 ]   sup=2
                              [1 3 5 7 10 11 14 15 17 19 21 23 25 28 29 31 34 36 38 40 42 44 46 48 50 52 54 56 58 60 62 64 66 68 71 72 75 ]   sup=1
                              [1 3 5 7 10 11 14 15 17 19 21 23 25 28 29 31 34 36 38 40 42 44 46 48 50 52 54 56 58 60 62 64 66 68 71 72 74 ]   sup=1
                            [1 3 5 7 10 11 14 15 17 19 21 23 25 28 29 31 34 36 38 40 42 44 46 48 50 52 55 56 58 60 62 64 66 68 71 72 ]   sup=2
                              [1 3 5 7 10 11 14 15 17 19 21 23 25 28 29 31 34 36 38 40 42 44 46 48 50 52 55 56 58 60 62 64 66 68 71 72 74 ]   sup=1
                              [1 3 5 7 10 11 14 15 17 19 21 23 25 28 29 31 34 36 38 40 42 44 46 48 50 52 55 56 58 60 62 64 66 68 71 72 75 ]   sup=1
                        [1 3 5 7 10 11 14 15 17 19 21 23 25 27 29 31 34 36 ]   sup=14
                          [1 3 5 7 10 11 14 15 17 19 21 23 25 27 29 31 34 36 39 40 42 ]   sup=10
                            [1 3 5 7 10 11 14 15 17 19 21 23 25 27 29 31 34 36 39 40 42 44 46 48 ]   sup=4
                              [1 3 5 7 10 11 14 15 17 19 21 23 25 27 29 31 34 36 39 40 42 44 46 48 51 52 ]   sup=3
                                [1 3 5 7 10 11 14 15 17 19 21 23 25 27 29 31 34 36 39 40 42 44 46 48 51 52 55 56 58 60 62 64 66 68 71 72 75 ]   sup=1
                                [1 3 5 7 10 11 14 15 17 19 21 23 25 27 29 31 34 36 39 40 42 44 46 48 51 52 54 56 58 60 62 64 66 68 71 72 ]   sup=2
                                  [1 3 5 7 10 11 14 15 17 19 21 23 25 27 29 31 34 36 39 40 42 44 46 48 51 52 54 56 58 60 62 64 66 68 71 72 75 ]   sup=1
                                  [1 3 5 7 10 11 14 15 17 19 21 23 25 27 29 31 34 36 39 40 42 44 46 48 51 52 54 56 58 60 62 64 66 68 71 72 74 ]   sup=1
                              [1 3 5 7 10 11 14 15 17 19 21 23 25 27 29 31 34 36 39 40 42 44 46 48 50 52 54 56 58 60 62 64 66 68 71 72 74 ]   sup=1
                            [1 3 5 7 10 11 14 15 17 19 21 23 25 27 29 31 34 36 39 40 42 45 46 48 ]   sup=6
                              [1 3 5 7 10 11 14 15 17 19 21 23 25 27 29 31 34 36 39 40 42 45 46 48 50 52 ]   sup=3
                                [1 3 5 7 10 11 14 15 17 19 21 23 25 27 29 31 34 36 39 40 42 45 46 48 50 52 55 56 58 60 62 64 66 ]   sup=2
                                  [1 3 5 7 10 11 14 15 17 19 21 23 25 27 29 31 34 36 39 40 42 45 46 48 50 52 55 56 58 60 62 64 66 68 71 72 75 ]   sup=1
                                  [1 3 5 7 10 11 14 15 17 19 21 23 25 27 29 31 34 36 39 40 42 45 46 48 50 52 55 56 58 60 62 64 66 69 71 72 75 ]   sup=1
                                [1 3 5 7 10 11 14 15 17 19 21 23 25 27 29 31 34 36 39 40 42 45 46 48 50 52 54 56 58 60 62 64 66 68 71 72 75 ]   sup=1
                              [1 3 5 7 10 11 14 15 17 19 21 23 25 27 29 31 34 36 39 40 42 45 46 48 51 52 ]   sup=3
                                [1 3 5 7 10 11 14 15 17 19 21 23 25 27 29 31 34 36 39 40 42 45 46 48 51 52 54 56 58 60 62 64 66 68 71 72 75 ]   sup=1
                                [1 3 5 7 10 11 14 15 17 19 21 23 25 27 29 31 34 36 39 40 42 45 46 48 51 52 55 56 58 60 62 64 66 ]   sup=2
                                  [1 3 5 7 10 11 14 15 17 19 21 23 25 27 29 31 34 36 39 40 42 45 46 48 51 52 55 56 58 60 62 64 66 69 71 72 75 ]   sup=1
                                  [1 3 5 7 10 11 14 15 17 19 21 23 25 27 29 31 34 36 39 40 42 45 46 48 51 52 55 56 58 60 62 64 66 68 71 72 75 ]   sup=1
                          [1 3 5 7 10 11 14 15 17 19 21 23 25 27 29 31 34 36 38 40 42 44 46 48 ]   sup=4
                            [1 3 5 7 10 11 14 15 17 19 21 23 25 27 29 31 34 36 38 40 42 44 46 48 51 52 ]   sup=2
                              [1 3 5 7 10 11 14 15 17 19 21 23 25 27 29 31 34 36 38 40 42 44 46 48 51 52 54 56 58 60 62 64 66 68 71 72 74 ]   sup=1
                              [1 3 5 7 10 11 14 15 17 19 21 23 25 27 29 31 34 36 38 40 42 44 46 48 51 52 55 56 58 60 62 64 66 68 71 72 75 ]   sup=1
                            [1 3 5 7 10 11 14 15 17 19 21 23 25 27 29 31 34 36 38 40 42 44 46 48 50 52 ]   sup=2
                              [1 3 5 7 10 11 14 15 17 19 21 23 25 27 29 31 34 36 38 40 42 44 46 48 50 52 54 56 58 60 62 64 66 68 71 72 74 ]   sup=1
                              [1 3 5 7 10 11 14 15 17 19 21 23 25 27 29 31 34 36 38 40 42 44 46 48 50 52 55 56 58 60 62 64 66 68 71 72 75 ]   sup=1
                      [1 3 5 7 10 11 14 15 17 19 21 24 25 ]   sup=12
                        [1 3 5 7 10 11 14 15 17 19 21 24 25 27 29 ]   sup=9
                          [1 3 5 7 10 11 14 15 17 19 21 24 25 27 29 32 34 36 ]   sup=5
                            [1 3 5 7 10 11 14 15 17 19 21 24 25 27 29 32 34 36 39 ]   sup=3
                              [1 3 5 7 10 11 14 15 17 19 21 24 25 27 29 32 34 36 39 40 43 44 46 48 ]   sup=2
                                [1 3 5 7 10 11 14 15 17 19 21 24 25 27 29 32 34 36 39 40 43 44 46 48 50 52 54 56 58 60 62 65 66 68 70 72 74 ]   sup=1
                                [1 3 5 7 10 11 14 15 17 19 21 24 25 27 29 32 34 36 39 40 43 44 46 48 51 52 54 56 58 60 62 65 66 68 71 72 74 ]   sup=1
                              [1 3 5 7 10 11 14 15 17 19 21 24 25 27 29 32 34 36 39 41 43 44 46 48 51 52 54 56 58 60 62 65 66 68 71 72 74 ]   sup=1
                            [1 3 5 7 10 11 14 15 17 19 21 24 25 27 29 32 34 36 38 40 43 44 46 48 50 52 54 56 58 60 62 65 66 68 ]   sup=2
                              [1 3 5 7 10 11 14 15 17 19 21 24 25 27 29 32 34 36 38 40 43 44 46 48 50 52 54 56 58 60 62 65 66 68 71 72 74 ]   sup=1
                              [1 3 5 7 10 11 14 15 17 19 21 24 25 27 29 32 34 36 38 40 43 44 46 48 50 52 54 56 58 60 62 65 66 68 70 72 74 ]   sup=1
                          [1 3 5 7 10 11 14 15 17 19 21 24 25 27 29 31 34 36 ]   sup=4
                            [1 3 5 7 10 11 14 15 17 19 21 24 25 27 29 31 34 36 39 ]   sup=2
                              [1 3 5 7 10 11 14 15 17 19 21 24 25 27 29 31 34 36 39 41 42 44 46 48 51 52 54 56 58 60 62 65 66 68 71 72 74 ]   sup=1
                              [1 3 5 7 10 11 14 15 17 19 21 24 25 27 29 31 34 36 39 40 42 44 46 48 51 52 54 56 58 60 62 65 66 68 71 72 74 ]   sup=1
                            [1 3 5 7 10 11 14 15 17 19 21 24 25 27 29 31 34 36 38 40 42 44 46 48 50 52 54 56 58 60 62 65 66 68 ]   sup=2
                              [1 3 5 7 10 11 14 15 17 19 21 24 25 27 29 31 34 36 38 40 42 44 46 48 50 52 54 56 58 60 62 65 66 68 70 72 74 ]   sup=1
                              [1 3 5 7 10 11 14 15 17 19 21 24 25 27 29 31 34 36 38 40 42 44 46 48 50 52 54 56 58 60 62 65 66 68 71 72 74 ]   sup=1
                        [1 3 5 7 10 11 14 15 17 19 21 24 25 28 29 31 34 36 ]   sup=3
                          [1 3 5 7 10 11 14 15 17 19 21 24 25 28 29 31 34 36 38 40 42 44 46 48 50 52 54 56 58 60 62 64 66 68 ]   sup=2
                            [1 3 5 7 10 11 14 15 17 19 21 24 25 28 29 31 34 36 38 40 42 44 46 48 50 52 54 56 58 60 62 64 66 68 71 72 74 ]   sup=1
                            [1 3 5 7 10 11 14 15 17 19 21 24 25 28 29 31 34 36 38 40 42 44 46 48 50 52 54 56 58 60 62 64 66 68 70 72 74 ]   sup=1
                          [1 3 5 7 10 11 14 15 17 19 21 24 25 28 29 31 34 36 39 40 42 44 46 48 51 52 54 56 58 60 62 64 66 68 71 72 74 ]   sup=1
                    [1 3 5 7 10 11 14 15 17 19 22 ]   sup=4
                      [1 3 5 7 10 11 14 15 17 19 22 24 25 ]   sup=3
                        [1 3 5 7 10 11 14 15 17 19 22 24 25 28 29 31 34 36 38 40 42 45 46 48 50 52 54 56 58 60 62 64 66 69 70 72 74 ]   sup=1
                        [1 3 5 7 10 11 14 15 17 19 22 24 25 27 29 ]   sup=2
                          [1 3 5 7 10 11 14 15 17 19 22 24 25 27 29 32 34 36 39 40 43 45 46 48 50 52 54 56 58 60 62 65 66 69 71 72 74 ]   sup=1
                          [1 3 5 7 10 11 14 15 17 19 22 24 25 27 29 31 34 36 38 40 43 45 46 48 50 52 54 56 58 60 62 65 66 69 70 72 74 ]   sup=1
                      [1 3 5 7 10 11 14 15 17 19 22 23 25 27 29 31 34 36 39 40 42 45 46 48 51 52 55 56 58 60 62 64 66 68 70 72 75 ]   sup=1
                [1 3 5 7 10 11 14 16 18 20 ]   sup=15
                  [1 3 5 7 10 11 14 16 18 20 22 24 25 ]   sup=4
                    [1 3 5 7 10 11 14 16 18 20 22 24 25 27 29 ]   sup=3
                      [1 3 5 7 10 11 14 16 18 20 22 24 25 27 29 31 34 36 38 40 43 45 46 48 50 52 54 56 58 60 62 64 66 69 70 72 74 ]   sup=1
                      [1 3 5 7 10 11 14 16 18 20 22 24 25 27 29 32 34 36 39 40 ]   sup=2
                        [1 3 5 7 10 11 14 16 18 20 22 24 25 27 29 32 34 36 39 40 43 45 46 48 50 52 54 56 58 60 62 65 66 69 71 72 74 ]   sup=1
                        [1 3 5 7 10 11 14 16 18 20 22 24 25 27 29 32 34 36 39 40 42 45 46 48 51 52 54 56 58 60 62 64 66 69 70 72 74 ]   sup=1
                    [1 3 5 7 10 11 14 16 18 20 22 24 25 28 29 31 34 36 38 40 42 45 46 48 50 52 54 56 58 60 62 64 66 69 70 72 74 ]   sup=1
                  [1 3 5 7 10 11 14 16 18 20 21 ]   sup=11
                    [1 3 5 7 10 11 14 16 18 20 21 24 25 ]   sup=9
                      [1 3 5 7 10 11 14 16 18 20 21 24 25 27 29 ]   sup=6
                        [1 3 5 7 10 11 14 16 18 20 21 24 25 27 29 32 34 36 ]   sup=3
                          [1 3 5 7 10 11 14 16 18 20 21 24 25 27 29 32 34 36 38 40 ]   sup=2
                            [1 3 5 7 10 11 14 16 18 20 21 24 25 27 29 32 34 36 38 40 43 44 46 48 50 52 54 56 58 60 62 65 66 68 71 72 74 ]   sup=1
                            [1 3 5 7 10 11 14 16 18 20 21 24 25 27 29 32 34 36 38 40 42 44 47 48 50 52 54 56 58 60 62 64 66 68 70 72 74 ]   sup=1
                          [1 3 5 7 10 11 14 16 18 20 21 24 25 27 29 32 34 36 39 40 43 44 46 48 51 52 54 56 58 60 62 65 66 68 71 72 74 ]   sup=1
                        [1 3 5 7 10 11 14 16 18 20 21 24 25 27 29 31 34 36 ]   sup=3
                          [1 3 5 7 10 11 14 16 18 20 21 24 25 27 29 31 34 36 38 40 ]   sup=2
                            [1 3 5 7 10 11 14 16 18 20 21 24 25 27 29 31 34 36 38 40 42 44 46 48 50 52 54 56 58 60 62 64 66 68 71 72 74 ]   sup=1
                            [1 3 5 7 10 11 14 16 18 20 21 24 25 27 29 31 34 36 38 40 43 44 47 48 50 52 54 56 58 60 62 64 66 68 70 72 74 ]   sup=1
                          [1 3 5 7 10 11 14 16 18 20 21 24 25 27 29 31 34 36 39 40 42 44 46 48 51 52 54 56 58 60 62 64 66 68 71 72 74 ]   sup=1
                      [1 3 5 7 10 11 14 16 18 20 21 24 25 28 29 31 34 36 ]   sup=3
                        [1 3 5 7 10 11 14 16 18 20 21 24 25 28 29 31 34 36 38 40 42 44 ]   sup=2
                          [1 3 5 7 10 11 14 16 18 20 21 24 25 28 29 31 34 36 38 40 42 44 46 48 50 52 54 56 58 60 62 64 66 68 71 72 74 ]   sup=1
                          [1 3 5 7 10 11 14 16 18 20 21 24 25 28 29 31 34 36 38 40 42 44 47 48 50 52 54 56 58 60 62 64 66 68 70 72 74 ]   sup=1
                        [1 3 5 7 10 11 14 16 18 20 21 24 25 28 29 31 34 36 39 40 42 44 46 48 51 52 54 56 58 60 62 64 66 68 71 72 74 ]   sup=1
                    [1 3 5 7 10 11 14 16 18 20 21 23 25 27 29 31 34 36 38 40 42 44 46 48 51 52 55 56 58 60 62 64 66 68 71 72 ]   sup=2
                      [1 3 5 7 10 11 14 16 18 20 21 23 25 27 29 31 34 36 38 40 42 44 46 48 51 52 55 56 58 60 62 64 66 68 71 72 74 ]   sup=1
                      [1 3 5 7 10 11 14 16 18 20 21 23 25 27 29 31 34 36 38 40 42 44 46 48 51 52 55 56 58 60 62 64 66 68 71 72 75 ]   sup=1
          [1 3 5 7 9 ]   sup=1224
            [1 3 5 7 9 12 ]   sup=356
              [1 3 5 7 9 12 14 ]   sup=165
                [1 3 5 7 9 12 14 15 17 ]   sup=39
                  [1 3 5 7 9 12 14 15 17 19 ]   sup=34
                    [1 3 5 7 9 12 14 15 17 19 21 ]   sup=29
                      [1 3 5 7 9 12 14 15 17 19 21 23 25 ]   sup=27
                        [1 3 5 7 9 12 14 15 17 19 21 23 25 27 29 31 34 36 ]   sup=17
                          [1 3 5 7 9 12 14 15 17 19 21 23 25 27 29 31 34 36 39 40 42 ]   sup=12
                            [1 3 5 7 9 12 14 15 17 19 21 23 25 27 29 31 34 36 39 40 42 45 46 48 50 52 ]   sup=5
                              [1 3 5 7 9 12 14 15 17 19 21 23 25 27 29 31 34 36 39 40 42 45 46 48 50 52 54 56 58 60 62 64 66 ]   sup=2
                                [1 3 5 7 9 12 14 15 17 19 21 23 25 27 29 31 34 36 39 40 42 45 46 48 50 52 54 56 58 60 62 64 66 69 71 72 75 ]   sup=1
                                [1 3 5 7 9 12 14 15 17 19 21 23 25 27 29 31 34 36 39 40 42 45 46 48 50 52 54 56 58 60 62 64 66 68 71 72 74 ]   sup=1
                              [1 3 5 7 9 12 14 15 17 19 21 23 25 27 29 31 34 36 39 40 42 45 46 48 50 52 55 56 58 60 62 64 66 ]   sup=3
                                [1 3 5 7 9 12 14 15 17 19 21 23 25 27 29 31 34 36 39 40 42 45 46 48 50 52 55 56 58 60 62 64 66 69 71 72 ]   sup=2
                                  [1 3 5 7 9 12 14 15 17 19 21 23 25 27 29 31 34 36 39 40 42 45 46 48 50 52 55 56 58 60 62 64 66 69 71 72 75 ]   sup=1
                                  [1 3 5 7 9 12 14 15 17 19 21 23 25 27 29 31 34 36 39 40 42 45 46 48 50 52 55 56 58 60 62 64 66 69 71 72 74 ]   sup=1
                                [1 3 5 7 9 12 14 15 17 19 21 23 25 27 29 31 34 36 39 40 42 45 46 48 50 52 55 56 58 60 62 64 66 68 71 72 74 ]   sup=1
                            [1 3 5 7 9 12 14 15 17 19 21 23 25 27 29 31 34 36 39 40 42 44 46 48 ]   sup=7
                              [1 3 5 7 9 12 14 15 17 19 21 23 25 27 29 31 34 36 39 40 42 44 46 48 51 52 55 56 58 60 62 64 66 ]   sup=3
                                [1 3 5 7 9 12 14 15 17 19 21 23 25 27 29 31 34 36 39 40 42 44 46 48 51 52 55 56 58 60 62 64 66 69 71 72 ]   sup=2
                                  [1 3 5 7 9 12 14 15 17 19 21 23 25 27 29 31 34 36 39 40 42 44 46 48 51 52 55 56 58 60 62 64 66 69 71 72 75 ]   sup=1
                                  [1 3 5 7 9 12 14 15 17 19 21 23 25 27 29 31 34 36 39 40 42 44 46 48 51 52 55 56 58 60 62 64 66 69 71 72 74 ]   sup=1
                                [1 3 5 7 9 12 14 15 17 19 21 23 25 27 29 31 34 36 39 40 42 44 46 48 51 52 55 56 58 60 62 64 66 68 71 72 74 ]   sup=1
                              [1 3 5 7 9 12 14 15 17 19 21 23 25 27 29 31 34 36 39 40 42 44 46 48 50 52 ]   sup=4
                                [1 3 5 7 9 12 14 15 17 19 21 23 25 27 29 31 34 36 39 40 42 44 46 48 50 52 55 56 58 60 62 64 66 ]   sup=2
                                  [1 3 5 7 9 12 14 15 17 19 21 23 25 27 29 31 34 36 39 40 42 44 46 48 50 52 55 56 58 60 62 64 66 68 71 72 74 ]   sup=1
                                  [1 3 5 7 9 12 14 15 17 19 21 23 25 27 29 31 34 36 39 40 42 44 46 48 50 52 55 56 58 60 62 64 66 69 71 72 75 ]   sup=1
                                [1 3 5 7 9 12 14 15 17 19 21 23 25 27 29 31 34 36 39 40 42 44 46 48 50 52 54 56 58 60 62 64 66 ]   sup=2
                                  [1 3 5 7 9 12 14 15 17 19 21 23 25 27 29 31 34 36 39 40 42 44 46 48 50 52 54 56 58 60 62 64 66 68 71 72 74 ]   sup=1
                                  [1 3 5 7 9 12 14 15 17 19 21 23 25 27 29 31 34 36 39 40 42 44 46 48 50 52 54 56 58 60 62 64 66 69 71 72 75 ]   sup=1
                          [1 3 5 7 9 12 14 15 17 19 21 23 25 27 29 31 34 36 38 40 42 44 46 48 50 52 ]   sup=5
                            [1 3 5 7 9 12 14 15 17 19 21 23 25 27 29 31 34 36 38 40 42 44 46 48 50 52 54 56 58 60 62 64 66 68 71 72 74 ]   sup=1
                            [1 3 5 7 9 12 14 15 17 19 21 23 25 27 29 31 34 36 38 40 42 44 46 48 50 52 55 56 58 60 62 64 66 ]   sup=4
                              [1 3 5 7 9 12 14 15 17 19 21 23 25 27 29 31 34 36 38 40 42 44 46 48 50 52 55 56 58 60 62 64 66 69 71 72 ]   sup=2
                                [1 3 5 7 9 12 14 15 17 19 21 23 25 27 29 31 34 36 38 40 42 44 46 48 50 52 55 56 58 60 62 64 66 69 71 72 75 ]   sup=1
                                [1 3 5 7 9 12 14 15 17 19 21 23 25 27 29 31 34 36 38 40 42 44 46 48 50 52 55 56 58 60 62 64 66 69 71 72 74 ]   sup=1
                              [1 3 5 7 9 12 14 15 17 19 21 23 25 27 29 31 34 36 38 40 42 44 46 48 50 52 55 56 58 60 62 64 66 68 ]   sup=2
                                [1 3 5 7 9 12 14 15 17 19 21 23 25 27 29 31 34 36 38 40 42 44 46 48 50 52 55 56 58 60 62 64 66 68 71 72 74 ]   sup=1
                                [1 3 5 7 9 12 14 15 17 19 21 23 25 27 29 31 34 36 38 40 42 44 46 48 50 52 55 56 58 60 62 64 66 68 70 72 74 ]   sup=1
                        [1 3 5 7 9 12 14 15 17 19 21 23 25 28 29 31 34 36 ]   sup=10
                          [1 3 5 7 9 12 14 15 17 19 21 23 25 28 29 31 34 36 39 40 42 44 46 48 51 52 ]   sup=4
                            [1 3 5 7 9 12 14 15 17 19 21 23 25 28 29 31 34 36 39 40 42 44 46 48 51 52 55 56 58 60 62 64 66 ]   sup=2
                              [1 3 5 7 9 12 14 15 17 19 21 23 25 28 29 31 34 36 39 40 42 44 46 48 51 52 55 56 58 60 62 64 66 68 71 72 74 ]   sup=1
                              [1 3 5 7 9 12 14 15 17 19 21 23 25 28 29 31 34 36 39 40 42 44 46 48 51 52 55 56 58 60 62 64 66 69 71 72 74 ]   sup=1
                            [1 3 5 7 9 12 14 15 17 19 21 23 25 28 29 31 34 36 39 40 42 44 46 48 51 52 54 56 58 60 62 64 66 ]   sup=2
                              [1 3 5 7 9 12 14 15 17 19 21 23 25 28 29 31 34 36 39 40 42 44 46 48 51 52 54 56 58 60 62 64 66 68 71 72 74 ]   sup=1
                              [1 3 5 7 9 12 14 15 17 19 21 23 25 28 29 31 34 36 39 40 42 44 46 48 51 52 54 56 58 60 62 64 66 69 71 72 74 ]   sup=1
                          [1 3 5 7 9 12 14 15 17 19 21 23 25 28 29 31 34 36 38 40 42 44 46 48 50 52 ]   sup=6
                            [1 3 5 7 9 12 14 15 17 19 21 23 25 28 29 31 34 36 38 40 42 44 46 48 50 52 54 56 58 60 62 64 66 ]   sup=3
                              [1 3 5 7 9 12 14 15 17 19 21 23 25 28 29 31 34 36 38 40 42 44 46 48 50 52 54 56 58 60 62 64 66 69 71 72 74 ]   sup=1
                              [1 3 5 7 9 12 14 15 17 19 21 23 25 28 29 31 34 36 38 40 42 44 46 48 50 52 54 56 58 60 62 64 66 68 ]   sup=2
                                [1 3 5 7 9 12 14 15 17 19 21 23 25 28 29 31 34 36 38 40 42 44 46 48 50 52 54 56 58 60 62 64 66 68 70 72 74 ]   sup=1
                                [1 3 5 7 9 12 14 15 17 19 21 23 25 28 29 31 34 36 38 40 42 44 46 48 50 52 54 56 58 60 62 64 66 68 71 72 74 ]   sup=1
                            [1 3 5 7 9 12 14 15 17 19 21 23 25 28 29 31 34 36 38 40 42 44 46 48 50 52 55 56 58 60 62 64 66 ]   sup=3
                              [1 3 5 7 9 12 14 15 17 19 21 23 25 28 29 31 34 36 38 40 42 44 46 48 50 52 55 56 58 60 62 64 66 69 71 72 74 ]   sup=1
                              [1 3 5 7 9 12 14 15 17 19 21 23 25 28 29 31 34 36 38 40 42 44 46 48 50 52 55 56 58 60 62 64 66 68 ]   sup=2
                                [1 3 5 7 9 12 14 15 17 19 21 23 25 28 29 31 34 36 38 40 42 44 46 48 50 52 55 56 58 60 62 64 66 68 71 72 74 ]   sup=1
                                [1 3 5 7 9 12 14 15 17 19 21 23 25 28 29 31 34 36 38 40 42 44 46 48 50 52 55 56 58 60 62 64 66 68 70 72 74 ]   sup=1
                      [1 3 5 7 9 12 14 15 17 19 21 24 25 28 29 ]   sup=2
                        [1 3 5 7 9 12 14 15 17 19 21 24 25 28 29 33 34 36 38 40 42 44 46 48 50 52 54 56 58 60 62 64 66 68 70 72 74 ]   sup=1
                        [1 3 5 7 9 12 14 15 17 19 21 24 25 28 29 31 34 36 38 40 42 44 46 48 50 52 54 56 58 60 62 64 66 68 70 72 74 ]   sup=1
                    [1 3 5 7 9 12 14 15 17 19 22 ]   sup=5
                      [1 3 5 7 9 12 14 15 17 19 22 23 25 28 29 31 34 36 38 40 42 45 46 48 50 52 ]   sup=4
                        [1 3 5 7 9 12 14 15 17 19 22 23 25 28 29 31 34 36 38 40 42 45 46 48 50 52 54 56 58 60 62 64 66 68 70 72 74 ]   sup=1
                        [1 3 5 7 9 12 14 15 17 19 22 23 25 28 29 31 34 36 38 40 42 45 46 48 50 52 55 ]   sup=3
                          [1 3 5 7 9 12 14 15 17 19 22 23 25 28 29 31 34 36 38 40 42 45 46 48 50 52 55 56 58 60 62 64 66 ]   sup=2
                            [1 3 5 7 9 12 14 15 17 19 22 23 25 28 29 31 34 36 38 40 42 45 46 48 50 52 55 56 58 60 62 64 66 68 70 72 74 ]   sup=1
                            [1 3 5 7 9 12 14 15 17 19 22 23 25 28 29 31 34 36 38 40 42 45 46 48 50 52 55 56 58 60 62 64 66 69 70 72 75 ]   sup=1
                          [1 3 5 7 9 12 14 15 17 19 22 23 25 28 29 31 34 36 38 40 42 45 46 48 50 52 55 57 58 60 62 64 66 69 70 72 75 ]   sup=1
                      [1 3 5 7 9 12 14 15 17 19 22 24 25 28 29 31 34 36 38 40 42 45 46 48 50 52 54 56 58 60 62 64 66 68 70 72 74 ]   sup=1
                  [1 3 5 7 9 12 14 15 17 20 21 ]   sup=5
                    [1 3 5 7 9 12 14 15 17 20 21 23 25 ]   sup=3
                      [1 3 5 7 9 12 14 15 17 20 21 23 25 28 29 31 34 36 38 40 42 44 47 48 50 52 ]   sup=2
                        [1 3 5 7 9 12 14 15 17 20 21 23 25 28 29 31 34 36 38 40 42 44 47 48 50 52 54 56 58 60 62 64 66 68 70 72 74 ]   sup=1
                        [1 3 5 7 9 12 14 15 17 20 21 23 25 28 29 31 34 36 38 40 42 44 47 48 50 52 55 56 58 60 62 64 66 68 70 72 74 ]   sup=1
                      [1 3 5 7 9 12 14 15 17 20 21 23 25 27 29 31 34 36 38 40 42 44 47 48 50 52 55 56 58 60 62 64 66 68 70 72 74 ]   sup=1
                    [1 3 5 7 9 12 14 15 17 20 21 24 25 28 29 ]   sup=2
                      [1 3 5 7 9 12 14 15 17 20 21 24 25 28 29 31 34 36 38 40 42 44 47 48 50 52 54 56 58 60 62 64 66 68 70 72 74 ]   sup=1
                      [1 3 5 7 9 12 14 15 17 20 21 24 25 28 29 33 34 36 38 40 42 44 47 48 50 52 54 56 58 60 62 64 66 68 70 72 74 ]   sup=1
                [1 3 5 7 9 12 14 16 ]   sup=126
                  [1 3 5 7 9 12 14 16 18 20 ]   sup=39
                    [1 3 5 7 9 12 14 16 18 20 22 ]   sup=6
                      [1 3 5 7 9 12 14 16 18 20 22 23 25 ]   sup=5
                        [1 3 5 7 9 12 14 16 18 20 22 23 25 28 29 31 34 36 38 40 42 45 46 48 50 52 ]   sup=4
                          [1 3 5 7 9 12 14 16 18 20 22 23 25 28 29 31 34 36 38 40 42 45 46 48 50 52 54 56 58 60 62 64 66 68 70 72 74 ]   sup=1
                          [1 3 5 7 9 12 14 16 18 20 22 23 25 28 29 31 34 36 38 40 42 45 46 48 50 52 55 ]   sup=3
                            [1 3 5 7 9 12 14 16 18 20 22 23 25 28 29 31 34 36 38 40 42 45 46 48 50 52 55 57 58 60 62 64 66 69 70 72 75 ]   sup=1
                            [1 3 5 7 9 12 14 16 18 20 22 23 25 28 29 31 34 36 38 40 42 45 46 48 50 52 55 56 58 60 62 64 66 ]   sup=2
                              [1 3 5 7 9 12 14 16 18 20 22 23 25 28 29 31 34 36 38 40 42 45 46 48 50 52 55 56 58 60 62 64 66 68 70 72 74 ]   sup=1
                              [1 3 5 7 9 12 14 16 18 20 22 23 25 28 29 31 34 36 38 40 42 45 46 48 50 52 55 56 58 60 62 64 66 69 70 72 75 ]   sup=1
                        [1 3 5 7 9 12 14 16 18 20 22 23 25 27 29 31 34 36 38 40 42 45 46 48 50 52 54 56 58 60 62 64 66 68 70 72 74 ]   sup=1
                      [1 3 5 7 9 12 14 16 18 20 22 24 25 28 29 31 34 36 38 40 42 45 46 48 50 52 54 56 58 60 62 64 66 68 70 72 74 ]   sup=1
                    [1 3 5 7 9 12 14 16 18 20 21 ]   sup=33
                      [1 3 5 7 9 12 14 16 18 20 21 23 25 ]   sup=32
                        [1 3 5 7 9 12 14 16 18 20 21 23 25 27 29 31 34 36 ]   sup=17
                          [1 3 5 7 9 12 14 16 18 20 21 23 25 27 29 31 34 36 38 40 42 44 ]   sup=12
                            [1 3 5 7 9 12 14 16 18 20 21 23 25 27 29 31 34 36 38 40 42 44 46 48 ]   sup=10
                              [1 3 5 7 9 12 14 16 18 20 21 23 25 27 29 31 34 36 38 40 42 44 46 48 50 52 ]   sup=8
                                [1 3 5 7 9 12 14 16 18 20 21 23 25 27 29 31 34 36 38 40 42 44 46 48 50 52 55 56 58 60 62 64 66 68 ]   sup=4
                                  [1 3 5 7 9 12 14 16 18 20 21 23 25 27 29 31 34 36 38 40 42 44 46 48 50 52 55 56 58 60 62 64 66 68 70 72 ]   sup=2
                                    [1 3 5 7 9 12 14 16 18 20 21 23 25 27 29 31 34 36 38 40 42 44 46 48 50 52 55 56 58 60 62 64 66 68 70 72 75 ]   sup=1
                                    [1 3 5 7 9 12 14 16 18 20 21 23 25 27 29 31 34 36 38 40 42 44 46 48 50 52 55 56 58 60 62 64 66 68 70 72 74 ]   sup=1
                                  [1 3 5 7 9 12 14 16 18 20 21 23 25 27 29 31 34 36 38 40 42 44 46 48 50 52 55 56 58 60 62 64 66 68 71 72 ]   sup=2
                                    [1 3 5 7 9 12 14 16 18 20 21 23 25 27 29 31 34 36 38 40 42 44 46 48 50 52 55 56 58 60 62 64 66 68 71 72 74 ]   sup=1
                                    [1 3 5 7 9 12 14 16 18 20 21 23 25 27 29 31 34 36 38 40 42 44 46 48 50 52 55 56 58 60 62 64 66 68 71 72 75 ]   sup=1
                                [1 3 5 7 9 12 14 16 18 20 21 23 25 27 29 31 34 36 38 40 42 44 46 48 50 52 54 56 58 60 62 64 66 68 ]   sup=4
                                  [1 3 5 7 9 12 14 16 18 20 21 23 25 27 29 31 34 36 38 40 42 44 46 48 50 52 54 56 58 60 62 64 66 68 70 72 ]   sup=2
                                    [1 3 5 7 9 12 14 16 18 20 21 23 25 27 29 31 34 36 38 40 42 44 46 48 50 52 54 56 58 60 62 64 66 68 70 72 75 ]   sup=1
                                    [1 3 5 7 9 12 14 16 18 20 21 23 25 27 29 31 34 36 38 40 42 44 46 48 50 52 54 56 58 60 62 64 66 68 70 72 74 ]   sup=1
                                  [1 3 5 7 9 12 14 16 18 20 21 23 25 27 29 31 34 36 38 40 42 44 46 48 50 52 54 56 58 60 62 64 66 68 71 72 ]   sup=2
                                    [1 3 5 7 9 12 14 16 18 20 21 23 25 27 29 31 34 36 38 40 42 44 46 48 50 52 54 56 58 60 62 64 66 68 71 72 74 ]   sup=1
                                    [1 3 5 7 9 12 14 16 18 20 21 23 25 27 29 31 34 36 38 40 42 44 46 48 50 52 54 56 58 60 62 64 66 68 71 72 75 ]   sup=1
                              [1 3 5 7 9 12 14 16 18 20 21 23 25 27 29 31 34 36 38 40 42 44 46 48 51 52 55 56 58 60 62 64 66 68 70 72 ]   sup=2
                                [1 3 5 7 9 12 14 16 18 20 21 23 25 27 29 31 34 36 38 40 42 44 46 48 51 52 55 56 58 60 62 64 66 68 70 72 75 ]   sup=1
                                [1 3 5 7 9 12 14 16 18 20 21 23 25 27 29 31 34 36 38 40 42 44 46 48 51 52 55 56 58 60 62 64 66 68 70 72 74 ]   sup=1
                            [1 3 5 7 9 12 14 16 18 20 21 23 25 27 29 31 34 36 38 40 42 44 47 48 50 52 ]   sup=2
                              [1 3 5 7 9 12 14 16 18 20 21 23 25 27 29 31 34 36 38 40 42 44 47 48 50 52 55 56 58 60 62 64 66 68 70 72 74 ]   sup=1
                              [1 3 5 7 9 12 14 16 18 20 21 23 25 27 29 31 34 36 38 40 42 44 47 48 50 52 54 56 58 60 62 64 66 68 70 72 74 ]   sup=1
                          [1 3 5 7 9 12 14 16 18 20 21 23 25 27 29 31 34 36 39 40 42 44 46 48 ]   sup=5
                            [1 3 5 7 9 12 14 16 18 20 21 23 25 27 29 31 34 36 39 40 42 44 46 48 51 52 ]   sup=3
                              [1 3 5 7 9 12 14 16 18 20 21 23 25 27 29 31 34 36 39 40 42 44 46 48 51 52 54 56 58 60 62 64 66 68 71 72 75 ]   sup=1
                              [1 3 5 7 9 12 14 16 18 20 21 23 25 27 29 31 34 36 39 40 42 44 46 48 51 52 55 56 58 60 62 64 66 68 71 72 ]   sup=2
                                [1 3 5 7 9 12 14 16 18 20 21 23 25 27 29 31 34 36 39 40 42 44 46 48 51 52 55 56 58 60 62 64 66 68 71 72 75 ]   sup=1
                                [1 3 5 7 9 12 14 16 18 20 21 23 25 27 29 31 34 36 39 40 42 44 46 48 51 52 55 56 58 60 62 64 66 68 71 72 74 ]   sup=1
                            [1 3 5 7 9 12 14 16 18 20 21 23 25 27 29 31 34 36 39 40 42 44 46 48 50 52 ]   sup=2
                              [1 3 5 7 9 12 14 16 18 20 21 23 25 27 29 31 34 36 39 40 42 44 46 48 50 52 55 56 58 60 62 64 66 68 71 72 74 ]   sup=1
                              [1 3 5 7 9 12 14 16 18 20 21 23 25 27 29 31 34 36 39 40 42 44 46 48 50 52 54 56 58 60 62 64 66 68 71 72 74 ]   sup=1
                        [1 3 5 7 9 12 14 16 18 20 21 23 25 28 29 31 34 36 ]   sup=15
                          [1 3 5 7 9 12 14 16 18 20 21 23 25 28 29 31 34 36 39 40 42 44 46 48 51 52 ]   sup=2
                            [1 3 5 7 9 12 14 16 18 20 21 23 25 28 29 31 34 36 39 40 42 44 46 48 51 52 54 56 58 60 62 64 66 68 71 72 74 ]   sup=1
                            [1 3 5 7 9 12 14 16 18 20 21 23 25 28 29 31 34 36 39 40 42 44 46 48 51 52 55 56 58 60 62 64 66 68 71 72 74 ]   sup=1
                          [1 3 5 7 9 12 14 16 18 20 21 23 25 28 29 31 34 36 38 40 42 44 ]   sup=13
                            [1 3 5 7 9 12 14 16 18 20 21 23 25 28 29 31 34 36 38 40 42 44 46 48 ]   sup=10
                              [1 3 5 7 9 12 14 16 18 20 21 23 25 28 29 31 34 36 38 40 42 44 46 48 51 52 ]   sup=4
                                [1 3 5 7 9 12 14 16 18 20 21 23 25 28 29 31 34 36 38 40 42 44 46 48 51 52 55 56 58 60 62 64 66 68 70 72 ]   sup=2
                                  [1 3 5 7 9 12 14 16 18 20 21 23 25 28 29 31 34 36 38 40 42 44 46 48 51 52 55 56 58 60 62 64 66 68 70 72 75 ]   sup=1
                                  [1 3 5 7 9 12 14 16 18 20 21 23 25 28 29 31 34 36 38 40 42 44 46 48 51 52 55 56 58 60 62 64 66 68 70 72 74 ]   sup=1
                                [1 3 5 7 9 12 14 16 18 20 21 23 25 28 29 31 34 36 38 40 42 44 46 48 51 52 54 56 58 60 62 64 66 68 70 72 ]   sup=2
                                  [1 3 5 7 9 12 14 16 18 20 21 23 25 28 29 31 34 36 38 40 42 44 46 48 51 52 54 56 58 60 62 64 66 68 70 72 75 ]   sup=1
                                  [1 3 5 7 9 12 14 16 18 20 21 23 25 28 29 31 34 36 38 40 42 44 46 48 51 52 54 56 58 60 62 64 66 68 70 72 74 ]   sup=1
                              [1 3 5 7 9 12 14 16 18 20 21 23 25 28 29 31 34 36 38 40 42 44 46 48 50 52 ]   sup=6
                                [1 3 5 7 9 12 14 16 18 20 21 23 25 28 29 31 34 36 38 40 42 44 46 48 50 52 55 56 58 60 62 64 66 68 ]   sup=3
                                  [1 3 5 7 9 12 14 16 18 20 21 23 25 28 29 31 34 36 38 40 42 44 46 48 50 52 55 56 58 60 62 64 66 68 70 72 ]   sup=2
                                    [1 3 5 7 9 12 14 16 18 20 21 23 25 28 29 31 34 36 38 40 42 44 46 48 50 52 55 56 58 60 62 64 66 68 70 72 74 ]   sup=1
                                    [1 3 5 7 9 12 14 16 18 20 21 23 25 28 29 31 34 36 38 40 42 44 46 48 50 52 55 56 58 60 62 64 66 68 70 72 75 ]   sup=1
                                  [1 3 5 7 9 12 14 16 18 20 21 23 25 28 29 31 34 36 38 40 42 44 46 48 50 52 55 56 58 60 62 64 66 68 71 72 74 ]   sup=1
                                [1 3 5 7 9 12 14 16 18 20 21 23 25 28 29 31 34 36 38 40 42 44 46 48 50 52 54 56 58 60 62 64 66 68 ]   sup=3
                                  [1 3 5 7 9 12 14 16 18 20 21 23 25 28 29 31 34 36 38 40 42 44 46 48 50 52 54 56 58 60 62 64 66 68 71 72 74 ]   sup=1
                                  [1 3 5 7 9 12 14 16 18 20 21 23 25 28 29 31 34 36 38 40 42 44 46 48 50 52 54 56 58 60 62 64 66 68 70 72 ]   sup=2
                                    [1 3 5 7 9 12 14 16 18 20 21 23 25 28 29 31 34 36 38 40 42 44 46 48 50 52 54 56 58 60 62 64 66 68 70 72 74 ]   sup=1
                                    [1 3 5 7 9 12 14 16 18 20 21 23 25 28 29 31 34 36 38 40 42 44 46 48 50 52 54 56 58 60 62 64 66 68 70 72 75 ]   sup=1
                            [1 3 5 7 9 12 14 16 18 20 21 23 25 28 29 31 34 36 38 40 42 44 47 48 50 52 ]   sup=3
                              [1 3 5 7 9 12 14 16 18 20 21 23 25 28 29 31 34 36 38 40 42 44 47 48 50 52 55 56 58 60 62 64 66 68 70 72 ]   sup=2
                                [1 3 5 7 9 12 14 16 18 20 21 23 25 28 29 31 34 36 38 40 42 44 47 48 50 52 55 56 58 60 62 64 66 68 70 72 75 ]   sup=1
                                [1 3 5 7 9 12 14 16 18 20 21 23 25 28 29 31 34 36 38 40 42 44 47 48 50 52 55 56 58 60 62 64 66 68 70 72 74 ]   sup=1
                              [1 3 5 7 9 12 14 16 18 20 21 23 25 28 29 31 34 36 38 40 42 44 47 48 50 52 54 56 58 60 62 64 66 68 70 72 74 ]   sup=1
                      [1 3 5 7 9 12 14 16 18 20 21 24 25 28 29 33 34 36 38 40 42 44 47 48 50 52 54 56 58 60 62 64 66 68 70 72 74 ]   sup=1
                  [1 3 5 7 9 12 14 16 17 ]   sup=87
                    [1 3 5 7 9 12 14 16 17 19 ]   sup=68
                      [1 3 5 7 9 12 14 16 17 19 22 ]   sup=8
                        [1 3 5 7 9 12 14 16 17 19 22 23 25 ]   sup=5
                          [1 3 5 7 9 12 14 16 17 19 22 23 25 27 29 31 34 36 38 40 42 45 46 48 50 52 55 56 58 60 62 64 66 68 70 72 75 ]   sup=1
                          [1 3 5 7 9 12 14 16 17 19 22 23 25 28 29 31 34 36 38 40 42 45 46 48 50 52 ]   sup=4
                            [1 3 5 7 9 12 14 16 17 19 22 23 25 28 29 31 34 36 38 40 42 45 46 48 50 52 55 56 58 60 62 64 66 ]   sup=3
                              [1 3 5 7 9 12 14 16 17 19 22 23 25 28 29 31 34 36 38 40 42 45 46 48 50 52 55 56 58 60 62 64 66 69 70 72 75 ]   sup=1
                              [1 3 5 7 9 12 14 16 17 19 22 23 25 28 29 31 34 36 38 40 42 45 46 48 50 52 55 56 58 60 62 64 66 68 70 72 ]   sup=2
                                [1 3 5 7 9 12 14 16 17 19 22 23 25 28 29 31 34 36 38 40 42 45 46 48 50 52 55 56 58 60 62 64 66 68 70 72 74 ]   sup=1
                                [1 3 5 7 9 12 14 16 17 19 22 23 25 28 29 31 34 36 38 40 42 45 46 48 50 52 55 56 58 60 62 64 66 68 70 72 75 ]   sup=1
                            [1 3 5 7 9 12 14 16 17 19 22 23 25 28 29 31 34 36 38 40 42 45 46 48 50 52 54 56 58 60 62 64 66 68 70 72 74 ]   sup=1
                        [1 3 5 7 9 12 14 16 17 19 22 24 25 ]   sup=3
                          [1 3 5 7 9 12 14 16 17 19 22 24 25 27 29 32 34 36 38 40 ]   sup=2
                            [1 3 5 7 9 12 14 16 17 19 22 24 25 27 29 32 34 36 38 40 43 45 46 48 50 52 54 56 58 60 62 65 66 69 70 72 74 ]   sup=1
                            [1 3 5 7 9 12 14 16 17 19 22 24 25 27 29 32 34 36 38 40 42 45 46 48 51 52 54 56 58 60 62 64 66 69 70 72 74 ]   sup=1
                          [1 3 5 7 9 12 14 16 17 19 22 24 25 28 29 31 34 36 38 40 42 45 46 48 50 52 54 56 58 60 62 64 66 68 70 72 74 ]   sup=1
                      [1 3 5 7 9 12 14 16 17 19 21 ]   sup=60
                        [1 3 5 7 9 12 14 16 17 19 21 23 25 ]   sup=30
                          [1 3 5 7 9 12 14 16 17 19 21 23 25 28 29 31 34 36 38 40 42 ]   sup=9
                            [1 3 5 7 9 12 14 16 17 19 21 23 25 28 29 31 34 36 38 40 42 44 46 48 ]   sup=8
                              [1 3 5 7 9 12 14 16 17 19 21 23 25 28 29 31 34 36 38 40 42 44 46 48 50 52 ]   sup=4
                                [1 3 5 7 9 12 14 16 17 19 21 23 25 28 29 31 34 36 38 40 42 44 46 48 50 52 55 56 58 60 62 64 66 68 70 72 ]   sup=2
                                  [1 3 5 7 9 12 14 16 17 19 21 23 25 28 29 31 34 36 38 40 42 44 46 48 50 52 55 56 58 60 62 64 66 68 70 72 74 ]   sup=1
                                  [1 3 5 7 9 12 14 16 17 19 21 23 25 28 29 31 34 36 38 40 42 44 46 48 50 52 55 56 58 60 62 64 66 68 70 72 75 ]   sup=1
                                [1 3 5 7 9 12 14 16 17 19 21 23 25 28 29 31 34 36 38 40 42 44 46 48 50 52 54 56 58 60 62 64 66 68 70 72 ]   sup=2
                                  [1 3 5 7 9 12 14 16 17 19 21 23 25 28 29 31 34 36 38 40 42 44 46 48 50 52 54 56 58 60 62 64 66 68 70 72 74 ]   sup=1
                                  [1 3 5 7 9 12 14 16 17 19 21 23 25 28 29 31 34 36 38 40 42 44 46 48 50 52 54 56 58 60 62 64 66 68 70 72 75 ]   sup=1
                              [1 3 5 7 9 12 14 16 17 19 21 23 25 28 29 31 34 36 38 40 42 44 46 48 51 52 ]   sup=4
                                [1 3 5 7 9 12 14 16 17 19 21 23 25 28 29 31 34 36 38 40 42 44 46 48 51 52 55 56 58 60 62 64 66 68 70 72 ]   sup=2
                                  [1 3 5 7 9 12 14 16 17 19 21 23 25 28 29 31 34 36 38 40 42 44 46 48 51 52 55 56 58 60 62 64 66 68 70 72 75 ]   sup=1
                                  [1 3 5 7 9 12 14 16 17 19 21 23 25 28 29 31 34 36 38 40 42 44 46 48 51 52 55 56 58 60 62 64 66 68 70 72 74 ]   sup=1
                                [1 3 5 7 9 12 14 16 17 19 21 23 25 28 29 31 34 36 38 40 42 44 46 48 51 52 54 56 58 60 62 64 66 68 70 72 ]   sup=2
                                  [1 3 5 7 9 12 14 16 17 19 21 23 25 28 29 31 34 36 38 40 42 44 46 48 51 52 54 56 58 60 62 64 66 68 70 72 74 ]   sup=1
                                  [1 3 5 7 9 12 14 16 17 19 21 23 25 28 29 31 34 36 38 40 42 44 46 48 51 52 54 56 58 60 62 64 66 68 70 72 75 ]   sup=1
                            [1 3 5 7 9 12 14 16 17 19 21 23 25 28 29 31 34 36 38 40 42 45 46 48 51 52 55 56 58 60 62 64 66 68 70 72 74 ]   sup=1
                          [1 3 5 7 9 12 14 16 17 19 21 23 25 27 29 31 34 36 ]   sup=21
                            [1 3 5 7 9 12 14 16 17 19 21 23 25 27 29 31 34 36 38 40 42 ]   sup=11
                              [1 3 5 7 9 12 14 16 17 19 21 23 25 27 29 31 34 36 38 40 42 45 46 48 51 52 55 56 58 60 62 64 66 69 70 72 74 ]   sup=1
                              [1 3 5 7 9 12 14 16 17 19 21 23 25 27 29 31 34 36 38 40 42 44 46 48 ]   sup=10
                                [1 3 5 7 9 12 14 16 17 19 21 23 25 27 29 31 34 36 38 40 42 44 46 48 51 52 55 56 58 60 62 64 66 68 70 72 ]   sup=2
                                  [1 3 5 7 9 12 14 16 17 19 21 23 25 27 29 31 34 36 38 40 42 44 46 48 51 52 55 56 58 60 62 64 66 68 70 72 75 ]   sup=1
                                  [1 3 5 7 9 12 14 16 17 19 21 23 25 27 29 31 34 36 38 40 42 44 46 48 51 52 55 56 58 60 62 64 66 68 70 72 74 ]   sup=1
                                [1 3 5 7 9 12 14 16 17 19 21 23 25 27 29 31 34 36 38 40 42 44 46 48 50 52 ]   sup=8
                                  [1 3 5 7 9 12 14 16 17 19 21 23 25 27 29 31 34 36 38 40 42 44 46 48 50 52 54 56 58 60 62 64 66 68 ]   sup=4
                                    [1 3 5 7 9 12 14 16 17 19 21 23 25 27 29 31 34 36 38 40 42 44 46 48 50 52 54 56 58 60 62 64 66 68 71 72 ]   sup=2
                                      [1 3 5 7 9 12 14 16 17 19 21 23 25 27 29 31 34 36 38 40 42 44 46 48 50 52 54 56 58 60 62 64 66 68 71 72 75 ]   sup=1
                                      [1 3 5 7 9 12 14 16 17 19 21 23 25 27 29 31 34 36 38 40 42 44 46 48 50 52 54 56 58 60 62 64 66 68 71 72 74 ]   sup=1
                                    [1 3 5 7 9 12 14 16 17 19 21 23 25 27 29 31 34 36 38 40 42 44 46 48 50 52 54 56 58 60 62 64 66 68 70 72 ]   sup=2
                                      [1 3 5 7 9 12 14 16 17 19 21 23 25 27 29 31 34 36 38 40 42 44 46 48 50 52 54 56 58 60 62 64 66 68 70 72 75 ]   sup=1
                                      [1 3 5 7 9 12 14 16 17 19 21 23 25 27 29 31 34 36 38 40 42 44 46 48 50 52 54 56 58 60 62 64 66 68 70 72 74 ]   sup=1
                                  [1 3 5 7 9 12 14 16 17 19 21 23 25 27 29 31 34 36 38 40 42 44 46 48 50 52 55 56 58 60 62 64 66 68 ]   sup=4
                                    [1 3 5 7 9 12 14 16 17 19 21 23 25 27 29 31 34 36 38 40 42 44 46 48 50 52 55 56 58 60 62 64 66 68 70 72 ]   sup=2
                                      [1 3 5 7 9 12 14 16 17 19 21 23 25 27 29 31 34 36 38 40 42 44 46 48 50 52 55 56 58 60 62 64 66 68 70 72 75 ]   sup=1
                                      [1 3 5 7 9 12 14 16 17 19 21 23 25 27 29 31 34 36 38 40 42 44 46 48 50 52 55 56 58 60 62 64 66 68 70 72 74 ]   sup=1
                                    [1 3 5 7 9 12 14 16 17 19 21 23 25 27 29 31 34 36 38 40 42 44 46 48 50 52 55 56 58 60 62 64 66 68 71 72 ]   sup=2
                                      [1 3 5 7 9 12 14 16 17 19 21 23 25 27 29 31 34 36 38 40 42 44 46 48 50 52 55 56 58 60 62 64 66 68 71 72 74 ]   sup=1
                                      [1 3 5 7 9 12 14 16 17 19 21 23 25 27 29 31 34 36 38 40 42 44 46 48 50 52 55 56 58 60 62 64 66 68 71 72 75 ]   sup=1
                            [1 3 5 7 9 12 14 16 17 19 21 23 25 27 29 31 34 36 39 40 42 ]   sup=10
                              [1 3 5 7 9 12 14 16 17 19 21 23 25 27 29 31 34 36 39 40 42 45 46 48 ]   sup=4
                                [1 3 5 7 9 12 14 16 17 19 21 23 25 27 29 31 34 36 39 40 42 45 46 48 50 52 55 56 58 60 ]   sup=2
                                  [1 3 5 7 9 12 14 16 17 19 21 23 25 27 29 31 34 36 39 40 42 45 46 48 50 52 55 56 58 60 63 64 66 69 71 72 75 ]   sup=1
                                  [1 3 5 7 9 12 14 16 17 19 21 23 25 27 29 31 34 36 39 40 42 45 46 48 50 52 55 56 58 60 62 64 66 68 71 72 74 ]   sup=1
                                [1 3 5 7 9 12 14 16 17 19 21 23 25 27 29 31 34 36 39 40 42 45 46 48 51 52 55 56 58 60 62 64 66 ]   sup=2
                                  [1 3 5 7 9 12 14 16 17 19 21 23 25 27 29 31 34 36 39 40 42 45 46 48 51 52 55 56 58 60 62 64 66 69 71 72 74 ]   sup=1
                                  [1 3 5 7 9 12 14 16 17 19 21 23 25 27 29 31 34 36 39 40 42 45 46 48 51 52 55 56 58 60 62 64 66 68 71 72 75 ]   sup=1
                              [1 3 5 7 9 12 14 16 17 19 21 23 25 27 29 31 34 36 39 40 42 44 46 48 ]   sup=6
                                [1 3 5 7 9 12 14 16 17 19 21 23 25 27 29 31 34 36 39 40 42 44 46 48 51 52 ]   sup=2
                                  [1 3 5 7 9 12 14 16 17 19 21 23 25 27 29 31 34 36 39 40 42 44 46 48 51 52 54 56 58 60 62 64 66 68 71 72 75 ]   sup=1
                                  [1 3 5 7 9 12 14 16 17 19 21 23 25 27 29 31 34 36 39 40 42 44 46 48 51 52 55 56 58 60 62 64 66 68 71 72 75 ]   sup=1
                                [1 3 5 7 9 12 14 16 17 19 21 23 25 27 29 31 34 36 39 40 42 44 46 48 50 52 ]   sup=4
                                  [1 3 5 7 9 12 14 16 17 19 21 23 25 27 29 31 34 36 39 40 42 44 46 48 50 52 55 56 58 60 62 64 66 68 ]   sup=2
                                    [1 3 5 7 9 12 14 16 17 19 21 23 25 27 29 31 34 36 39 40 42 44 46 48 50 52 55 56 58 60 62 64 66 68 70 72 74 ]   sup=1
                                    [1 3 5 7 9 12 14 16 17 19 21 23 25 27 29 31 34 36 39 40 42 44 46 48 50 52 55 56 58 60 62 64 66 68 71 72 74 ]   sup=1
                                  [1 3 5 7 9 12 14 16 17 19 21 23 25 27 29 31 34 36 39 40 42 44 46 48 50 52 54 56 58 60 62 64 66 68 ]   sup=2
                                    [1 3 5 7 9 12 14 16 17 19 21 23 25 27 29 31 34 36 39 40 42 44 46 48 50 52 54 56 58 60 62 64 66 68 70 72 74 ]   sup=1
                                    [1 3 5 7 9 12 14 16 17 19 21 23 25 27 29 31 34 36 39 40 42 44 46 48 50 52 54 56 58 60 62 64 66 68 71 72 74 ]   sup=1
                        [1 3 5 7 9 12 14 16 17 19 21 24 25 ]   sup=30
                          [1 3 5 7 9 12 14 16 17 19 21 24 25 27 29 ]   sup=26
                            [1 3 5 7 9 12 14 16 17 19 21 24 25 27 29 31 34 36 ]   sup=9
                              [1 3 5 7 9 12 14 16 17 19 21 24 25 27 29 31 34 36 39 40 ]   sup=5
                                [1 3 5 7 9 12 14 16 17 19 21 24 25 27 29 31 34 36 39 40 42 44 46 48 ]   sup=4
                                  [1 3 5 7 9 12 14 16 17 19 21 24 25 27 29 31 34 36 39 40 42 44 46 48 51 52 54 56 58 60 62 64 66 68 71 ]   sup=2
                                    [1 3 5 7 9 12 14 16 17 19 21 24 25 27 29 31 34 36 39 40 42 44 46 48 51 52 54 56 58 60 62 64 66 68 71 72 74 ]   sup=1
                                    [1 3 5 7 9 12 14 16 17 19 21 24 25 27 29 31 34 36 39 40 42 44 46 48 51 52 54 56 58 60 62 64 66 68 71 73 74 ]   sup=1
                                  [1 3 5 7 9 12 14 16 17 19 21 24 25 27 29 31 34 36 39 40 42 44 46 48 50 52 54 56 58 60 62 64 66 68 71 ]   sup=2
                                    [1 3 5 7 9 12 14 16 17 19 21 24 25 27 29 31 34 36 39 40 42 44 46 48 50 52 54 56 58 60 62 64 66 68 71 73 74 ]   sup=1
                                    [1 3 5 7 9 12 14 16 17 19 21 24 25 27 29 31 34 36 39 40 42 44 46 48 50 52 54 56 58 60 62 64 66 68 71 72 74 ]   sup=1
                                [1 3 5 7 9 12 14 16 17 19 21 24 25 27 29 31 34 36 39 40 43 44 46 48 50 52 54 56 58 60 62 64 66 68 71 73 74 ]   sup=1
                              [1 3 5 7 9 12 14 16 17 19 21 24 25 27 29 31 34 36 38 40 42 44 46 48 50 52 54 56 58 60 62 64 66 68 ]   sup=4
                                [1 3 5 7 9 12 14 16 17 19 21 24 25 27 29 31 34 36 38 40 42 44 46 48 50 52 54 56 58 60 62 64 66 68 70 ]   sup=2
                                  [1 3 5 7 9 12 14 16 17 19 21 24 25 27 29 31 34 36 38 40 42 44 46 48 50 52 54 56 58 60 62 64 66 68 70 72 74 ]   sup=1
                                  [1 3 5 7 9 12 14 16 17 19 21 24 25 27 29 31 34 36 38 40 42 44 46 48 50 52 54 56 58 60 62 64 66 68 70 73 74 ]   sup=1
                                [1 3 5 7 9 12 14 16 17 19 21 24 25 27 29 31 34 36 38 40 42 44 46 48 50 52 54 56 58 60 62 64 66 68 71 ]   sup=2
                                  [1 3 5 7 9 12 14 16 17 19 21 24 25 27 29 31 34 36 38 40 42 44 46 48 50 52 54 56 58 60 62 64 66 68 71 72 74 ]   sup=1
                                  [1 3 5 7 9 12 14 16 17 19 21 24 25 27 29 31 34 36 38 40 42 44 46 48 50 52 54 56 58 60 62 64 66 68 71 73 74 ]   sup=1
                            [1 3 5 7 9 12 14 16 17 19 21 24 25 27 29 32 34 36 ]   sup=17
                              [1 3 5 7 9 12 14 16 17 19 21 24 25 27 29 32 34 36 38 40 ]   sup=6
                                [1 3 5 7 9 12 14 16 17 19 21 24 25 27 29 32 34 36 38 40 42 44 46 48 50 52 54 56 58 60 62 64 66 68 ]   sup=4
                                  [1 3 5 7 9 12 14 16 17 19 21 24 25 27 29 32 34 36 38 40 42 44 46 48 50 52 54 56 58 60 62 64 66 68 70 ]   sup=2
                                    [1 3 5 7 9 12 14 16 17 19 21 24 25 27 29 32 34 36 38 40 42 44 46 48 50 52 54 56 58 60 62 64 66 68 70 73 74 ]   sup=1
                                    [1 3 5 7 9 12 14 16 17 19 21 24 25 27 29 32 34 36 38 40 42 44 46 48 50 52 54 56 58 60 62 64 66 68 70 72 74 ]   sup=1
                                  [1 3 5 7 9 12 14 16 17 19 21 24 25 27 29 32 34 36 38 40 42 44 46 48 50 52 54 56 58 60 62 64 66 68 71 ]   sup=2
                                    [1 3 5 7 9 12 14 16 17 19 21 24 25 27 29 32 34 36 38 40 42 44 46 48 50 52 54 56 58 60 62 64 66 68 71 73 74 ]   sup=1
                                    [1 3 5 7 9 12 14 16 17 19 21 24 25 27 29 32 34 36 38 40 42 44 46 48 50 52 54 56 58 60 62 64 66 68 71 72 74 ]   sup=1
                                [1 3 5 7 9 12 14 16 17 19 21 24 25 27 29 32 34 36 38 40 43 44 46 48 50 52 54 56 58 60 62 ]   sup=2
                                  [1 3 5 7 9 12 14 16 17 19 21 24 25 27 29 32 34 36 38 40 43 44 46 48 50 52 54 56 58 60 62 64 66 68 71 73 74 ]   sup=1
                                  [1 3 5 7 9 12 14 16 17 19 21 24 25 27 29 32 34 36 38 40 43 44 46 48 50 52 54 56 58 60 62 65 66 68 71 72 74 ]   sup=1
                              [1 3 5 7 9 12 14 16 17 19 21 24 25 27 29 32 34 36 39 40 ]   sup=11
                                [1 3 5 7 9 12 14 16 17 19 21 24 25 27 29 32 34 36 39 40 42 44 46 48 ]   sup=7
                                  [1 3 5 7 9 12 14 16 17 19 21 24 25 27 29 32 34 36 39 40 42 44 46 48 50 52 54 56 58 60 62 64 66 68 ]   sup=3
                                    [1 3 5 7 9 12 14 16 17 19 21 24 25 27 29 32 34 36 39 40 42 44 46 48 50 52 54 56 58 60 62 64 66 68 70 72 74 ]   sup=1
                                    [1 3 5 7 9 12 14 16 17 19 21 24 25 27 29 32 34 36 39 40 42 44 46 48 50 52 54 56 58 60 62 64 66 68 71 ]   sup=2
                                      [1 3 5 7 9 12 14 16 17 19 21 24 25 27 29 32 34 36 39 40 42 44 46 48 50 52 54 56 58 60 62 64 66 68 71 72 74 ]   sup=1
                                      [1 3 5 7 9 12 14 16 17 19 21 24 25 27 29 32 34 36 39 40 42 44 46 48 50 52 54 56 58 60 62 64 66 68 71 73 74 ]   sup=1
                                  [1 3 5 7 9 12 14 16 17 19 21 24 25 27 29 32 34 36 39 40 42 44 46 48 51 52 54 56 58 60 62 64 66 68 ]   sup=4
                                    [1 3 5 7 9 12 14 16 17 19 21 24 25 27 29 32 34 36 39 40 42 44 46 48 51 52 54 56 58 60 62 64 66 68 71 ]   sup=2
                                      [1 3 5 7 9 12 14 16 17 19 21 24 25 27 29 32 34 36 39 40 42 44 46 48 51 52 54 56 58 60 62 64 66 68 71 73 74 ]   sup=1
                                      [1 3 5 7 9 12 14 16 17 19 21 24 25 27 29 32 34 36 39 40 42 44 46 48 51 52 54 56 58 60 62 64 66 68 71 72 74 ]   sup=1
                                    [1 3 5 7 9 12 14 16 17 19 21 24 25 27 29 32 34 36 39 40 42 44 46 48 51 52 54 56 58 60 62 64 66 68 70 ]   sup=2
                                      [1 3 5 7 9 12 14 16 17 19 21 24 25 27 29 32 34 36 39 40 42 44 46 48 51 52 54 56 58 60 62 64 66 68 70 73 74 ]   sup=1
                                      [1 3 5 7 9 12 14 16 17 19 21 24 25 27 29 32 34 36 39 40 42 44 46 48 51 52 54 56 58 60 62 64 66 68 70 72 74 ]   sup=1
                                [1 3 5 7 9 12 14 16 17 19 21 24 25 27 29 32 34 36 39 40 43 ]   sup=4
                                  [1 3 5 7 9 12 14 16 17 19 21 24 25 27 29 32 34 36 39 40 43 45 46 48 50 52 54 56 58 60 62 65 66 68 71 72 74 ]   sup=1
                                  [1 3 5 7 9 12 14 16 17 19 21 24 25 27 29 32 34 36 39 40 43 44 46 48 ]   sup=3
                                    [1 3 5 7 9 12 14 16 17 19 21 24 25 27 29 32 34 36 39 40 43 44 46 48 50 52 54 56 58 60 62 64 66 68 71 73 74 ]   sup=1
                                    [1 3 5 7 9 12 14 16 17 19 21 24 25 27 29 32 34 36 39 40 43 44 46 48 51 52 54 56 58 60 62 ]   sup=2
                                      [1 3 5 7 9 12 14 16 17 19 21 24 25 27 29 32 34 36 39 40 43 44 46 48 51 52 54 56 58 60 62 65 66 68 71 72 74 ]   sup=1
                                      [1 3 5 7 9 12 14 16 17 19 21 24 25 27 29 32 34 36 39 40 43 44 46 48 51 52 54 56 58 60 62 64 66 68 71 73 74 ]   sup=1
                          [1 3 5 7 9 12 14 16 17 19 21 24 25 28 29 31 34 36 38 40 42 44 46 48 ]   sup=4
                            [1 3 5 7 9 12 14 16 17 19 21 24 25 28 29 31 34 36 38 40 42 44 46 48 50 52 54 56 58 60 62 64 66 68 70 ]   sup=2
                              [1 3 5 7 9 12 14 16 17 19 21 24 25 28 29 31 34 36 38 40 42 44 46 48 50 52 54 56 58 60 62 64 66 68 70 72 74 ]   sup=1
                              [1 3 5 7 9 12 14 16 17 19 21 24 25 28 29 31 34 36 38 40 42 44 46 48 50 52 54 56 58 60 62 64 66 68 70 73 74 ]   sup=1
                            [1 3 5 7 9 12 14 16 17 19 21 24 25 28 29 31 34 36 38 40 42 44 46 48 51 52 54 56 58 60 62 64 66 68 70 ]   sup=2
                              [1 3 5 7 9 12 14 16 17 19 21 24 25 28 29 31 34 36 38 40 42 44 46 48 51 52 54 56 58 60 62 64 66 68 70 72 74 ]   sup=1
                              [1 3 5 7 9 12 14 16 17 19 21 24 25 28 29 31 34 36 38 40 42 44 46 48 51 52 54 56 58 60 62 64 66 68 70 73 74 ]   sup=1
                    [1 3 5 7 9 12 14 16 17 20 21 ]   sup=19
                      [1 3 5 7 9 12 14 16 17 20 21 24 25 ]   sup=7
                        [1 3 5 7 9 12 14 16 17 20 21 24 25 28 29 ]   sup=3
                          [1 3 5 7 9 12 14 16 17 20 21 24 25 28 29 31 34 36 38 40 42 44 47 48 ]   sup=2
                            [1 3 5 7 9 12 14 16 17 20 21 24 25 28 29 31 34 36 38 40 42 44 47 48 51 52 54 56 58 60 62 64 66 68 70 72 74 ]   sup=1
                            [1 3 5 7 9 12 14 16 17 20 21 24 25 28 29 31 34 36 38 40 42 44 47 48 50 52 54 56 58 60 62 64 66 68 70 72 74 ]   sup=1
                          [1 3 5 7 9 12 14 16 17 20 21 24 25 28 29 33 34 36 38 40 42 44 47 48 50 52 54 56 58 60 62 64 66 68 70 72 74 ]   sup=1
                        [1 3 5 7 9 12 14 16 17 20 21 24 25 27 29 31 34 36 ]   sup=4
                          [1 3 5 7 9 12 14 16 17 20 21 24 25 27 29 31 34 36 39 40 42 44 47 48 51 52 54 56 58 60 62 65 66 68 71 72 74 ]   sup=1
                          [1 3 5 7 9 12 14 16 17 20 21 24 25 27 29 31 34 36 38 40 ]   sup=3
                            [1 3 5 7 9 12 14 16 17 20 21 24 25 27 29 31 34 36 38 40 42 44 47 48 50 52 54 56 58 60 62 65 66 68 71 72 74 ]   sup=1
                            [1 3 5 7 9 12 14 16 17 20 21 24 25 27 29 31 34 36 38 40 43 44 47 48 ]   sup=2
                              [1 3 5 7 9 12 14 16 17 20 21 24 25 27 29 31 34 36 38 40 43 44 47 48 50 52 54 56 58 60 62 65 66 68 70 72 74 ]   sup=1
                              [1 3 5 7 9 12 14 16 17 20 21 24 25 27 29 31 34 36 38 40 43 44 47 48 51 52 54 56 58 60 62 65 66 68 70 72 74 ]   sup=1
                      [1 3 5 7 9 12 14 16 17 20 21 23 25 ]   sup=12
                        [1 3 5 7 9 12 14 16 17 20 21 23 25 28 29 31 34 36 38 40 42 44 47 48 ]   sup=6
                          [1 3 5 7 9 12 14 16 17 20 21 23 25 28 29 31 34 36 38 40 42 44 47 48 51 52 ]   sup=3
                            [1 3 5 7 9 12 14 16 17 20 21 23 25 28 29 31 34 36 38 40 42 44 47 48 51 52 54 56 58 60 62 64 66 68 70 72 74 ]   sup=1
                            [1 3 5 7 9 12 14 16 17 20 21 23 25 28 29 31 34 36 38 40 42 44 47 48 51 52 55 56 58 60 62 64 66 68 70 72 ]   sup=2
                              [1 3 5 7 9 12 14 16 17 20 21 23 25 28 29 31 34 36 38 40 42 44 47 48 51 52 55 56 58 60 62 64 66 68 70 72 75 ]   sup=1
                              [1 3 5 7 9 12 14 16 17 20 21 23 25 28 29 31 34 36 38 40 42 44 47 48 51 52 55 56 58 60 62 64 66 68 70 72 74 ]   sup=1
                          [1 3 5 7 9 12 14 16 17 20 21 23 25 28 29 31 34 36 38 40 42 44 47 48 50 52 ]   sup=3
                            [1 3 5 7 9 12 14 16 17 20 21 23 25 28 29 31 34 36 38 40 42 44 47 48 50 52 54 56 58 60 62 64 66 68 70 72 74 ]   sup=1
                            [1 3 5 7 9 12 14 16 17 20 21 23 25 28 29 31 34 36 38 40 42 44 47 48 50 52 55 56 58 60 62 64 66 68 70 72 ]   sup=2
                              [1 3 5 7 9 12 14 16 17 20 21 23 25 28 29 31 34 36 38 40 42 44 47 48 50 52 55 56 58 60 62 64 66 68 70 72 74 ]   sup=1
                              [1 3 5 7 9 12 14 16 17 20 21 23 25 28 29 31 34 36 38 40 42 44 47 48 50 52 55 56 58 60 62 64 66 68 70 72 75 ]   sup=1
                        [1 3 5 7 9 12 14 16 17 20 21 23 25 27 29 31 34 36 ]   sup=6
                          [1 3 5 7 9 12 14 16 17 20 21 23 25 27 29 31 34 36 38 40 42 44 47 48 ]   sup=5
                            [1 3 5 7 9 12 14 16 17 20 21 23 25 27 29 31 34 36 38 40 42 44 47 48 50 52 ]   sup=4
                              [1 3 5 7 9 12 14 16 17 20 21 23 25 27 29 31 34 36 38 40 42 44 47 48 50 52 55 56 58 60 62 64 66 68 ]   sup=3
                                [1 3 5 7 9 12 14 16 17 20 21 23 25 27 29 31 34 36 38 40 42 44 47 48 50 52 55 56 58 60 62 64 66 68 71 72 ]   sup=2
                                  [1 3 5 7 9 12 14 16 17 20 21 23 25 27 29 31 34 36 38 40 42 44 47 48 50 52 55 56 58 60 62 64 66 68 71 72 74 ]   sup=1
                                  [1 3 5 7 9 12 14 16 17 20 21 23 25 27 29 31 34 36 38 40 42 44 47 48 50 52 55 56 58 60 62 64 66 68 71 72 75 ]   sup=1
                                [1 3 5 7 9 12 14 16 17 20 21 23 25 27 29 31 34 36 38 40 42 44 47 48 50 52 55 56 58 60 62 64 66 68 70 72 74 ]   sup=1
                              [1 3 5 7 9 12 14 16 17 20 21 23 25 27 29 31 34 36 38 40 42 44 47 48 50 52 54 56 58 60 62 64 66 68 70 72 74 ]   sup=1
                            [1 3 5 7 9 12 14 16 17 20 21 23 25 27 29 31 34 36 38 40 42 44 47 48 51 52 55 56 58 60 62 64 66 68 70 72 74 ]   sup=1
                          [1 3 5 7 9 12 14 16 17 20 21 23 25 27 29 31 34 36 39 40 42 44 47 48 51 52 55 56 58 60 62 64 66 68 71 72 75 ]   sup=1
              [1 3 5 7 9 12 13 ]   sup=191
                [1 3 5 7 9 12 13 15 17 ]   sup=104
                  [1 3 5 7 9 12 13 15 17 19 ]   sup=71
                    [1 3 5 7 9 12 13 15 17 19 21 ]   sup=50
                      [1 3 5 7 9 12 13 15 17 19 21 23 ]   sup=36
                        [1 3 5 7 9 12 13 15 17 19 21 23 25 ]   sup=35
                          [1 3 5 7 9 12 13 15 17 19 21 23 25 27 29 31 34 36 ]   sup=26
                            [1 3 5 7 9 12 13 15 17 19 21 23 25 27 29 31 34 36 38 40 42 44 46 48 ]   sup=6
                              [1 3 5 7 9 12 13 15 17 19 21 23 25 27 29 31 34 36 38 40 42 44 46 48 50 52 ]   sup=4
                                [1 3 5 7 9 12 13 15 17 19 21 23 25 27 29 31 34 36 38 40 42 44 46 48 50 52 55 ]   sup=3
                                  [1 3 5 7 9 12 13 15 17 19 21 23 25 27 29 31 34 36 38 40 42 44 46 48 50 52 55 57 58 60 62 64 66 68 70 72 75 ]   sup=1
                                  [1 3 5 7 9 12 13 15 17 19 21 23 25 27 29 31 34 36 38 40 42 44 46 48 50 52 55 56 58 60 62 64 66 68 70 72 ]   sup=2
                                    [1 3 5 7 9 12 13 15 17 19 21 23 25 27 29 31 34 36 38 40 42 44 46 48 50 52 55 56 58 60 62 64 66 68 70 72 74 ]   sup=1
                                    [1 3 5 7 9 12 13 15 17 19 21 23 25 27 29 31 34 36 38 40 42 44 46 48 50 52 55 56 58 60 62 64 66 68 70 72 75 ]   sup=1
                                [1 3 5 7 9 12 13 15 17 19 21 23 25 27 29 31 34 36 38 40 42 44 46 48 50 52 54 56 58 60 62 64 66 68 70 72 74 ]   sup=1
                              [1 3 5 7 9 12 13 15 17 19 21 23 25 27 29 31 34 36 38 40 42 44 46 48 51 52 55 56 58 60 62 64 66 68 70 72 ]   sup=2
                                [1 3 5 7 9 12 13 15 17 19 21 23 25 27 29 31 34 36 38 40 42 44 46 48 51 52 55 56 58 60 62 64 66 68 70 72 75 ]   sup=1
                                [1 3 5 7 9 12 13 15 17 19 21 23 25 27 29 31 34 36 38 40 42 44 46 48 51 52 55 56 58 60 62 64 66 68 70 72 74 ]   sup=1
                            [1 3 5 7 9 12 13 15 17 19 21 23 25 27 29 31 34 36 39 40 42 ]   sup=20
                              [1 3 5 7 9 12 13 15 17 19 21 23 25 27 29 31 34 36 39 40 42 45 46 48 ]   sup=15
                                [1 3 5 7 9 12 13 15 17 19 21 23 25 27 29 31 34 36 39 40 42 45 46 48 51 52 ]   sup=5
                                  [1 3 5 7 9 12 13 15 17 19 21 23 25 27 29 31 34 36 39 40 42 45 46 48 51 52 55 ]   sup=3
                                    [1 3 5 7 9 12 13 15 17 19 21 23 25 27 29 31 34 36 39 40 42 45 46 48 51 52 55 56 58 60 62 64 66 ]   sup=2
                                      [1 3 5 7 9 12 13 15 17 19 21 23 25 27 29 31 34 36 39 40 42 45 46 48 51 52 55 56 58 60 62 64 66 68 71 72 74 ]   sup=1
                                      [1 3 5 7 9 12 13 15 17 19 21 23 25 27 29 31 34 36 39 40 42 45 46 48 51 52 55 56 58 60 62 64 66 69 71 72 74 ]   sup=1
                                    [1 3 5 7 9 12 13 15 17 19 21 23 25 27 29 31 34 36 39 40 42 45 46 48 51 52 55 57 58 60 62 64 66 69 71 72 75 ]   sup=1
                                  [1 3 5 7 9 12 13 15 17 19 21 23 25 27 29 31 34 36 39 40 42 45 46 48 51 52 54 56 58 60 62 64 66 ]   sup=2
                                    [1 3 5 7 9 12 13 15 17 19 21 23 25 27 29 31 34 36 39 40 42 45 46 48 51 52 54 56 58 60 62 64 66 68 71 72 74 ]   sup=1
                                    [1 3 5 7 9 12 13 15 17 19 21 23 25 27 29 31 34 36 39 40 42 45 46 48 51 52 54 56 58 60 62 64 66 69 71 72 75 ]   sup=1
                                [1 3 5 7 9 12 13 15 17 19 21 23 25 27 29 31 34 36 39 40 42 45 46 48 50 52 ]   sup=10
                                  [1 3 5 7 9 12 13 15 17 19 21 23 25 27 29 31 34 36 39 40 42 45 46 48 50 52 55 ]   sup=7
                                    [1 3 5 7 9 12 13 15 17 19 21 23 25 27 29 31 34 36 39 40 42 45 46 48 50 52 55 56 58 60 ]   sup=5
                                      [1 3 5 7 9 12 13 15 17 19 21 23 25 27 29 31 34 36 39 40 42 45 46 48 50 52 55 56 58 60 62 64 66 ]   sup=4
                                        [1 3 5 7 9 12 13 15 17 19 21 23 25 27 29 31 34 36 39 40 42 45 46 48 50 52 55 56 58 60 62 64 66 68 71 72 ]   sup=2
                                          [1 3 5 7 9 12 13 15 17 19 21 23 25 27 29 31 34 36 39 40 42 45 46 48 50 52 55 56 58 60 62 64 66 68 71 72 74 ]   sup=1
                                          [1 3 5 7 9 12 13 15 17 19 21 23 25 27 29 31 34 36 39 40 42 45 46 48 50 52 55 56 58 60 62 64 66 68 71 72 75 ]   sup=1
                                        [1 3 5 7 9 12 13 15 17 19 21 23 25 27 29 31 34 36 39 40 42 45 46 48 50 52 55 56 58 60 62 64 66 69 71 72 ]   sup=2
                                          [1 3 5 7 9 12 13 15 17 19 21 23 25 27 29 31 34 36 39 40 42 45 46 48 50 52 55 56 58 60 62 64 66 69 71 72 74 ]   sup=1
                                          [1 3 5 7 9 12 13 15 17 19 21 23 25 27 29 31 34 36 39 40 42 45 46 48 50 52 55 56 58 60 62 64 66 69 71 72 75 ]   sup=1
                                      [1 3 5 7 9 12 13 15 17 19 21 23 25 27 29 31 34 36 39 40 42 45 46 48 50 52 55 56 58 60 63 64 66 69 71 72 75 ]   sup=1
                                    [1 3 5 7 9 12 13 15 17 19 21 23 25 27 29 31 34 36 39 40 42 45 46 48 50 52 55 57 58 60 ]   sup=2
                                      [1 3 5 7 9 12 13 15 17 19 21 23 25 27 29 31 34 36 39 40 42 45 46 48 50 52 55 57 58 60 62 64 66 69 71 72 75 ]   sup=1
                                      [1 3 5 7 9 12 13 15 17 19 21 23 25 27 29 31 34 36 39 40 42 45 46 48 50 52 55 57 58 60 63 64 66 69 71 72 75 ]   sup=1
                                  [1 3 5 7 9 12 13 15 17 19 21 23 25 27 29 31 34 36 39 40 42 45 46 48 50 52 54 ]   sup=3
                                    [1 3 5 7 9 12 13 15 17 19 21 23 25 27 29 31 34 36 39 40 42 45 46 48 50 52 54 57 58 60 63 64 66 69 71 72 75 ]   sup=1
                                    [1 3 5 7 9 12 13 15 17 19 21 23 25 27 29 31 34 36 39 40 42 45 46 48 50 52 54 56 58 60 62 64 66 ]   sup=2
                                      [1 3 5 7 9 12 13 15 17 19 21 23 25 27 29 31 34 36 39 40 42 45 46 48 50 52 54 56 58 60 62 64 66 68 71 72 74 ]   sup=1
                                      [1 3 5 7 9 12 13 15 17 19 21 23 25 27 29 31 34 36 39 40 42 45 46 48 50 52 54 56 58 60 62 64 66 69 71 72 75 ]   sup=1
                              [1 3 5 7 9 12 13 15 17 19 21 23 25 27 29 31 34 36 39 40 42 44 46 48 ]   sup=5
                                [1 3 5 7 9 12 13 15 17 19 21 23 25 27 29 31 34 36 39 40 42 44 46 48 50 52 ]   sup=3
                                  [1 3 5 7 9 12 13 15 17 19 21 23 25 27 29 31 34 36 39 40 42 44 46 48 50 52 54 56 58 60 62 64 66 68 70 72 74 ]   sup=1
                                  [1 3 5 7 9 12 13 15 17 19 21 23 25 27 29 31 34 36 39 40 42 44 46 48 50 52 55 56 58 60 62 64 66 68 70 72 ]   sup=2
                                    [1 3 5 7 9 12 13 15 17 19 21 23 25 27 29 31 34 36 39 40 42 44 46 48 50 52 55 56 58 60 62 64 66 68 70 72 75 ]   sup=1
                                    [1 3 5 7 9 12 13 15 17 19 21 23 25 27 29 31 34 36 39 40 42 44 46 48 50 52 55 56 58 60 62 64 66 68 70 72 74 ]   sup=1
                                [1 3 5 7 9 12 13 15 17 19 21 23 25 27 29 31 34 36 39 40 42 44 46 48 51 52 ]   sup=2
                                  [1 3 5 7 9 12 13 15 17 19 21 23 25 27 29 31 34 36 39 40 42 44 46 48 51 52 54 56 58 60 62 64 66 68 70 72 74 ]   sup=1
                                  [1 3 5 7 9 12 13 15 17 19 21 23 25 27 29 31 34 36 39 40 42 44 46 48 51 52 55 56 58 60 62 64 66 68 70 72 74 ]   sup=1
                          [1 3 5 7 9 12 13 15 17 19 21 23 25 28 29 31 34 36 38 40 42 44 46 48 ]   sup=9
                            [1 3 5 7 9 12 13 15 17 19 21 23 25 28 29 31 34 36 38 40 42 44 46 48 50 52 ]   sup=5
                              [1 3 5 7 9 12 13 15 17 19 21 23 25 28 29 31 34 36 38 40 42 44 46 48 50 52 55 56 58 60 62 64 66 68 70 72 ]   sup=2
                                [1 3 5 7 9 12 13 15 17 19 21 23 25 28 29 31 34 36 38 40 42 44 46 48 50 52 55 56 58 60 62 64 66 68 70 72 75 ]   sup=1
                                [1 3 5 7 9 12 13 15 17 19 21 23 25 28 29 31 34 36 38 40 42 44 46 48 50 52 55 56 58 60 62 64 66 68 70 72 74 ]   sup=1
                              [1 3 5 7 9 12 13 15 17 19 21 23 25 28 29 31 34 36 38 40 42 44 46 48 50 52 54 ]   sup=3
                                [1 3 5 7 9 12 13 15 17 19 21 23 25 28 29 31 34 36 38 40 42 44 46 48 50 52 54 57 58 60 62 64 66 68 70 72 75 ]   sup=1
                                [1 3 5 7 9 12 13 15 17 19 21 23 25 28 29 31 34 36 38 40 42 44 46 48 50 52 54 56 58 60 62 64 66 68 70 72 ]   sup=2
                                  [1 3 5 7 9 12 13 15 17 19 21 23 25 28 29 31 34 36 38 40 42 44 46 48 50 52 54 56 58 60 62 64 66 68 70 72 75 ]   sup=1
                                  [1 3 5 7 9 12 13 15 17 19 21 23 25 28 29 31 34 36 38 40 42 44 46 48 50 52 54 56 58 60 62 64 66 68 70 72 74 ]   sup=1
                            [1 3 5 7 9 12 13 15 17 19 21 23 25 28 29 31 34 36 38 40 42 44 46 48 51 52 ]   sup=4
                              [1 3 5 7 9 12 13 15 17 19 21 23 25 28 29 31 34 36 38 40 42 44 46 48 51 52 54 56 58 60 62 64 66 68 70 72 74 ]   sup=1
                              [1 3 5 7 9 12 13 15 17 19 21 23 25 28 29 31 34 36 38 40 42 44 46 48 51 52 55 ]   sup=3
                                [1 3 5 7 9 12 13 15 17 19 21 23 25 28 29 31 34 36 38 40 42 44 46 48 51 52 55 57 58 60 62 64 66 68 70 72 75 ]   sup=1
                                [1 3 5 7 9 12 13 15 17 19 21 23 25 28 29 31 34 36 38 40 42 44 46 48 51 52 55 56 58 60 62 64 66 68 70 72 ]   sup=2
                                  [1 3 5 7 9 12 13 15 17 19 21 23 25 28 29 31 34 36 38 40 42 44 46 48 51 52 55 56 58 60 62 64 66 68 70 72 75 ]   sup=1
                                  [1 3 5 7 9 12 13 15 17 19 21 23 25 28 29 31 34 36 38 40 42 44 46 48 51 52 55 56 58 60 62 64 66 68 70 72 74 ]   sup=1
                        [1 3 5 7 9 12 13 15 17 19 21 23 26 27 29 31 34 36 38 40 42 44 46 48 51 52 55 57 58 60 62 64 66 68 70 72 75 ]   sup=1
                      [1 3 5 7 9 12 13 15 17 19 21 24 25 ]   sup=14
                        [1 3 5 7 9 12 13 15 17 19 21 24 25 28 29 31 34 36 38 40 42 44 46 48 50 52 54 56 58 60 62 64 66 68 70 72 74 ]   sup=1
                        [1 3 5 7 9 12 13 15 17 19 21 24 25 27 29 ]   sup=13
                          [1 3 5 7 9 12 13 15 17 19 21 24 25 27 29 32 34 36 39 40 ]   sup=6
                            [1 3 5 7 9 12 13 15 17 19 21 24 25 27 29 32 34 36 39 40 43 45 46 48 50 52 54 56 58 60 62 65 66 68 71 ]   sup=2
                              [1 3 5 7 9 12 13 15 17 19 21 24 25 27 29 32 34 36 39 40 43 45 46 48 50 52 54 56 58 60 62 65 66 68 71 72 74 ]   sup=1
                              [1 3 5 7 9 12 13 15 17 19 21 24 25 27 29 32 34 36 39 40 43 45 46 48 50 52 54 56 58 60 62 65 66 68 71 73 74 ]   sup=1
                            [1 3 5 7 9 12 13 15 17 19 21 24 25 27 29 32 34 36 39 40 42 45 46 48 ]   sup=4
                              [1 3 5 7 9 12 13 15 17 19 21 24 25 27 29 32 34 36 39 40 42 45 46 48 50 52 54 56 58 60 62 65 66 68 71 ]   sup=2
                                [1 3 5 7 9 12 13 15 17 19 21 24 25 27 29 32 34 36 39 40 42 45 46 48 50 52 54 56 58 60 62 65 66 68 71 72 74 ]   sup=1
                                [1 3 5 7 9 12 13 15 17 19 21 24 25 27 29 32 34 36 39 40 42 45 46 48 50 52 54 56 58 60 62 65 66 68 71 73 74 ]   sup=1
                              [1 3 5 7 9 12 13 15 17 19 21 24 25 27 29 32 34 36 39 40 42 45 46 48 51 52 54 56 58 60 62 65 66 68 71 ]   sup=2
                                [1 3 5 7 9 12 13 15 17 19 21 24 25 27 29 32 34 36 39 40 42 45 46 48 51 52 54 56 58 60 62 65 66 68 71 72 74 ]   sup=1
                                [1 3 5 7 9 12 13 15 17 19 21 24 25 27 29 32 34 36 39 40 42 45 46 48 51 52 54 56 58 60 62 65 66 68 71 73 74 ]   sup=1
                          [1 3 5 7 9 12 13 15 17 19 21 24 25 27 29 31 34 36 ]   sup=7
                            [1 3 5 7 9 12 13 15 17 19 21 24 25 27 29 31 34 36 38 40 42 44 46 48 ]   sup=2
                              [1 3 5 7 9 12 13 15 17 19 21 24 25 27 29 31 34 36 38 40 42 44 46 48 50 52 54 56 58 60 62 64 66 68 70 72 74 ]   sup=1
                              [1 3 5 7 9 12 13 15 17 19 21 24 25 27 29 31 34 36 38 40 42 44 46 48 51 52 54 56 58 60 62 64 66 68 70 72 74 ]   sup=1
                            [1 3 5 7 9 12 13 15 17 19 21 24 25 27 29 31 34 36 39 40 ]   sup=5
                              [1 3 5 7 9 12 13 15 17 19 21 24 25 27 29 31 34 36 39 40 42 ]   sup=4
                                [1 3 5 7 9 12 13 15 17 19 21 24 25 27 29 31 34 36 39 40 42 44 46 48 ]   sup=2
                                  [1 3 5 7 9 12 13 15 17 19 21 24 25 27 29 31 34 36 39 40 42 44 46 48 51 52 54 56 58 60 62 64 66 68 71 72 74 ]   sup=1
                                  [1 3 5 7 9 12 13 15 17 19 21 24 25 27 29 31 34 36 39 40 42 44 46 48 50 52 54 56 58 60 62 65 66 68 71 72 74 ]   sup=1
                                [1 3 5 7 9 12 13 15 17 19 21 24 25 27 29 31 34 36 39 40 42 45 46 48 ]   sup=2
                                  [1 3 5 7 9 12 13 15 17 19 21 24 25 27 29 31 34 36 39 40 42 45 46 48 50 52 54 56 58 60 62 65 66 69 71 73 74 ]   sup=1
                                  [1 3 5 7 9 12 13 15 17 19 21 24 25 27 29 31 34 36 39 40 42 45 46 48 51 52 54 56 58 60 62 65 66 69 71 73 74 ]   sup=1
                              [1 3 5 7 9 12 13 15 17 19 21 24 25 27 29 31 34 36 39 40 43 45 46 48 50 52 54 56 58 60 62 65 66 69 71 73 74 ]   sup=1
                    [1 3 5 7 9 12 13 15 17 19 22 ]   sup=21
                      [1 3 5 7 9 12 13 15 17 19 22 23 ]   sup=18
                        [1 3 5 7 9 12 13 15 17 19 22 23 25 ]   sup=17
                          [1 3 5 7 9 12 13 15 17 19 22 23 25 28 29 31 34 36 38 40 42 45 46 48 ]   sup=8
                            [1 3 5 7 9 12 13 15 17 19 22 23 25 28 29 31 34 36 38 40 42 45 46 48 50 52 ]   sup=4
                              [1 3 5 7 9 12 13 15 17 19 22 23 25 28 29 31 34 36 38 40 42 45 46 48 50 52 55 ]   sup=3
                                [1 3 5 7 9 12 13 15 17 19 22 23 25 28 29 31 34 36 38 40 42 45 46 48 50 52 55 56 58 60 62 64 66 68 70 72 ]   sup=2
                                  [1 3 5 7 9 12 13 15 17 19 22 23 25 28 29 31 34 36 38 40 42 45 46 48 50 52 55 56 58 60 62 64 66 68 70 72 74 ]   sup=1
                                  [1 3 5 7 9 12 13 15 17 19 22 23 25 28 29 31 34 36 38 40 42 45 46 48 50 52 55 56 58 60 62 64 66 68 70 72 75 ]   sup=1
                                [1 3 5 7 9 12 13 15 17 19 22 23 25 28 29 31 34 36 38 40 42 45 46 48 50 52 55 57 58 60 62 64 66 69 70 72 75 ]   sup=1
                              [1 3 5 7 9 12 13 15 17 19 22 23 25 28 29 31 34 36 38 40 42 45 46 48 50 52 54 56 58 60 62 64 66 68 70 72 74 ]   sup=1
                            [1 3 5 7 9 12 13 15 17 19 22 23 25 28 29 31 34 36 38 40 42 45 46 48 51 52 ]   sup=4
                              [1 3 5 7 9 12 13 15 17 19 22 23 25 28 29 31 34 36 38 40 42 45 46 48 51 52 54 56 58 60 62 64 66 68 70 72 74 ]   sup=1
                              [1 3 5 7 9 12 13 15 17 19 22 23 25 28 29 31 34 36 38 40 42 45 46 48 51 52 55 ]   sup=3
                                [1 3 5 7 9 12 13 15 17 19 22 23 25 28 29 31 34 36 38 40 42 45 46 48 51 52 55 57 58 60 62 64 66 68 70 72 75 ]   sup=1
                                [1 3 5 7 9 12 13 15 17 19 22 23 25 28 29 31 34 36 38 40 42 45 46 48 51 52 55 56 58 60 62 64 66 68 70 72 ]   sup=2
                                  [1 3 5 7 9 12 13 15 17 19 22 23 25 28 29 31 34 36 38 40 42 45 46 48 51 52 55 56 58 60 62 64 66 68 70 72 75 ]   sup=1
                                  [1 3 5 7 9 12 13 15 17 19 22 23 25 28 29 31 34 36 38 40 42 45 46 48 51 52 55 56 58 60 62 64 66 68 70 72 74 ]   sup=1
                          [1 3 5 7 9 12 13 15 17 19 22 23 25 27 29 31 34 36 ]   sup=9
                            [1 3 5 7 9 12 13 15 17 19 22 23 25 27 29 31 34 36 39 40 42 45 46 48 ]   sup=5
                              [1 3 5 7 9 12 13 15 17 19 22 23 25 27 29 31 34 36 39 40 42 45 46 48 50 52 ]   sup=4
                                [1 3 5 7 9 12 13 15 17 19 22 23 25 27 29 31 34 36 39 40 42 45 46 48 50 52 55 ]   sup=3
                                  [1 3 5 7 9 12 13 15 17 19 22 23 25 27 29 31 34 36 39 40 42 45 46 48 50 52 55 56 58 60 ]   sup=2
                                    [1 3 5 7 9 12 13 15 17 19 22 23 25 27 29 31 34 36 39 40 42 45 46 48 50 52 55 56 58 60 63 64 66 69 71 72 75 ]   sup=1
                                    [1 3 5 7 9 12 13 15 17 19 22 23 25 27 29 31 34 36 39 40 42 45 46 48 50 52 55 56 58 60 62 64 66 68 71 72 75 ]   sup=1
                                  [1 3 5 7 9 12 13 15 17 19 22 23 25 27 29 31 34 36 39 40 42 45 46 48 50 52 55 57 58 60 62 64 66 69 70 72 75 ]   sup=1
                                [1 3 5 7 9 12 13 15 17 19 22 23 25 27 29 31 34 36 39 40 42 45 46 48 50 52 54 56 58 60 62 64 66 68 70 72 74 ]   sup=1
                              [1 3 5 7 9 12 13 15 17 19 22 23 25 27 29 31 34 36 39 40 42 45 46 48 51 52 55 56 58 60 62 64 66 68 71 72 75 ]   sup=1
                            [1 3 5 7 9 12 13 15 17 19 22 23 25 27 29 31 34 36 38 40 42 45 46 48 ]   sup=4
                              [1 3 5 7 9 12 13 15 17 19 22 23 25 27 29 31 34 36 38 40 42 45 46 48 51 52 ]   sup=2
                                [1 3 5 7 9 12 13 15 17 19 22 23 25 27 29 31 34 36 38 40 42 45 46 48 51 52 54 56 58 60 62 64 66 68 70 72 74 ]   sup=1
                                [1 3 5 7 9 12 13 15 17 19 22 23 25 27 29 31 34 36 38 40 42 45 46 48 51 52 55 56 58 60 62 64 66 68 70 72 75 ]   sup=1
                              [1 3 5 7 9 12 13 15 17 19 22 23 25 27 29 31 34 36 38 40 42 45 46 48 50 52 ]   sup=2
                                [1 3 5 7 9 12 13 15 17 19 22 23 25 27 29 31 34 36 38 40 42 45 46 48 50 52 55 56 58 60 62 64 66 68 70 72 75 ]   sup=1
                                [1 3 5 7 9 12 13 15 17 19 22 23 25 27 29 31 34 36 38 40 42 45 46 48 50 52 54 56 58 60 62 64 66 68 70 72 74 ]   sup=1
                        [1 3 5 7 9 12 13 15 17 19 22 23 26 27 29 31 34 36 39 40 42 45 46 48 51 52 55 56 58 60 63 64 66 69 71 72 75 ]   sup=1
                      [1 3 5 7 9 12 13 15 17 19 22 24 25 ]   sup=3
                        [1 3 5 7 9 12 13 15 17 19 22 24 25 27 29 31 34 36 39 40 43 45 46 48 50 52 54 56 58 60 62 64 66 68 70 72 74 ]   sup=1
                        [1 3 5 7 9 12 13 15 17 19 22 24 25 28 29 31 34 36 38 40 42 45 46 48 ]   sup=2
                          [1 3 5 7 9 12 13 15 17 19 22 24 25 28 29 31 34 36 38 40 42 45 46 48 51 52 54 56 58 60 62 64 66 68 70 72 74 ]   sup=1
                          [1 3 5 7 9 12 13 15 17 19 22 24 25 28 29 31 34 36 38 40 42 45 46 48 50 52 54 56 58 60 62 64 66 68 70 72 74 ]   sup=1
                  [1 3 5 7 9 12 13 15 17 20 21 ]   sup=33
                    [1 3 5 7 9 12 13 15 17 20 21 24 25 ]   sup=23
                      [1 3 5 7 9 12 13 15 17 20 21 24 25 27 29 ]   sup=21
                        [1 3 5 7 9 12 13 15 17 20 21 24 25 27 29 32 34 36 ]   sup=10
                          [1 3 5 7 9 12 13 15 17 20 21 24 25 27 29 32 34 36 38 40 ]   sup=8
                            [1 3 5 7 9 12 13 15 17 20 21 24 25 27 29 32 34 36 38 40 43 45 47 48 ]   sup=4
                              [1 3 5 7 9 12 13 15 17 20 21 24 25 27 29 32 34 36 38 40 43 45 47 48 50 52 54 56 58 60 62 65 66 68 70 ]   sup=2
                                [1 3 5 7 9 12 13 15 17 20 21 24 25 27 29 32 34 36 38 40 43 45 47 48 50 52 54 56 58 60 62 65 66 68 70 72 74 ]   sup=1
                                [1 3 5 7 9 12 13 15 17 20 21 24 25 27 29 32 34 36 38 40 43 45 47 48 50 52 54 56 58 60 62 65 66 68 70 73 74 ]   sup=1
                              [1 3 5 7 9 12 13 15 17 20 21 24 25 27 29 32 34 36 38 40 43 45 47 48 51 52 54 56 58 60 62 65 66 68 70 ]   sup=2
                                [1 3 5 7 9 12 13 15 17 20 21 24 25 27 29 32 34 36 38 40 43 45 47 48 51 52 54 56 58 60 62 65 66 68 70 73 74 ]   sup=1
                                [1 3 5 7 9 12 13 15 17 20 21 24 25 27 29 32 34 36 38 40 43 45 47 48 51 52 54 56 58 60 62 65 66 68 70 72 74 ]   sup=1
                            [1 3 5 7 9 12 13 15 17 20 21 24 25 27 29 32 34 36 38 40 42 45 47 48 ]   sup=4
                              [1 3 5 7 9 12 13 15 17 20 21 24 25 27 29 32 34 36 38 40 42 45 47 48 51 52 54 56 58 60 62 65 66 68 70 ]   sup=2
                                [1 3 5 7 9 12 13 15 17 20 21 24 25 27 29 32 34 36 38 40 42 45 47 48 51 52 54 56 58 60 62 65 66 68 70 73 74 ]   sup=1
                                [1 3 5 7 9 12 13 15 17 20 21 24 25 27 29 32 34 36 38 40 42 45 47 48 51 52 54 56 58 60 62 65 66 68 70 72 74 ]   sup=1
                              [1 3 5 7 9 12 13 15 17 20 21 24 25 27 29 32 34 36 38 40 42 45 47 48 50 52 54 56 58 60 62 65 66 68 70 ]   sup=2
                                [1 3 5 7 9 12 13 15 17 20 21 24 25 27 29 32 34 36 38 40 42 45 47 48 50 52 54 56 58 60 62 65 66 68 70 72 74 ]   sup=1
                                [1 3 5 7 9 12 13 15 17 20 21 24 25 27 29 32 34 36 38 40 42 45 47 48 50 52 54 56 58 60 62 65 66 68 70 73 74 ]   sup=1
                          [1 3 5 7 9 12 13 15 17 20 21 24 25 27 29 32 34 36 39 40 43 45 47 48 ]   sup=2
                            [1 3 5 7 9 12 13 15 17 20 21 24 25 27 29 32 34 36 39 40 43 45 47 48 50 52 54 56 58 60 62 65 66 68 70 73 74 ]   sup=1
                            [1 3 5 7 9 12 13 15 17 20 21 24 25 27 29 32 34 36 39 40 43 45 47 48 51 52 54 56 58 60 62 65 66 68 70 73 74 ]   sup=1
                        [1 3 5 7 9 12 13 15 17 20 21 24 25 27 29 31 34 36 ]   sup=11
                          [1 3 5 7 9 12 13 15 17 20 21 24 25 27 29 31 34 36 39 40 43 ]   sup=3
                            [1 3 5 7 9 12 13 15 17 20 21 24 25 27 29 31 34 36 39 40 43 44 47 48 50 52 54 56 58 60 62 65 66 68 71 72 74 ]   sup=1
                            [1 3 5 7 9 12 13 15 17 20 21 24 25 27 29 31 34 36 39 40 43 45 47 48 ]   sup=2
                              [1 3 5 7 9 12 13 15 17 20 21 24 25 27 29 31 34 36 39 40 43 45 47 48 51 52 54 56 58 60 62 65 66 69 70 73 74 ]   sup=1
                              [1 3 5 7 9 12 13 15 17 20 21 24 25 27 29 31 34 36 39 40 43 45 47 48 50 52 54 56 58 60 62 65 66 69 70 73 74 ]   sup=1
                          [1 3 5 7 9 12 13 15 17 20 21 24 25 27 29 31 34 36 38 40 ]   sup=8
                            [1 3 5 7 9 12 13 15 17 20 21 24 25 27 29 31 34 36 38 40 42 ]   sup=4
                              [1 3 5 7 9 12 13 15 17 20 21 24 25 27 29 31 34 36 38 40 42 45 47 48 ]   sup=2
                                [1 3 5 7 9 12 13 15 17 20 21 24 25 27 29 31 34 36 38 40 42 45 47 48 51 52 54 56 58 60 62 65 66 69 70 73 74 ]   sup=1
                                [1 3 5 7 9 12 13 15 17 20 21 24 25 27 29 31 34 36 38 40 42 45 47 48 50 52 54 56 58 60 62 65 66 69 70 73 74 ]   sup=1
                              [1 3 5 7 9 12 13 15 17 20 21 24 25 27 29 31 34 36 38 40 42 44 47 48 ]   sup=2
                                [1 3 5 7 9 12 13 15 17 20 21 24 25 27 29 31 34 36 38 40 42 44 47 48 51 52 54 56 58 60 62 65 66 68 70 72 74 ]   sup=1
                                [1 3 5 7 9 12 13 15 17 20 21 24 25 27 29 31 34 36 38 40 42 44 47 48 50 52 54 56 58 60 62 65 66 68 70 72 74 ]   sup=1
                            [1 3 5 7 9 12 13 15 17 20 21 24 25 27 29 31 34 36 38 40 43 ]   sup=4
                              [1 3 5 7 9 12 13 15 17 20 21 24 25 27 29 31 34 36 38 40 43 44 47 48 ]   sup=2
                                [1 3 5 7 9 12 13 15 17 20 21 24 25 27 29 31 34 36 38 40 43 44 47 48 50 52 54 56 58 60 62 65 66 68 70 72 74 ]   sup=1
                                [1 3 5 7 9 12 13 15 17 20 21 24 25 27 29 31 34 36 38 40 43 44 47 48 51 52 54 56 58 60 62 65 66 68 70 72 74 ]   sup=1
                              [1 3 5 7 9 12 13 15 17 20 21 24 25 27 29 31 34 36 38 40 43 45 47 48 ]   sup=2
                                [1 3 5 7 9 12 13 15 17 20 21 24 25 27 29 31 34 36 38 40 43 45 47 48 51 52 54 56 58 60 62 65 66 69 70 73 74 ]   sup=1
                                [1 3 5 7 9 12 13 15 17 20 21 24 25 27 29 31 34 36 38 40 43 45 47 48 50 52 54 56 58 60 62 65 66 69 70 73 74 ]   sup=1
                      [1 3 5 7 9 12 13 15 17 20 21 24 25 28 29 31 34 36 38 40 42 44 47 48 ]   sup=2
                        [1 3 5 7 9 12 13 15 17 20 21 24 25 28 29 31 34 36 38 40 42 44 47 48 50 52 54 56 58 60 62 64 66 68 70 72 74 ]   sup=1
                        [1 3 5 7 9 12 13 15 17 20 21 24 25 28 29 31 34 36 38 40 42 44 47 48 51 52 54 56 58 60 62 64 66 68 70 72 74 ]   sup=1
                    [1 3 5 7 9 12 13 15 17 20 21 23 25 ]   sup=10
                      [1 3 5 7 9 12 13 15 17 20 21 23 25 27 29 31 34 36 ]   sup=3
                        [1 3 5 7 9 12 13 15 17 20 21 23 25 27 29 31 34 36 38 40 42 44 47 48 ]   sup=2
                          [1 3 5 7 9 12 13 15 17 20 21 23 25 27 29 31 34 36 38 40 42 44 47 48 51 52 55 56 58 60 62 64 66 68 70 72 74 ]   sup=1
                          [1 3 5 7 9 12 13 15 17 20 21 23 25 27 29 31 34 36 38 40 42 44 47 48 50 52 55 56 58 60 62 64 66 68 70 72 74 ]   sup=1
                        [1 3 5 7 9 12 13 15 17 20 21 23 25 27 29 31 34 36 39 40 42 44 47 48 50 52 55 56 58 60 62 64 66 68 70 72 74 ]   sup=1
                      [1 3 5 7 9 12 13 15 17 20 21 23 25 28 29 31 34 36 38 40 42 44 47 48 ]   sup=7
                        [1 3 5 7 9 12 13 15 17 20 21 23 25 28 29 31 34 36 38 40 42 44 47 48 51 52 ]   sup=4
                          [1 3 5 7 9 12 13 15 17 20 21 23 25 28 29 31 34 36 38 40 42 44 47 48 51 52 54 56 58 60 62 64 66 68 70 72 74 ]   sup=1
                          [1 3 5 7 9 12 13 15 17 20 21 23 25 28 29 31 34 36 38 40 42 44 47 48 51 52 55 ]   sup=3
                            [1 3 5 7 9 12 13 15 17 20 21 23 25 28 29 31 34 36 38 40 42 44 47 48 51 52 55 57 58 60 62 64 66 68 70 72 75 ]   sup=1
                            [1 3 5 7 9 12 13 15 17 20 21 23 25 28 29 31 34 36 38 40 42 44 47 48 51 52 55 56 58 60 62 64 66 68 70 72 ]   sup=2
                              [1 3 5 7 9 12 13 15 17 20 21 23 25 28 29 31 34 36 38 40 42 44 47 48 51 52 55 56 58 60 62 64 66 68 70 72 74 ]   sup=1
                              [1 3 5 7 9 12 13 15 17 20 21 23 25 28 29 31 34 36 38 40 42 44 47 48 51 52 55 56 58 60 62 64 66 68 70 72 75 ]   sup=1
                        [1 3 5 7 9 12 13 15 17 20 21 23 25 28 29 31 34 36 38 40 42 44 47 48 50 52 ]   sup=3
                          [1 3 5 7 9 12 13 15 17 20 21 23 25 28 29 31 34 36 38 40 42 44 47 48 50 52 55 56 58 60 62 64 66 68 70 72 ]   sup=2
                            [1 3 5 7 9 12 13 15 17 20 21 23 25 28 29 31 34 36 38 40 42 44 47 48 50 52 55 56 58 60 62 64 66 68 70 72 75 ]   sup=1
                            [1 3 5 7 9 12 13 15 17 20 21 23 25 28 29 31 34 36 38 40 42 44 47 48 50 52 55 56 58 60 62 64 66 68 70 72 74 ]   sup=1
                          [1 3 5 7 9 12 13 15 17 20 21 23 25 28 29 31 34 36 38 40 42 44 47 48 50 52 54 56 58 60 62 64 66 68 70 72 74 ]   sup=1
                [1 3 5 7 9 12 13 16 ]   sup=87
                  [1 3 5 7 9 12 13 16 18 20 ]   sup=45
                    [1 3 5 7 9 12 13 16 18 20 22 ]   sup=7
                      [1 3 5 7 9 12 13 16 18 20 22 23 25 ]   sup=6
                        [1 3 5 7 9 12 13 16 18 20 22 23 25 28 29 31 34 36 38 40 42 45 46 48 51 52 ]   sup=4
                          [1 3 5 7 9 12 13 16 18 20 22 23 25 28 29 31 34 36 38 40 42 45 46 48 51 52 55 ]   sup=3
                            [1 3 5 7 9 12 13 16 18 20 22 23 25 28 29 31 34 36 38 40 42 45 46 48 51 52 55 57 58 60 62 64 66 68 70 72 75 ]   sup=1
                            [1 3 5 7 9 12 13 16 18 20 22 23 25 28 29 31 34 36 38 40 42 45 46 48 51 52 55 56 58 60 62 64 66 68 70 72 ]   sup=2
                              [1 3 5 7 9 12 13 16 18 20 22 23 25 28 29 31 34 36 38 40 42 45 46 48 51 52 55 56 58 60 62 64 66 68 70 72 74 ]   sup=1
                              [1 3 5 7 9 12 13 16 18 20 22 23 25 28 29 31 34 36 38 40 42 45 46 48 51 52 55 56 58 60 62 64 66 68 70 72 75 ]   sup=1
                          [1 3 5 7 9 12 13 16 18 20 22 23 25 28 29 31 34 36 38 40 42 45 46 48 51 52 54 56 58 60 62 64 66 68 70 72 74 ]   sup=1
                        [1 3 5 7 9 12 13 16 18 20 22 23 25 27 29 31 34 36 38 40 42 45 46 48 51 52 ]   sup=2
                          [1 3 5 7 9 12 13 16 18 20 22 23 25 27 29 31 34 36 38 40 42 45 46 48 51 52 55 56 58 60 62 64 66 68 70 72 75 ]   sup=1
                          [1 3 5 7 9 12 13 16 18 20 22 23 25 27 29 31 34 36 38 40 42 45 46 48 51 52 54 56 58 60 62 64 66 68 70 72 74 ]   sup=1
                      [1 3 5 7 9 12 13 16 18 20 22 24 25 28 29 31 34 36 38 40 42 45 46 48 51 52 54 56 58 60 62 64 66 68 70 72 74 ]   sup=1
                    [1 3 5 7 9 12 13 16 18 20 21 ]   sup=38
                      [1 3 5 7 9 12 13 16 18 20 21 24 25 ]   sup=9
                        [1 3 5 7 9 12 13 16 18 20 21 24 25 28 29 31 34 36 38 40 42 44 46 48 ]   sup=2
                          [1 3 5 7 9 12 13 16 18 20 21 24 25 28 29 31 34 36 38 40 42 44 46 48 51 52 54 56 58 60 62 64 66 68 70 72 74 ]   sup=1
                          [1 3 5 7 9 12 13 16 18 20 21 24 25 28 29 31 34 36 38 40 42 44 46 48 50 52 54 56 58 60 62 64 66 68 70 72 74 ]   sup=1
                        [1 3 5 7 9 12 13 16 18 20 21 24 25 27 29 ]   sup=7
                          [1 3 5 7 9 12 13 16 18 20 21 24 25 27 29 31 34 36 ]   sup=3
                            [1 3 5 7 9 12 13 16 18 20 21 24 25 27 29 31 34 36 39 40 42 44 46 48 51 52 54 56 58 60 62 64 66 68 71 72 74 ]   sup=1
                            [1 3 5 7 9 12 13 16 18 20 21 24 25 27 29 31 34 36 38 40 42 44 46 48 ]   sup=2
                              [1 3 5 7 9 12 13 16 18 20 21 24 25 27 29 31 34 36 38 40 42 44 46 48 51 52 54 56 58 60 62 64 66 68 70 72 74 ]   sup=1
                              [1 3 5 7 9 12 13 16 18 20 21 24 25 27 29 31 34 36 38 40 42 44 46 48 50 52 54 56 58 60 62 64 66 68 70 72 74 ]   sup=1
                          [1 3 5 7 9 12 13 16 18 20 21 24 25 27 29 32 34 36 ]   sup=4
                            [1 3 5 7 9 12 13 16 18 20 21 24 25 27 29 32 34 36 39 40 42 44 46 48 51 52 54 56 58 60 62 64 66 68 71 ]   sup=2
                              [1 3 5 7 9 12 13 16 18 20 21 24 25 27 29 32 34 36 39 40 42 44 46 48 51 52 54 56 58 60 62 64 66 68 71 72 74 ]   sup=1
                              [1 3 5 7 9 12 13 16 18 20 21 24 25 27 29 32 34 36 39 40 42 44 46 48 51 52 54 56 58 60 62 64 66 68 71 73 74 ]   sup=1
                            [1 3 5 7 9 12 13 16 18 20 21 24 25 27 29 32 34 36 38 40 42 44 46 48 50 52 54 56 58 60 62 64 66 68 70 ]   sup=2
                              [1 3 5 7 9 12 13 16 18 20 21 24 25 27 29 32 34 36 38 40 42 44 46 48 50 52 54 56 58 60 62 64 66 68 70 72 74 ]   sup=1
                              [1 3 5 7 9 12 13 16 18 20 21 24 25 27 29 32 34 36 38 40 42 44 46 48 50 52 54 56 58 60 62 64 66 68 70 73 74 ]   sup=1
                      [1 3 5 7 9 12 13 16 18 20 21 23 25 ]   sup=29
                        [1 3 5 7 9 12 13 16 18 20 21 23 25 28 29 31 34 36 38 40 42 44 ]   sup=14
                          [1 3 5 7 9 12 13 16 18 20 21 23 25 28 29 31 34 36 38 40 42 44 46 48 ]   sup=7
                            [1 3 5 7 9 12 13 16 18 20 21 23 25 28 29 31 34 36 38 40 42 44 46 48 50 52 ]   sup=4
                              [1 3 5 7 9 12 13 16 18 20 21 23 25 28 29 31 34 36 38 40 42 44 46 48 50 52 54 56 58 60 62 64 66 68 70 72 ]   sup=2
                                [1 3 5 7 9 12 13 16 18 20 21 23 25 28 29 31 34 36 38 40 42 44 46 48 50 52 54 56 58 60 62 64 66 68 70 72 74 ]   sup=1
                                [1 3 5 7 9 12 13 16 18 20 21 23 25 28 29 31 34 36 38 40 42 44 46 48 50 52 54 56 58 60 62 64 66 68 70 72 75 ]   sup=1
                              [1 3 5 7 9 12 13 16 18 20 21 23 25 28 29 31 34 36 38 40 42 44 46 48 50 52 55 56 58 60 62 64 66 68 70 72 ]   sup=2
                                [1 3 5 7 9 12 13 16 18 20 21 23 25 28 29 31 34 36 38 40 42 44 46 48 50 52 55 56 58 60 62 64 66 68 70 72 74 ]   sup=1
                                [1 3 5 7 9 12 13 16 18 20 21 23 25 28 29 31 34 36 38 40 42 44 46 48 50 52 55 56 58 60 62 64 66 68 70 72 75 ]   sup=1
                            [1 3 5 7 9 12 13 16 18 20 21 23 25 28 29 31 34 36 38 40 42 44 46 48 51 52 ]   sup=3
                              [1 3 5 7 9 12 13 16 18 20 21 23 25 28 29 31 34 36 38 40 42 44 46 48 51 52 54 56 58 60 62 64 66 68 70 72 74 ]   sup=1
                              [1 3 5 7 9 12 13 16 18 20 21 23 25 28 29 31 34 36 38 40 42 44 46 48 51 52 55 56 58 60 62 64 66 68 70 72 ]   sup=2
                                [1 3 5 7 9 12 13 16 18 20 21 23 25 28 29 31 34 36 38 40 42 44 46 48 51 52 55 56 58 60 62 64 66 68 70 72 74 ]   sup=1
                                [1 3 5 7 9 12 13 16 18 20 21 23 25 28 29 31 34 36 38 40 42 44 46 48 51 52 55 56 58 60 62 64 66 68 70 72 75 ]   sup=1
                          [1 3 5 7 9 12 13 16 18 20 21 23 25 28 29 31 34 36 38 40 42 44 47 48 ]   sup=7
                            [1 3 5 7 9 12 13 16 18 20 21 23 25 28 29 31 34 36 38 40 42 44 47 48 50 52 ]   sup=3
                              [1 3 5 7 9 12 13 16 18 20 21 23 25 28 29 31 34 36 38 40 42 44 47 48 50 52 54 56 58 60 62 64 66 68 70 72 74 ]   sup=1
                              [1 3 5 7 9 12 13 16 18 20 21 23 25 28 29 31 34 36 38 40 42 44 47 48 50 52 55 56 58 60 62 64 66 68 70 72 ]   sup=2
                                [1 3 5 7 9 12 13 16 18 20 21 23 25 28 29 31 34 36 38 40 42 44 47 48 50 52 55 56 58 60 62 64 66 68 70 72 75 ]   sup=1
                                [1 3 5 7 9 12 13 16 18 20 21 23 25 28 29 31 34 36 38 40 42 44 47 48 50 52 55 56 58 60 62 64 66 68 70 72 74 ]   sup=1
                            [1 3 5 7 9 12 13 16 18 20 21 23 25 28 29 31 34 36 38 40 42 44 47 48 51 52 ]   sup=4
                              [1 3 5 7 9 12 13 16 18 20 21 23 25 28 29 31 34 36 38 40 42 44 47 48 51 52 55 ]   sup=3
                                [1 3 5 7 9 12 13 16 18 20 21 23 25 28 29 31 34 36 38 40 42 44 47 48 51 52 55 57 58 60 62 64 66 68 70 72 75 ]   sup=1
                                [1 3 5 7 9 12 13 16 18 20 21 23 25 28 29 31 34 36 38 40 42 44 47 48 51 52 55 56 58 60 62 64 66 68 70 72 ]   sup=2
                                  [1 3 5 7 9 12 13 16 18 20 21 23 25 28 29 31 34 36 38 40 42 44 47 48 51 52 55 56 58 60 62 64 66 68 70 72 75 ]   sup=1
                                  [1 3 5 7 9 12 13 16 18 20 21 23 25 28 29 31 34 36 38 40 42 44 47 48 51 52 55 56 58 60 62 64 66 68 70 72 74 ]   sup=1
                              [1 3 5 7 9 12 13 16 18 20 21 23 25 28 29 31 34 36 38 40 42 44 47 48 51 52 54 56 58 60 62 64 66 68 70 72 74 ]   sup=1
                        [1 3 5 7 9 12 13 16 18 20 21 23 25 27 29 31 34 36 ]   sup=15
                          [1 3 5 7 9 12 13 16 18 20 21 23 25 27 29 31 34 36 38 40 42 44 ]   sup=9
                            [1 3 5 7 9 12 13 16 18 20 21 23 25 27 29 31 34 36 38 40 42 44 46 48 ]   sup=6
                              [1 3 5 7 9 12 13 16 18 20 21 23 25 27 29 31 34 36 38 40 42 44 46 48 50 52 ]   sup=4
                                [1 3 5 7 9 12 13 16 18 20 21 23 25 27 29 31 34 36 38 40 42 44 46 48 50 52 55 56 58 60 62 64 66 68 70 72 ]   sup=2
                                  [1 3 5 7 9 12 13 16 18 20 21 23 25 27 29 31 34 36 38 40 42 44 46 48 50 52 55 56 58 60 62 64 66 68 70 72 74 ]   sup=1
                                  [1 3 5 7 9 12 13 16 18 20 21 23 25 27 29 31 34 36 38 40 42 44 46 48 50 52 55 56 58 60 62 64 66 68 70 72 75 ]   sup=1
                                [1 3 5 7 9 12 13 16 18 20 21 23 25 27 29 31 34 36 38 40 42 44 46 48 50 52 54 56 58 60 62 64 66 68 70 72 ]   sup=2
                                  [1 3 5 7 9 12 13 16 18 20 21 23 25 27 29 31 34 36 38 40 42 44 46 48 50 52 54 56 58 60 62 64 66 68 70 72 74 ]   sup=1
                                  [1 3 5 7 9 12 13 16 18 20 21 23 25 27 29 31 34 36 38 40 42 44 46 48 50 52 54 56 58 60 62 64 66 68 70 72 75 ]   sup=1
                              [1 3 5 7 9 12 13 16 18 20 21 23 25 27 29 31 34 36 38 40 42 44 46 48 51 52 55 56 58 60 62 64 66 68 70 72 ]   sup=2
                                [1 3 5 7 9 12 13 16 18 20 21 23 25 27 29 31 34 36 38 40 42 44 46 48 51 52 55 56 58 60 62 64 66 68 70 72 75 ]   sup=1
                                [1 3 5 7 9 12 13 16 18 20 21 23 25 27 29 31 34 36 38 40 42 44 46 48 51 52 55 56 58 60 62 64 66 68 70 72 74 ]   sup=1
                            [1 3 5 7 9 12 13 16 18 20 21 23 25 27 29 31 34 36 38 40 42 44 47 48 ]   sup=3
                              [1 3 5 7 9 12 13 16 18 20 21 23 25 27 29 31 34 36 38 40 42 44 47 48 50 52 ]   sup=2
                                [1 3 5 7 9 12 13 16 18 20 21 23 25 27 29 31 34 36 38 40 42 44 47 48 50 52 54 56 58 60 62 64 66 68 70 72 74 ]   sup=1
                                [1 3 5 7 9 12 13 16 18 20 21 23 25 27 29 31 34 36 38 40 42 44 47 48 50 52 55 56 58 60 62 64 66 68 70 72 74 ]   sup=1
                              [1 3 5 7 9 12 13 16 18 20 21 23 25 27 29 31 34 36 38 40 42 44 47 48 51 52 55 56 58 60 62 64 66 68 70 72 74 ]   sup=1
                          [1 3 5 7 9 12 13 16 18 20 21 23 25 27 29 31 34 36 39 40 42 44 46 48 ]   sup=6
                            [1 3 5 7 9 12 13 16 18 20 21 23 25 27 29 31 34 36 39 40 42 44 46 48 51 52 ]   sup=4
                              [1 3 5 7 9 12 13 16 18 20 21 23 25 27 29 31 34 36 39 40 42 44 46 48 51 52 54 56 58 60 62 64 66 68 ]   sup=2
                                [1 3 5 7 9 12 13 16 18 20 21 23 25 27 29 31 34 36 39 40 42 44 46 48 51 52 54 56 58 60 62 64 66 68 70 72 74 ]   sup=1
                                [1 3 5 7 9 12 13 16 18 20 21 23 25 27 29 31 34 36 39 40 42 44 46 48 51 52 54 56 58 60 62 64 66 68 71 72 74 ]   sup=1
                              [1 3 5 7 9 12 13 16 18 20 21 23 25 27 29 31 34 36 39 40 42 44 46 48 51 52 55 56 58 60 62 64 66 68 ]   sup=2
                                [1 3 5 7 9 12 13 16 18 20 21 23 25 27 29 31 34 36 39 40 42 44 46 48 51 52 55 56 58 60 62 64 66 68 70 72 74 ]   sup=1
                                [1 3 5 7 9 12 13 16 18 20 21 23 25 27 29 31 34 36 39 40 42 44 46 48 51 52 55 56 58 60 62 64 66 68 71 72 74 ]   sup=1
                            [1 3 5 7 9 12 13 16 18 20 21 23 25 27 29 31 34 36 39 40 42 44 46 48 50 52 ]   sup=2
                              [1 3 5 7 9 12 13 16 18 20 21 23 25 27 29 31 34 36 39 40 42 44 46 48 50 52 55 56 58 60 62 64 66 68 71 72 75 ]   sup=1
                              [1 3 5 7 9 12 13 16 18 20 21 23 25 27 29 31 34 36 39 40 42 44 46 48 50 52 54 56 58 60 62 64 66 68 71 72 75 ]   sup=1
                  [1 3 5 7 9 12 13 16 17 19 ]   sup=42
                    [1 3 5 7 9 12 13 16 17 19 22 ]   sup=2
                      [1 3 5 7 9 12 13 16 17 19 22 24 25 27 29 32 34 36 38 40 43 45 46 48 50 52 54 56 58 60 62 65 66 69 70 72 74 ]   sup=1
                      [1 3 5 7 9 12 13 16 17 19 22 23 25 27 29 31 34 36 38 40 42 45 46 48 50 52 55 56 58 60 62 64 66 68 70 72 75 ]   sup=1
                    [1 3 5 7 9 12 13 16 17 19 21 ]   sup=40
                      [1 3 5 7 9 12 13 16 17 19 21 23 25 ]   sup=23
                        [1 3 5 7 9 12 13 16 17 19 21 23 25 28 29 31 34 36 38 40 42 44 46 48 ]   sup=7
                          [1 3 5 7 9 12 13 16 17 19 21 23 25 28 29 31 34 36 38 40 42 44 46 48 50 52 ]   sup=4
                            [1 3 5 7 9 12 13 16 17 19 21 23 25 28 29 31 34 36 38 40 42 44 46 48 50 52 55 56 58 60 62 64 66 68 70 72 ]   sup=2
                              [1 3 5 7 9 12 13 16 17 19 21 23 25 28 29 31 34 36 38 40 42 44 46 48 50 52 55 56 58 60 62 64 66 68 70 72 74 ]   sup=1
                              [1 3 5 7 9 12 13 16 17 19 21 23 25 28 29 31 34 36 38 40 42 44 46 48 50 52 55 56 58 60 62 64 66 68 70 72 75 ]   sup=1
                            [1 3 5 7 9 12 13 16 17 19 21 23 25 28 29 31 34 36 38 40 42 44 46 48 50 52 54 56 58 60 62 64 66 68 70 72 ]   sup=2
                              [1 3 5 7 9 12 13 16 17 19 21 23 25 28 29 31 34 36 38 40 42 44 46 48 50 52 54 56 58 60 62 64 66 68 70 72 74 ]   sup=1
                              [1 3 5 7 9 12 13 16 17 19 21 23 25 28 29 31 34 36 38 40 42 44 46 48 50 52 54 56 58 60 62 64 66 68 70 72 75 ]   sup=1
                          [1 3 5 7 9 12 13 16 17 19 21 23 25 28 29 31 34 36 38 40 42 44 46 48 51 52 ]   sup=3
                            [1 3 5 7 9 12 13 16 17 19 21 23 25 28 29 31 34 36 38 40 42 44 46 48 51 52 54 56 58 60 62 64 66 68 70 72 74 ]   sup=1
                            [1 3 5 7 9 12 13 16 17 19 21 23 25 28 29 31 34 36 38 40 42 44 46 48 51 52 55 56 58 60 62 64 66 68 70 72 ]   sup=2
                              [1 3 5 7 9 12 13 16 17 19 21 23 25 28 29 31 34 36 38 40 42 44 46 48 51 52 55 56 58 60 62 64 66 68 70 72 75 ]   sup=1
                              [1 3 5 7 9 12 13 16 17 19 21 23 25 28 29 31 34 36 38 40 42 44 46 48 51 52 55 56 58 60 62 64 66 68 70 72 74 ]   sup=1
                        [1 3 5 7 9 12 13 16 17 19 21 23 25 27 29 31 34 36 ]   sup=16
                          [1 3 5 7 9 12 13 16 17 19 21 23 25 27 29 31 34 36 39 40 42 44 46 48 ]   sup=10
                            [1 3 5 7 9 12 13 16 17 19 21 23 25 27 29 31 34 36 39 40 42 44 46 48 51 52 ]   sup=4
                              [1 3 5 7 9 12 13 16 17 19 21 23 25 27 29 31 34 36 39 40 42 44 46 48 51 52 54 56 58 60 62 64 66 68 ]   sup=2
                                [1 3 5 7 9 12 13 16 17 19 21 23 25 27 29 31 34 36 39 40 42 44 46 48 51 52 54 56 58 60 62 64 66 68 71 72 74 ]   sup=1
                                [1 3 5 7 9 12 13 16 17 19 21 23 25 27 29 31 34 36 39 40 42 44 46 48 51 52 54 56 58 60 62 64 66 68 70 72 74 ]   sup=1
                              [1 3 5 7 9 12 13 16 17 19 21 23 25 27 29 31 34 36 39 40 42 44 46 48 51 52 55 56 58 60 62 64 66 68 ]   sup=2
                                [1 3 5 7 9 12 13 16 17 19 21 23 25 27 29 31 34 36 39 40 42 44 46 48 51 52 55 56 58 60 62 64 66 68 70 72 74 ]   sup=1
                                [1 3 5 7 9 12 13 16 17 19 21 23 25 27 29 31 34 36 39 40 42 44 46 48 51 52 55 56 58 60 62 64 66 68 71 72 74 ]   sup=1
                            [1 3 5 7 9 12 13 16 17 19 21 23 25 27 29 31 34 36 39 40 42 44 46 48 50 52 ]   sup=6
                              [1 3 5 7 9 12 13 16 17 19 21 23 25 27 29 31 34 36 39 40 42 44 46 48 50 52 54 56 58 60 62 64 66 68 ]   sup=3
                                [1 3 5 7 9 12 13 16 17 19 21 23 25 27 29 31 34 36 39 40 42 44 46 48 50 52 54 56 58 60 62 64 66 68 70 72 74 ]   sup=1
                                [1 3 5 7 9 12 13 16 17 19 21 23 25 27 29 31 34 36 39 40 42 44 46 48 50 52 54 56 58 60 62 64 66 68 71 72 ]   sup=2
                                  [1 3 5 7 9 12 13 16 17 19 21 23 25 27 29 31 34 36 39 40 42 44 46 48 50 52 54 56 58 60 62 64 66 68 71 72 74 ]   sup=1
                                  [1 3 5 7 9 12 13 16 17 19 21 23 25 27 29 31 34 36 39 40 42 44 46 48 50 52 54 56 58 60 62 64 66 68 71 72 75 ]   sup=1
                              [1 3 5 7 9 12 13 16 17 19 21 23 25 27 29 31 34 36 39 40 42 44 46 48 50 52 55 56 58 60 62 64 66 68 ]   sup=3
                                [1 3 5 7 9 12 13 16 17 19 21 23 25 27 29 31 34 36 39 40 42 44 46 48 50 52 55 56 58 60 62 64 66 68 70 72 74 ]   sup=1
                                [1 3 5 7 9 12 13 16 17 19 21 23 25 27 29 31 34 36 39 40 42 44 46 48 50 52 55 56 58 60 62 64 66 68 71 72 ]   sup=2
                                  [1 3 5 7 9 12 13 16 17 19 21 23 25 27 29 31 34 36 39 40 42 44 46 48 50 52 55 56 58 60 62 64 66 68 71 72 74 ]   sup=1
                                  [1 3 5 7 9 12 13 16 17 19 21 23 25 27 29 31 34 36 39 40 42 44 46 48 50 52 55 56 58 60 62 64 66 68 71 72 75 ]   sup=1
                          [1 3 5 7 9 12 13 16 17 19 21 23 25 27 29 31 34 36 38 40 42 44 46 48 ]   sup=6
                            [1 3 5 7 9 12 13 16 17 19 21 23 25 27 29 31 34 36 38 40 42 44 46 48 51 52 55 56 58 60 62 64 66 68 70 72 ]   sup=2
                              [1 3 5 7 9 12 13 16 17 19 21 23 25 27 29 31 34 36 38 40 42 44 46 48 51 52 55 56 58 60 62 64 66 68 70 72 74 ]   sup=1
                              [1 3 5 7 9 12 13 16 17 19 21 23 25 27 29 31 34 36 38 40 42 44 46 48 51 52 55 56 58 60 62 64 66 68 70 72 75 ]   sup=1
                            [1 3 5 7 9 12 13 16 17 19 21 23 25 27 29 31 34 36 38 40 42 44 46 48 50 52 ]   sup=4
                              [1 3 5 7 9 12 13 16 17 19 21 23 25 27 29 31 34 36 38 40 42 44 46 48 50 52 54 56 58 60 62 64 66 68 70 72 ]   sup=2
                                [1 3 5 7 9 12 13 16 17 19 21 23 25 27 29 31 34 36 38 40 42 44 46 48 50 52 54 56 58 60 62 64 66 68 70 72 74 ]   sup=1
                                [1 3 5 7 9 12 13 16 17 19 21 23 25 27 29 31 34 36 38 40 42 44 46 48 50 52 54 56 58 60 62 64 66 68 70 72 75 ]   sup=1
                              [1 3 5 7 9 12 13 16 17 19 21 23 25 27 29 31 34 36 38 40 42 44 46 48 50 52 55 56 58 60 62 64 66 68 70 72 ]   sup=2
                                [1 3 5 7 9 12 13 16 17 19 21 23 25 27 29 31 34 36 38 40 42 44 46 48 50 52 55 56 58 60 62 64 66 68 70 72 74 ]   sup=1
                                [1 3 5 7 9 12 13 16 17 19 21 23 25 27 29 31 34 36 38 40 42 44 46 48 50 52 55 56 58 60 62 64 66 68 70 72 75 ]   sup=1
                      [1 3 5 7 9 12 13 16 17 19 21 24 25 ]   sup=17
                        [1 3 5 7 9 12 13 16 17 19 21 24 25 28 29 31 34 36 38 40 42 44 46 48 ]   sup=2
                          [1 3 5 7 9 12 13 16 17 19 21 24 25 28 29 31 34 36 38 40 42 44 46 48 51 52 54 56 58 60 62 64 66 68 70 72 74 ]   sup=1
                          [1 3 5 7 9 12 13 16 17 19 21 24 25 28 29 31 34 36 38 40 42 44 46 48 50 52 54 56 58 60 62 64 66 68 70 72 74 ]   sup=1
                        [1 3 5 7 9 12 13 16 17 19 21 24 25 27 29 ]   sup=15
                          [1 3 5 7 9 12 13 16 17 19 21 24 25 27 29 32 34 36 ]   sup=11
                            [1 3 5 7 9 12 13 16 17 19 21 24 25 27 29 32 34 36 39 40 ]   sup=7
                              [1 3 5 7 9 12 13 16 17 19 21 24 25 27 29 32 34 36 39 40 42 44 46 48 ]   sup=5
                                [1 3 5 7 9 12 13 16 17 19 21 24 25 27 29 32 34 36 39 40 42 44 46 48 50 52 54 56 58 60 62 64 66 68 ]   sup=3
                                  [1 3 5 7 9 12 13 16 17 19 21 24 25 27 29 32 34 36 39 40 42 44 46 48 50 52 54 56 58 60 62 64 66 68 71 ]   sup=2
                                    [1 3 5 7 9 12 13 16 17 19 21 24 25 27 29 32 34 36 39 40 42 44 46 48 50 52 54 56 58 60 62 64 66 68 71 72 74 ]   sup=1
                                    [1 3 5 7 9 12 13 16 17 19 21 24 25 27 29 32 34 36 39 40 42 44 46 48 50 52 54 56 58 60 62 64 66 68 71 73 74 ]   sup=1
                                  [1 3 5 7 9 12 13 16 17 19 21 24 25 27 29 32 34 36 39 40 42 44 46 48 50 52 54 56 58 60 62 64 66 68 70 72 74 ]   sup=1
                                [1 3 5 7 9 12 13 16 17 19 21 24 25 27 29 32 34 36 39 40 42 44 46 48 51 52 54 56 58 60 62 64 66 68 71 ]   sup=2
                                  [1 3 5 7 9 12 13 16 17 19 21 24 25 27 29 32 34 36 39 40 42 44 46 48 51 52 54 56 58 60 62 64 66 68 71 73 74 ]   sup=1
                                  [1 3 5 7 9 12 13 16 17 19 21 24 25 27 29 32 34 36 39 40 42 44 46 48 51 52 54 56 58 60 62 64 66 68 71 72 74 ]   sup=1
                              [1 3 5 7 9 12 13 16 17 19 21 24 25 27 29 32 34 36 39 40 43 44 46 48 50 52 54 56 58 60 62 ]   sup=2
                                [1 3 5 7 9 12 13 16 17 19 21 24 25 27 29 32 34 36 39 40 43 44 46 48 50 52 54 56 58 60 62 64 66 68 71 73 74 ]   sup=1
                                [1 3 5 7 9 12 13 16 17 19 21 24 25 27 29 32 34 36 39 40 43 44 46 48 50 52 54 56 58 60 62 65 66 68 71 72 74 ]   sup=1
                            [1 3 5 7 9 12 13 16 17 19 21 24 25 27 29 32 34 36 38 40 ]   sup=4
                              [1 3 5 7 9 12 13 16 17 19 21 24 25 27 29 32 34 36 38 40 43 44 46 48 50 52 54 56 58 60 62 ]   sup=2
                                [1 3 5 7 9 12 13 16 17 19 21 24 25 27 29 32 34 36 38 40 43 44 46 48 50 52 54 56 58 60 62 64 66 68 70 73 74 ]   sup=1
                                [1 3 5 7 9 12 13 16 17 19 21 24 25 27 29 32 34 36 38 40 43 44 46 48 50 52 54 56 58 60 62 65 66 68 70 72 74 ]   sup=1
                              [1 3 5 7 9 12 13 16 17 19 21 24 25 27 29 32 34 36 38 40 42 44 46 48 50 52 54 56 58 60 62 64 66 68 70 ]   sup=2
                                [1 3 5 7 9 12 13 16 17 19 21 24 25 27 29 32 34 36 38 40 42 44 46 48 50 52 54 56 58 60 62 64 66 68 70 73 74 ]   sup=1
                                [1 3 5 7 9 12 13 16 17 19 21 24 25 27 29 32 34 36 38 40 42 44 46 48 50 52 54 56 58 60 62 64 66 68 70 72 74 ]   sup=1
                          [1 3 5 7 9 12 13 16 17 19 21 24 25 27 29 31 34 36 ]   sup=4
                            [1 3 5 7 9 12 13 16 17 19 21 24 25 27 29 31 34 36 38 40 42 44 46 48 ]   sup=2
                              [1 3 5 7 9 12 13 16 17 19 21 24 25 27 29 31 34 36 38 40 42 44 46 48 51 52 54 56 58 60 62 64 66 68 70 72 74 ]   sup=1
                              [1 3 5 7 9 12 13 16 17 19 21 24 25 27 29 31 34 36 38 40 42 44 46 48 50 52 54 56 58 60 62 64 66 68 70 72 74 ]   sup=1
                            [1 3 5 7 9 12 13 16 17 19 21 24 25 27 29 31 34 36 39 40 42 44 46 48 ]   sup=2
                              [1 3 5 7 9 12 13 16 17 19 21 24 25 27 29 31 34 36 39 40 42 44 46 48 51 52 54 56 58 60 62 64 66 68 71 72 74 ]   sup=1
                              [1 3 5 7 9 12 13 16 17 19 21 24 25 27 29 31 34 36 39 40 42 44 46 48 50 52 54 56 58 60 62 64 66 68 71 72 74 ]   sup=1
            [1 3 5 7 9 11 ]   sup=868
              [1 3 5 7 9 11 13 ]   sup=442
                [1 3 5 7 9 11 13 16 ]   sup=42
                  [1 3 5 7 9 11 13 16 17 ]   sup=15
                    [1 3 5 7 9 11 13 16 17 20 21 ]   sup=7
                      [1 3 5 7 9 11 13 16 17 20 21 23 25 ]   sup=4
                        [1 3 5 7 9 11 13 16 17 20 21 23 25 27 29 31 34 36 38 40 42 44 47 48 51 52 55 56 58 60 62 64 66 68 70 72 74 ]   sup=1
                        [1 3 5 7 9 11 13 16 17 20 21 23 25 28 29 31 34 36 38 40 42 44 47 48 51 52 ]   sup=3
                          [1 3 5 7 9 11 13 16 17 20 21 23 25 28 29 31 34 36 38 40 42 44 47 48 51 52 55 56 58 60 62 64 66 68 70 72 ]   sup=2
                            [1 3 5 7 9 11 13 16 17 20 21 23 25 28 29 31 34 36 38 40 42 44 47 48 51 52 55 56 58 60 62 64 66 68 70 72 75 ]   sup=1
                            [1 3 5 7 9 11 13 16 17 20 21 23 25 28 29 31 34 36 38 40 42 44 47 48 51 52 55 56 58 60 62 64 66 68 70 72 74 ]   sup=1
                          [1 3 5 7 9 11 13 16 17 20 21 23 25 28 29 31 34 36 38 40 42 44 47 48 51 52 54 56 58 60 62 64 66 68 70 72 74 ]   sup=1
                      [1 3 5 7 9 11 13 16 17 20 21 24 25 ]   sup=3
                        [1 3 5 7 9 11 13 16 17 20 21 24 25 28 29 31 34 36 38 40 42 44 47 48 51 52 54 56 58 60 62 64 66 68 70 72 74 ]   sup=1
                        [1 3 5 7 9 11 13 16 17 20 21 24 25 27 29 ]   sup=2
                          [1 3 5 7 9 11 13 16 17 20 21 24 25 27 29 31 34 36 39 40 43 44 47 48 51 52 54 56 58 60 62 64 66 68 71 72 74 ]   sup=1
                          [1 3 5 7 9 11 13 16 17 20 21 24 25 27 29 32 34 36 39 40 42 44 47 48 51 52 54 56 58 60 62 64 66 68 70 72 74 ]   sup=1
                    [1 3 5 7 9 11 13 16 17 19 ]   sup=8
                      [1 3 5 7 9 11 13 16 17 19 22 23 25 27 29 ]   sup=2
                        [1 3 5 7 9 11 13 16 17 19 22 23 25 27 29 32 34 36 39 40 43 45 46 48 50 52 54 56 58 60 62 64 67 69 71 73 74 ]   sup=1
                        [1 3 5 7 9 11 13 16 17 19 22 23 25 27 29 31 34 36 38 40 43 45 46 48 50 52 54 56 58 60 62 64 67 69 70 73 74 ]   sup=1
                      [1 3 5 7 9 11 13 16 17 19 21 24 25 ]   sup=6
                        [1 3 5 7 9 11 13 16 17 19 21 24 25 27 29 ]   sup=5
                          [1 3 5 7 9 11 13 16 17 19 21 24 25 27 29 32 34 36 ]   sup=4
                            [1 3 5 7 9 11 13 16 17 19 21 24 25 27 29 32 34 36 39 40 ]   sup=2
                              [1 3 5 7 9 11 13 16 17 19 21 24 25 27 29 32 34 36 39 40 42 44 46 48 50 52 54 56 58 60 62 64 66 68 70 73 74 ]   sup=1
                              [1 3 5 7 9 11 13 16 17 19 21 24 25 27 29 32 34 36 39 40 43 44 46 48 50 52 54 56 58 60 62 65 66 68 71 73 74 ]   sup=1
                            [1 3 5 7 9 11 13 16 17 19 21 24 25 27 29 32 34 36 38 40 42 44 46 48 50 52 54 56 58 60 62 64 66 68 70 ]   sup=2
                              [1 3 5 7 9 11 13 16 17 19 21 24 25 27 29 32 34 36 38 40 42 44 46 48 50 52 54 56 58 60 62 64 66 68 70 72 74 ]   sup=1
                              [1 3 5 7 9 11 13 16 17 19 21 24 25 27 29 32 34 36 38 40 42 44 46 48 50 52 54 56 58 60 62 64 66 68 70 73 74 ]   sup=1
                          [1 3 5 7 9 11 13 16 17 19 21 24 25 27 29 31 34 36 38 40 42 44 46 48 50 52 54 56 58 60 62 64 66 68 70 72 74 ]   sup=1
                        [1 3 5 7 9 11 13 16 17 19 21 24 25 28 29 31 34 36 38 40 42 44 46 48 50 52 54 56 58 60 62 64 66 68 70 72 74 ]   sup=1
                  [1 3 5 7 9 11 13 16 18 20 ]   sup=27
                    [1 3 5 7 9 11 13 16 18 20 22 ]   sup=4
                      [1 3 5 7 9 11 13 16 18 20 22 23 25 27 29 32 34 36 39 40 42 45 46 48 51 52 54 56 58 60 62 64 67 69 71 73 74 ]   sup=1
                      [1 3 5 7 9 11 13 16 18 20 22 24 25 ]   sup=3
                        [1 3 5 7 9 11 13 16 18 20 22 24 25 27 29 ]   sup=2
                          [1 3 5 7 9 11 13 16 18 20 22 24 25 27 29 32 34 36 39 40 42 45 46 48 51 52 54 56 58 60 62 64 66 69 71 72 74 ]   sup=1
                          [1 3 5 7 9 11 13 16 18 20 22 24 25 27 29 31 34 36 38 40 42 45 46 48 51 52 54 56 58 60 62 64 66 69 70 72 74 ]   sup=1
                        [1 3 5 7 9 11 13 16 18 20 22 24 25 28 29 31 34 36 38 40 42 45 46 48 51 52 54 56 58 60 62 64 66 69 70 72 74 ]   sup=1
                    [1 3 5 7 9 11 13 16 18 20 21 24 ]   sup=23
                      [1 3 5 7 9 11 13 16 18 20 21 24 26 27 29 32 34 36 ]   sup=3
                        [1 3 5 7 9 11 13 16 18 20 21 24 26 27 29 32 34 36 38 40 42 44 ]   sup=2
                          [1 3 5 7 9 11 13 16 18 20 21 24 26 27 29 32 34 36 38 40 42 44 47 48 50 52 54 56 58 60 62 64 66 68 70 73 74 ]   sup=1
                          [1 3 5 7 9 11 13 16 18 20 21 24 26 27 29 32 34 36 38 40 42 44 46 48 50 52 54 56 58 60 62 64 66 68 70 73 74 ]   sup=1
                        [1 3 5 7 9 11 13 16 18 20 21 24 26 27 29 32 34 36 39 40 42 44 46 48 50 52 54 56 58 60 62 64 66 68 70 73 74 ]   sup=1
                      [1 3 5 7 9 11 13 16 18 20 21 24 25 ]   sup=20
                        [1 3 5 7 9 11 13 16 18 20 21 24 25 28 29 31 34 36 38 40 42 44 ]   sup=3
                          [1 3 5 7 9 11 13 16 18 20 21 24 25 28 29 31 34 36 38 40 42 44 46 48 50 52 54 56 58 60 62 64 66 68 70 72 74 ]   sup=1
                          [1 3 5 7 9 11 13 16 18 20 21 24 25 28 29 31 34 36 38 40 42 44 47 48 ]   sup=2
                            [1 3 5 7 9 11 13 16 18 20 21 24 25 28 29 31 34 36 38 40 42 44 47 48 51 52 54 56 58 60 62 64 66 68 70 72 74 ]   sup=1
                            [1 3 5 7 9 11 13 16 18 20 21 24 25 28 29 31 34 36 38 40 42 44 47 48 50 52 54 56 58 60 62 64 66 68 70 72 74 ]   sup=1
                        [1 3 5 7 9 11 13 16 18 20 21 24 25 27 29 ]   sup=17
                          [1 3 5 7 9 11 13 16 18 20 21 24 25 27 29 31 34 36 ]   sup=4
                            [1 3 5 7 9 11 13 16 18 20 21 24 25 27 29 31 34 36 39 40 42 44 46 48 50 52 54 56 58 60 62 64 66 68 71 72 74 ]   sup=1
                            [1 3 5 7 9 11 13 16 18 20 21 24 25 27 29 31 34 36 38 40 ]   sup=3
                              [1 3 5 7 9 11 13 16 18 20 21 24 25 27 29 31 34 36 38 40 42 44 ]   sup=2
                                [1 3 5 7 9 11 13 16 18 20 21 24 25 27 29 31 34 36 38 40 42 44 47 48 50 52 54 56 58 60 62 64 66 68 70 72 74 ]   sup=1
                                [1 3 5 7 9 11 13 16 18 20 21 24 25 27 29 31 34 36 38 40 42 44 46 48 50 52 54 56 58 60 62 64 66 68 70 72 74 ]   sup=1
                              [1 3 5 7 9 11 13 16 18 20 21 24 25 27 29 31 34 36 38 40 43 44 47 48 51 52 54 56 58 60 62 64 66 68 70 72 74 ]   sup=1
                          [1 3 5 7 9 11 13 16 18 20 21 24 25 27 29 32 34 36 ]   sup=13
                            [1 3 5 7 9 11 13 16 18 20 21 24 25 27 29 32 34 36 39 40 ]   sup=5
                              [1 3 5 7 9 11 13 16 18 20 21 24 25 27 29 32 34 36 39 40 42 44 46 48 50 52 54 56 58 60 62 64 66 68 ]   sup=3
                                [1 3 5 7 9 11 13 16 18 20 21 24 25 27 29 32 34 36 39 40 42 44 46 48 50 52 54 56 58 60 62 64 66 68 70 73 74 ]   sup=1
                                [1 3 5 7 9 11 13 16 18 20 21 24 25 27 29 32 34 36 39 40 42 44 46 48 50 52 54 56 58 60 62 64 66 68 71 ]   sup=2
                                  [1 3 5 7 9 11 13 16 18 20 21 24 25 27 29 32 34 36 39 40 42 44 46 48 50 52 54 56 58 60 62 64 66 68 71 72 74 ]   sup=1
                                  [1 3 5 7 9 11 13 16 18 20 21 24 25 27 29 32 34 36 39 40 42 44 46 48 50 52 54 56 58 60 62 64 66 68 71 73 74 ]   sup=1
                              [1 3 5 7 9 11 13 16 18 20 21 24 25 27 29 32 34 36 39 40 43 44 46 48 50 52 54 56 58 60 62 64 66 68 71 ]   sup=2
                                [1 3 5 7 9 11 13 16 18 20 21 24 25 27 29 32 34 36 39 40 43 44 46 48 50 52 54 56 58 60 62 64 66 68 71 73 74 ]   sup=1
                                [1 3 5 7 9 11 13 16 18 20 21 24 25 27 29 32 34 36 39 40 43 44 46 48 50 52 54 56 58 60 62 64 66 68 71 72 74 ]   sup=1
                            [1 3 5 7 9 11 13 16 18 20 21 24 25 27 29 32 34 36 38 40 ]   sup=8
                              [1 3 5 7 9 11 13 16 18 20 21 24 25 27 29 32 34 36 38 40 42 44 ]   sup=5
                                [1 3 5 7 9 11 13 16 18 20 21 24 25 27 29 32 34 36 38 40 42 44 47 48 ]   sup=3
                                  [1 3 5 7 9 11 13 16 18 20 21 24 25 27 29 32 34 36 38 40 42 44 47 48 51 52 54 56 58 60 62 64 66 68 70 72 74 ]   sup=1
                                  [1 3 5 7 9 11 13 16 18 20 21 24 25 27 29 32 34 36 38 40 42 44 47 48 50 52 54 56 58 60 62 64 66 68 70 ]   sup=2
                                    [1 3 5 7 9 11 13 16 18 20 21 24 25 27 29 32 34 36 38 40 42 44 47 48 50 52 54 56 58 60 62 64 66 68 70 73 74 ]   sup=1
                                    [1 3 5 7 9 11 13 16 18 20 21 24 25 27 29 32 34 36 38 40 42 44 47 48 50 52 54 56 58 60 62 64 66 68 70 72 74 ]   sup=1
                                [1 3 5 7 9 11 13 16 18 20 21 24 25 27 29 32 34 36 38 40 42 44 46 48 50 52 54 56 58 60 62 64 66 68 70 ]   sup=2
                                  [1 3 5 7 9 11 13 16 18 20 21 24 25 27 29 32 34 36 38 40 42 44 46 48 50 52 54 56 58 60 62 64 66 68 70 72 74 ]   sup=1
                                  [1 3 5 7 9 11 13 16 18 20 21 24 25 27 29 32 34 36 38 40 42 44 46 48 50 52 54 56 58 60 62 64 66 68 70 73 74 ]   sup=1
                              [1 3 5 7 9 11 13 16 18 20 21 24 25 27 29 32 34 36 38 40 43 44 ]   sup=3
                                [1 3 5 7 9 11 13 16 18 20 21 24 25 27 29 32 34 36 38 40 43 44 47 48 50 52 54 56 58 60 62 64 66 68 70 73 74 ]   sup=1
                                [1 3 5 7 9 11 13 16 18 20 21 24 25 27 29 32 34 36 38 40 43 44 46 48 50 52 54 56 58 60 62 64 66 68 70 ]   sup=2
                                  [1 3 5 7 9 11 13 16 18 20 21 24 25 27 29 32 34 36 38 40 43 44 46 48 50 52 54 56 58 60 62 64 66 68 70 72 74 ]   sup=1
                                  [1 3 5 7 9 11 13 16 18 20 21 24 25 27 29 32 34 36 38 40 43 44 46 48 50 52 54 56 58 60 62 64 66 68 70 73 74 ]   sup=1
                [1 3 5 7 9 11 13 15 17 ]   sup=400
                  [1 3 5 7 9 11 13 15 17 20 21 ]   sup=100
                    [1 3 5 7 9 11 13 15 17 20 21 23 ]   sup=55
                      [1 3 5 7 9 11 13 15 17 20 21 23 25 ]   sup=35
                        [1 3 5 7 9 11 13 15 17 20 21 23 25 27 29 31 34 36 ]   sup=26
                          [1 3 5 7 9 11 13 15 17 20 21 23 25 27 29 31 34 36 39 40 42 ]   sup=10
                            [1 3 5 7 9 11 13 15 17 20 21 23 25 27 29 31 34 36 39 40 42 45 47 48 ]   sup=8
                              [1 3 5 7 9 11 13 15 17 20 21 23 25 27 29 31 34 36 39 40 42 45 47 48 51 52 ]   sup=4
                                [1 3 5 7 9 11 13 15 17 20 21 23 25 27 29 31 34 36 39 40 42 45 47 48 51 52 55 56 58 60 62 64 66 ]   sup=3
                                  [1 3 5 7 9 11 13 15 17 20 21 23 25 27 29 31 34 36 39 40 42 45 47 48 51 52 55 56 58 60 62 64 66 68 70 72 75 ]   sup=1
                                  [1 3 5 7 9 11 13 15 17 20 21 23 25 27 29 31 34 36 39 40 42 45 47 48 51 52 55 56 58 60 62 64 66 69 70 72 ]   sup=2
                                    [1 3 5 7 9 11 13 15 17 20 21 23 25 27 29 31 34 36 39 40 42 45 47 48 51 52 55 56 58 60 62 64 66 69 70 72 75 ]   sup=1
                                    [1 3 5 7 9 11 13 15 17 20 21 23 25 27 29 31 34 36 39 40 42 45 47 48 51 52 55 56 58 60 62 64 66 69 70 72 74 ]   sup=1
                                [1 3 5 7 9 11 13 15 17 20 21 23 25 27 29 31 34 36 39 40 42 45 47 48 51 52 54 56 58 60 62 64 66 69 70 72 75 ]   sup=1
                              [1 3 5 7 9 11 13 15 17 20 21 23 25 27 29 31 34 36 39 40 42 45 47 48 50 52 ]   sup=4
                                [1 3 5 7 9 11 13 15 17 20 21 23 25 27 29 31 34 36 39 40 42 45 47 48 50 52 54 56 58 60 62 64 66 69 70 72 75 ]   sup=1
                                [1 3 5 7 9 11 13 15 17 20 21 23 25 27 29 31 34 36 39 40 42 45 47 48 50 52 55 56 58 60 62 64 66 ]   sup=3
                                  [1 3 5 7 9 11 13 15 17 20 21 23 25 27 29 31 34 36 39 40 42 45 47 48 50 52 55 56 58 60 62 64 66 68 70 72 75 ]   sup=1
                                  [1 3 5 7 9 11 13 15 17 20 21 23 25 27 29 31 34 36 39 40 42 45 47 48 50 52 55 56 58 60 62 64 66 69 70 72 ]   sup=2
                                    [1 3 5 7 9 11 13 15 17 20 21 23 25 27 29 31 34 36 39 40 42 45 47 48 50 52 55 56 58 60 62 64 66 69 70 72 75 ]   sup=1
                                    [1 3 5 7 9 11 13 15 17 20 21 23 25 27 29 31 34 36 39 40 42 45 47 48 50 52 55 56 58 60 62 64 66 69 70 72 74 ]   sup=1
                            [1 3 5 7 9 11 13 15 17 20 21 23 25 27 29 31 34 36 39 40 42 44 47 48 ]   sup=2
                              [1 3 5 7 9 11 13 15 17 20 21 23 25 27 29 31 34 36 39 40 42 44 47 48 51 52 55 56 58 60 62 64 66 68 70 72 74 ]   sup=1
                              [1 3 5 7 9 11 13 15 17 20 21 23 25 27 29 31 34 36 39 40 42 44 47 48 50 52 55 56 58 60 62 64 66 68 70 72 74 ]   sup=1
                          [1 3 5 7 9 11 13 15 17 20 21 23 25 27 29 31 34 36 38 40 42 ]   sup=16
                            [1 3 5 7 9 11 13 15 17 20 21 23 25 27 29 31 34 36 38 40 42 45 47 48 ]   sup=10
                              [1 3 5 7 9 11 13 15 17 20 21 23 25 27 29 31 34 36 38 40 42 45 47 48 50 52 ]   sup=5
                                [1 3 5 7 9 11 13 15 17 20 21 23 25 27 29 31 34 36 38 40 42 45 47 48 50 52 55 56 58 60 62 64 66 ]   sup=3
                                  [1 3 5 7 9 11 13 15 17 20 21 23 25 27 29 31 34 36 38 40 42 45 47 48 50 52 55 56 58 60 62 64 66 69 70 72 ]   sup=2
                                    [1 3 5 7 9 11 13 15 17 20 21 23 25 27 29 31 34 36 38 40 42 45 47 48 50 52 55 56 58 60 62 64 66 69 70 72 75 ]   sup=1
                                    [1 3 5 7 9 11 13 15 17 20 21 23 25 27 29 31 34 36 38 40 42 45 47 48 50 52 55 56 58 60 62 64 66 69 70 72 74 ]   sup=1
                                  [1 3 5 7 9 11 13 15 17 20 21 23 25 27 29 31 34 36 38 40 42 45 47 48 50 52 55 56 58 60 62 64 66 68 70 72 74 ]   sup=1
                                [1 3 5 7 9 11 13 15 17 20 21 23 25 27 29 31 34 36 38 40 42 45 47 48 50 52 54 56 58 60 62 64 66 ]   sup=2
                                  [1 3 5 7 9 11 13 15 17 20 21 23 25 27 29 31 34 36 38 40 42 45 47 48 50 52 54 56 58 60 62 64 66 69 70 72 75 ]   sup=1
                                  [1 3 5 7 9 11 13 15 17 20 21 23 25 27 29 31 34 36 38 40 42 45 47 48 50 52 54 56 58 60 62 64 66 68 70 72 74 ]   sup=1
                              [1 3 5 7 9 11 13 15 17 20 21 23 25 27 29 31 34 36 38 40 42 45 47 48 51 52 ]   sup=5
                                [1 3 5 7 9 11 13 15 17 20 21 23 25 27 29 31 34 36 38 40 42 45 47 48 51 52 54 56 58 60 62 64 66 ]   sup=2
                                  [1 3 5 7 9 11 13 15 17 20 21 23 25 27 29 31 34 36 38 40 42 45 47 48 51 52 54 56 58 60 62 64 66 68 70 72 74 ]   sup=1
                                  [1 3 5 7 9 11 13 15 17 20 21 23 25 27 29 31 34 36 38 40 42 45 47 48 51 52 54 56 58 60 62 64 66 69 70 72 75 ]   sup=1
                                [1 3 5 7 9 11 13 15 17 20 21 23 25 27 29 31 34 36 38 40 42 45 47 48 51 52 55 56 58 60 62 64 66 ]   sup=3
                                  [1 3 5 7 9 11 13 15 17 20 21 23 25 27 29 31 34 36 38 40 42 45 47 48 51 52 55 56 58 60 62 64 66 69 70 72 ]   sup=2
                                    [1 3 5 7 9 11 13 15 17 20 21 23 25 27 29 31 34 36 38 40 42 45 47 48 51 52 55 56 58 60 62 64 66 69 70 72 75 ]   sup=1
                                    [1 3 5 7 9 11 13 15 17 20 21 23 25 27 29 31 34 36 38 40 42 45 47 48 51 52 55 56 58 60 62 64 66 69 70 72 74 ]   sup=1
                                  [1 3 5 7 9 11 13 15 17 20 21 23 25 27 29 31 34 36 38 40 42 45 47 48 51 52 55 56 58 60 62 64 66 68 70 72 74 ]   sup=1
                            [1 3 5 7 9 11 13 15 17 20 21 23 25 27 29 31 34 36 38 40 42 44 47 48 ]   sup=6
                              [1 3 5 7 9 11 13 15 17 20 21 23 25 27 29 31 34 36 38 40 42 44 47 48 51 52 ]   sup=3
                                [1 3 5 7 9 11 13 15 17 20 21 23 25 27 29 31 34 36 38 40 42 44 47 48 51 52 55 56 58 60 62 64 66 68 70 72 ]   sup=2
                                  [1 3 5 7 9 11 13 15 17 20 21 23 25 27 29 31 34 36 38 40 42 44 47 48 51 52 55 56 58 60 62 64 66 68 70 72 74 ]   sup=1
                                  [1 3 5 7 9 11 13 15 17 20 21 23 25 27 29 31 34 36 38 40 42 44 47 48 51 52 55 56 58 60 62 64 66 68 70 72 75 ]   sup=1
                                [1 3 5 7 9 11 13 15 17 20 21 23 25 27 29 31 34 36 38 40 42 44 47 48 51 52 54 56 58 60 62 64 66 68 70 72 74 ]   sup=1
                              [1 3 5 7 9 11 13 15 17 20 21 23 25 27 29 31 34 36 38 40 42 44 47 48 50 52 ]   sup=3
                                [1 3 5 7 9 11 13 15 17 20 21 23 25 27 29 31 34 36 38 40 42 44 47 48 50 52 54 56 58 60 62 64 66 68 70 72 74 ]   sup=1
                                [1 3 5 7 9 11 13 15 17 20 21 23 25 27 29 31 34 36 38 40 42 44 47 48 50 52 55 56 58 60 62 64 66 68 70 72 ]   sup=2
                                  [1 3 5 7 9 11 13 15 17 20 21 23 25 27 29 31 34 36 38 40 42 44 47 48 50 52 55 56 58 60 62 64 66 68 70 72 75 ]   sup=1
                                  [1 3 5 7 9 11 13 15 17 20 21 23 25 27 29 31 34 36 38 40 42 44 47 48 50 52 55 56 58 60 62 64 66 68 70 72 74 ]   sup=1
                        [1 3 5 7 9 11 13 15 17 20 21 23 25 28 29 31 34 ]   sup=9
                          [1 3 5 7 9 11 13 15 17 20 21 23 25 28 29 31 34 36 38 40 42 44 47 48 ]   sup=6
                            [1 3 5 7 9 11 13 15 17 20 21 23 25 28 29 31 34 36 38 40 42 44 47 48 50 52 ]   sup=3
                              [1 3 5 7 9 11 13 15 17 20 21 23 25 28 29 31 34 36 38 40 42 44 47 48 50 52 54 56 58 60 62 64 66 68 70 72 74 ]   sup=1
                              [1 3 5 7 9 11 13 15 17 20 21 23 25 28 29 31 34 36 38 40 42 44 47 48 50 52 55 56 58 60 62 64 66 68 70 72 ]   sup=2
                                [1 3 5 7 9 11 13 15 17 20 21 23 25 28 29 31 34 36 38 40 42 44 47 48 50 52 55 56 58 60 62 64 66 68 70 72 75 ]   sup=1
                                [1 3 5 7 9 11 13 15 17 20 21 23 25 28 29 31 34 36 38 40 42 44 47 48 50 52 55 56 58 60 62 64 66 68 70 72 74 ]   sup=1
                            [1 3 5 7 9 11 13 15 17 20 21 23 25 28 29 31 34 36 38 40 42 44 47 48 51 52 ]   sup=3
                              [1 3 5 7 9 11 13 15 17 20 21 23 25 28 29 31 34 36 38 40 42 44 47 48 51 52 54 56 58 60 62 64 66 68 70 72 74 ]   sup=1
                              [1 3 5 7 9 11 13 15 17 20 21 23 25 28 29 31 34 36 38 40 42 44 47 48 51 52 55 56 58 60 62 64 66 68 70 72 ]   sup=2
                                [1 3 5 7 9 11 13 15 17 20 21 23 25 28 29 31 34 36 38 40 42 44 47 48 51 52 55 56 58 60 62 64 66 68 70 72 75 ]   sup=1
                                [1 3 5 7 9 11 13 15 17 20 21 23 25 28 29 31 34 36 38 40 42 44 47 48 51 52 55 56 58 60 62 64 66 68 70 72 74 ]   sup=1
                          [1 3 5 7 9 11 13 15 17 20 21 23 25 28 29 31 34 37 38 40 42 44 47 ]   sup=3
                            [1 3 5 7 9 11 13 15 17 20 21 23 25 28 29 31 34 37 38 40 42 44 47 48 50 52 55 56 58 60 62 64 66 68 70 72 74 ]   sup=1
                            [1 3 5 7 9 11 13 15 17 20 21 23 25 28 29 31 34 37 38 40 42 44 47 49 50 52 55 56 58 60 62 64 66 68 70 72 ]   sup=2
                              [1 3 5 7 9 11 13 15 17 20 21 23 25 28 29 31 34 37 38 40 42 44 47 49 50 52 55 56 58 60 62 64 66 68 70 72 74 ]   sup=1
                              [1 3 5 7 9 11 13 15 17 20 21 23 25 28 29 31 34 37 38 40 42 44 47 49 50 52 55 56 58 60 62 64 66 68 70 72 75 ]   sup=1
                      [1 3 5 7 9 11 13 15 17 20 21 23 26 ]   sup=20
                        [1 3 5 7 9 11 13 15 17 20 21 23 26 27 29 31 34 36 ]   sup=15
                          [1 3 5 7 9 11 13 15 17 20 21 23 26 27 29 31 34 36 39 40 42 ]   sup=4
                            [1 3 5 7 9 11 13 15 17 20 21 23 26 27 29 31 34 36 39 40 42 44 47 48 50 52 55 56 58 60 62 64 66 68 70 72 ]   sup=2
                              [1 3 5 7 9 11 13 15 17 20 21 23 26 27 29 31 34 36 39 40 42 44 47 48 50 52 55 56 58 60 62 64 66 68 70 72 74 ]   sup=1
                              [1 3 5 7 9 11 13 15 17 20 21 23 26 27 29 31 34 36 39 40 42 44 47 48 50 52 55 56 58 60 62 64 66 68 70 72 75 ]   sup=1
                            [1 3 5 7 9 11 13 15 17 20 21 23 26 27 29 31 34 36 39 40 42 45 47 48 50 52 ]   sup=2
                              [1 3 5 7 9 11 13 15 17 20 21 23 26 27 29 31 34 36 39 40 42 45 47 48 50 52 54 56 58 60 62 64 66 69 70 72 75 ]   sup=1
                              [1 3 5 7 9 11 13 15 17 20 21 23 26 27 29 31 34 36 39 40 42 45 47 48 50 52 55 56 58 60 62 64 66 69 70 72 74 ]   sup=1
                          [1 3 5 7 9 11 13 15 17 20 21 23 26 27 29 31 34 36 38 40 42 ]   sup=11
                            [1 3 5 7 9 11 13 15 17 20 21 23 26 27 29 31 34 36 38 40 42 45 47 48 ]   sup=6
                              [1 3 5 7 9 11 13 15 17 20 21 23 26 27 29 31 34 36 38 40 42 45 47 48 50 52 ]   sup=5
                                [1 3 5 7 9 11 13 15 17 20 21 23 26 27 29 31 34 36 38 40 42 45 47 48 50 52 55 56 58 60 62 64 66 ]   sup=3
                                  [1 3 5 7 9 11 13 15 17 20 21 23 26 27 29 31 34 36 38 40 42 45 47 48 50 52 55 56 58 60 62 64 66 69 70 72 ]   sup=2
                                    [1 3 5 7 9 11 13 15 17 20 21 23 26 27 29 31 34 36 38 40 42 45 47 48 50 52 55 56 58 60 62 64 66 69 70 72 74 ]   sup=1
                                    [1 3 5 7 9 11 13 15 17 20 21 23 26 27 29 31 34 36 38 40 42 45 47 48 50 52 55 56 58 60 62 64 66 69 70 72 75 ]   sup=1
                                  [1 3 5 7 9 11 13 15 17 20 21 23 26 27 29 31 34 36 38 40 42 45 47 48 50 52 55 56 58 60 62 64 66 68 70 72 74 ]   sup=1
                                [1 3 5 7 9 11 13 15 17 20 21 23 26 27 29 31 34 36 38 40 42 45 47 48 50 52 54 56 58 60 62 64 66 ]   sup=2
                                  [1 3 5 7 9 11 13 15 17 20 21 23 26 27 29 31 34 36 38 40 42 45 47 48 50 52 54 56 58 60 62 64 66 68 70 72 74 ]   sup=1
                                  [1 3 5 7 9 11 13 15 17 20 21 23 26 27 29 31 34 36 38 40 42 45 47 48 50 52 54 56 58 60 62 64 66 69 70 72 75 ]   sup=1
                              [1 3 5 7 9 11 13 15 17 20 21 23 26 27 29 31 34 36 38 40 42 45 47 48 51 52 55 56 58 60 62 64 66 69 70 72 74 ]   sup=1
                            [1 3 5 7 9 11 13 15 17 20 21 23 26 27 29 31 34 36 38 40 42 44 47 48 ]   sup=5
                              [1 3 5 7 9 11 13 15 17 20 21 23 26 27 29 31 34 36 38 40 42 44 47 48 50 52 ]   sup=3
                                [1 3 5 7 9 11 13 15 17 20 21 23 26 27 29 31 34 36 38 40 42 44 47 48 50 52 54 56 58 60 62 64 66 68 70 72 74 ]   sup=1
                                [1 3 5 7 9 11 13 15 17 20 21 23 26 27 29 31 34 36 38 40 42 44 47 48 50 52 55 56 58 60 62 64 66 68 70 72 ]   sup=2
                                  [1 3 5 7 9 11 13 15 17 20 21 23 26 27 29 31 34 36 38 40 42 44 47 48 50 52 55 56 58 60 62 64 66 68 70 72 74 ]   sup=1
                                  [1 3 5 7 9 11 13 15 17 20 21 23 26 27 29 31 34 36 38 40 42 44 47 48 50 52 55 56 58 60 62 64 66 68 70 72 75 ]   sup=1
                              [1 3 5 7 9 11 13 15 17 20 21 23 26 27 29 31 34 36 38 40 42 44 47 48 51 52 55 56 58 60 62 64 66 68 70 72 ]   sup=2
                                [1 3 5 7 9 11 13 15 17 20 21 23 26 27 29 31 34 36 38 40 42 44 47 48 51 52 55 56 58 60 62 64 66 68 70 72 74 ]   sup=1
                                [1 3 5 7 9 11 13 15 17 20 21 23 26 27 29 31 34 36 38 40 42 44 47 48 51 52 55 56 58 60 62 64 66 68 70 72 75 ]   sup=1
                        [1 3 5 7 9 11 13 15 17 20 21 23 26 28 29 31 34 36 38 40 42 44 47 48 ]   sup=5
                          [1 3 5 7 9 11 13 15 17 20 21 23 26 28 29 31 34 36 38 40 42 44 47 48 51 52 55 56 58 60 62 64 66 68 70 72 ]   sup=2
                            [1 3 5 7 9 11 13 15 17 20 21 23 26 28 29 31 34 36 38 40 42 44 47 48 51 52 55 56 58 60 62 64 66 68 70 72 74 ]   sup=1
                            [1 3 5 7 9 11 13 15 17 20 21 23 26 28 29 31 34 36 38 40 42 44 47 48 51 52 55 56 58 60 62 64 66 68 70 72 75 ]   sup=1
                          [1 3 5 7 9 11 13 15 17 20 21 23 26 28 29 31 34 36 38 40 42 44 47 48 50 52 ]   sup=3
                            [1 3 5 7 9 11 13 15 17 20 21 23 26 28 29 31 34 36 38 40 42 44 47 48 50 52 54 56 58 60 62 64 66 68 70 72 74 ]   sup=1
                            [1 3 5 7 9 11 13 15 17 20 21 23 26 28 29 31 34 36 38 40 42 44 47 48 50 52 55 56 58 60 62 64 66 68 70 72 ]   sup=2
                              [1 3 5 7 9 11 13 15 17 20 21 23 26 28 29 31 34 36 38 40 42 44 47 48 50 52 55 56 58 60 62 64 66 68 70 72 74 ]   sup=1
                              [1 3 5 7 9 11 13 15 17 20 21 23 26 28 29 31 34 36 38 40 42 44 47 48 50 52 55 56 58 60 62 64 66 68 70 72 75 ]   sup=1
                    [1 3 5 7 9 11 13 15 17 20 21 24 ]   sup=45
                      [1 3 5 7 9 11 13 15 17 20 21 24 25 ]   sup=38
                        [1 3 5 7 9 11 13 15 17 20 21 24 25 28 29 31 34 ]   sup=3
                          [1 3 5 7 9 11 13 15 17 20 21 24 25 28 29 31 34 36 38 40 42 44 47 48 ]   sup=2
                            [1 3 5 7 9 11 13 15 17 20 21 24 25 28 29 31 34 36 38 40 42 44 47 48 51 52 54 56 58 60 62 64 66 68 70 72 74 ]   sup=1
                            [1 3 5 7 9 11 13 15 17 20 21 24 25 28 29 31 34 36 38 40 42 44 47 48 50 52 54 56 58 60 62 64 66 68 70 72 74 ]   sup=1
                          [1 3 5 7 9 11 13 15 17 20 21 24 25 28 29 31 34 37 38 40 42 44 47 49 50 52 54 56 58 60 62 64 66 68 70 72 74 ]   sup=1
                        [1 3 5 7 9 11 13 15 17 20 21 24 25 27 29 ]   sup=35
                          [1 3 5 7 9 11 13 15 17 20 21 24 25 27 29 32 34 36 ]   sup=20
                            [1 3 5 7 9 11 13 15 17 20 21 24 25 27 29 32 34 36 38 40 ]   sup=14
                              [1 3 5 7 9 11 13 15 17 20 21 24 25 27 29 32 34 36 38 40 43 ]   sup=6
                                [1 3 5 7 9 11 13 15 17 20 21 24 25 27 29 32 34 36 38 40 43 45 47 48 ]   sup=4
                                  [1 3 5 7 9 11 13 15 17 20 21 24 25 27 29 32 34 36 38 40 43 45 47 48 51 52 54 56 58 60 62 65 66 68 70 ]   sup=2
                                    [1 3 5 7 9 11 13 15 17 20 21 24 25 27 29 32 34 36 38 40 43 45 47 48 51 52 54 56 58 60 62 65 66 68 70 73 74 ]   sup=1
                                    [1 3 5 7 9 11 13 15 17 20 21 24 25 27 29 32 34 36 38 40 43 45 47 48 51 52 54 56 58 60 62 65 66 68 70 72 74 ]   sup=1
                                  [1 3 5 7 9 11 13 15 17 20 21 24 25 27 29 32 34 36 38 40 43 45 47 48 50 52 54 56 58 60 62 65 66 68 70 ]   sup=2
                                    [1 3 5 7 9 11 13 15 17 20 21 24 25 27 29 32 34 36 38 40 43 45 47 48 50 52 54 56 58 60 62 65 66 68 70 72 74 ]   sup=1
                                    [1 3 5 7 9 11 13 15 17 20 21 24 25 27 29 32 34 36 38 40 43 45 47 48 50 52 54 56 58 60 62 65 66 68 70 73 74 ]   sup=1
                                [1 3 5 7 9 11 13 15 17 20 21 24 25 27 29 32 34 36 38 40 43 44 47 48 ]   sup=2
                                  [1 3 5 7 9 11 13 15 17 20 21 24 25 27 29 32 34 36 38 40 43 44 47 48 51 52 54 56 58 60 62 65 66 68 70 72 74 ]   sup=1
                                  [1 3 5 7 9 11 13 15 17 20 21 24 25 27 29 32 34 36 38 40 43 44 47 48 50 52 54 56 58 60 62 65 66 68 70 72 74 ]   sup=1
                              [1 3 5 7 9 11 13 15 17 20 21 24 25 27 29 32 34 36 38 40 42 ]   sup=8
                                [1 3 5 7 9 11 13 15 17 20 21 24 25 27 29 32 34 36 38 40 42 45 47 48 ]   sup=4
                                  [1 3 5 7 9 11 13 15 17 20 21 24 25 27 29 32 34 36 38 40 42 45 47 48 50 52 54 56 58 60 62 65 66 68 70 ]   sup=2
                                    [1 3 5 7 9 11 13 15 17 20 21 24 25 27 29 32 34 36 38 40 42 45 47 48 50 52 54 56 58 60 62 65 66 68 70 72 74 ]   sup=1
                                    [1 3 5 7 9 11 13 15 17 20 21 24 25 27 29 32 34 36 38 40 42 45 47 48 50 52 54 56 58 60 62 65 66 68 70 73 74 ]   sup=1
                                  [1 3 5 7 9 11 13 15 17 20 21 24 25 27 29 32 34 36 38 40 42 45 47 48 51 52 54 56 58 60 62 65 66 68 70 ]   sup=2
                                    [1 3 5 7 9 11 13 15 17 20 21 24 25 27 29 32 34 36 38 40 42 45 47 48 51 52 54 56 58 60 62 65 66 68 70 73 74 ]   sup=1
                                    [1 3 5 7 9 11 13 15 17 20 21 24 25 27 29 32 34 36 38 40 42 45 47 48 51 52 54 56 58 60 62 65 66 68 70 72 74 ]   sup=1
                                [1 3 5 7 9 11 13 15 17 20 21 24 25 27 29 32 34 36 38 40 42 44 47 48 ]   sup=4
                                  [1 3 5 7 9 11 13 15 17 20 21 24 25 27 29 32 34 36 38 40 42 44 47 48 51 52 54 56 58 60 62 64 66 68 70 ]   sup=2
                                    [1 3 5 7 9 11 13 15 17 20 21 24 25 27 29 32 34 36 38 40 42 44 47 48 51 52 54 56 58 60 62 64 66 68 70 72 74 ]   sup=1
                                    [1 3 5 7 9 11 13 15 17 20 21 24 25 27 29 32 34 36 38 40 42 44 47 48 51 52 54 56 58 60 62 64 66 68 70 73 74 ]   sup=1
                                  [1 3 5 7 9 11 13 15 17 20 21 24 25 27 29 32 34 36 38 40 42 44 47 48 50 52 54 56 58 60 62 64 66 68 70 ]   sup=2
                                    [1 3 5 7 9 11 13 15 17 20 21 24 25 27 29 32 34 36 38 40 42 44 47 48 50 52 54 56 58 60 62 64 66 68 70 73 74 ]   sup=1
                                    [1 3 5 7 9 11 13 15 17 20 21 24 25 27 29 32 34 36 38 40 42 44 47 48 50 52 54 56 58 60 62 64 66 68 70 72 74 ]   sup=1
                            [1 3 5 7 9 11 13 15 17 20 21 24 25 27 29 32 34 36 39 40 ]   sup=6
                              [1 3 5 7 9 11 13 15 17 20 21 24 25 27 29 32 34 36 39 40 43 ]   sup=4
                                [1 3 5 7 9 11 13 15 17 20 21 24 25 27 29 32 34 36 39 40 43 44 47 48 ]   sup=2
                                  [1 3 5 7 9 11 13 15 17 20 21 24 25 27 29 32 34 36 39 40 43 44 47 48 50 52 54 56 58 60 62 65 66 68 70 72 74 ]   sup=1
                                  [1 3 5 7 9 11 13 15 17 20 21 24 25 27 29 32 34 36 39 40 43 44 47 48 51 52 54 56 58 60 62 65 66 68 70 72 74 ]   sup=1
                                [1 3 5 7 9 11 13 15 17 20 21 24 25 27 29 32 34 36 39 40 43 45 47 48 ]   sup=2
                                  [1 3 5 7 9 11 13 15 17 20 21 24 25 27 29 32 34 36 39 40 43 45 47 48 51 52 54 56 58 60 62 65 66 68 70 73 74 ]   sup=1
                                  [1 3 5 7 9 11 13 15 17 20 21 24 25 27 29 32 34 36 39 40 43 45 47 48 50 52 54 56 58 60 62 65 66 68 70 73 74 ]   sup=1
                              [1 3 5 7 9 11 13 15 17 20 21 24 25 27 29 32 34 36 39 40 42 44 47 48 ]   sup=2
                                [1 3 5 7 9 11 13 15 17 20 21 24 25 27 29 32 34 36 39 40 42 44 47 48 50 52 54 56 58 60 62 64 66 68 70 73 74 ]   sup=1
                                [1 3 5 7 9 11 13 15 17 20 21 24 25 27 29 32 34 36 39 40 42 44 47 48 51 52 54 56 58 60 62 64 66 68 70 72 74 ]   sup=1
                          [1 3 5 7 9 11 13 15 17 20 21 24 25 27 29 31 34 ]   sup=15
                            [1 3 5 7 9 11 13 15 17 20 21 24 25 27 29 31 34 36 ]   sup=14
                              [1 3 5 7 9 11 13 15 17 20 21 24 25 27 29 31 34 36 39 40 43 ]   sup=4
                                [1 3 5 7 9 11 13 15 17 20 21 24 25 27 29 31 34 36 39 40 43 44 47 48 ]   sup=2
                                  [1 3 5 7 9 11 13 15 17 20 21 24 25 27 29 31 34 36 39 40 43 44 47 48 50 52 54 56 58 60 62 65 66 68 71 72 74 ]   sup=1
                                  [1 3 5 7 9 11 13 15 17 20 21 24 25 27 29 31 34 36 39 40 43 44 47 48 51 52 54 56 58 60 62 65 66 68 71 72 74 ]   sup=1
                                [1 3 5 7 9 11 13 15 17 20 21 24 25 27 29 31 34 36 39 40 43 45 47 48 ]   sup=2
                                  [1 3 5 7 9 11 13 15 17 20 21 24 25 27 29 31 34 36 39 40 43 45 47 48 51 52 54 56 58 60 62 65 66 69 70 73 74 ]   sup=1
                                  [1 3 5 7 9 11 13 15 17 20 21 24 25 27 29 31 34 36 39 40 43 45 47 48 50 52 54 56 58 60 62 65 66 69 70 73 74 ]   sup=1
                              [1 3 5 7 9 11 13 15 17 20 21 24 25 27 29 31 34 36 38 40 ]   sup=10
                                [1 3 5 7 9 11 13 15 17 20 21 24 25 27 29 31 34 36 38 40 42 ]   sup=6
                                  [1 3 5 7 9 11 13 15 17 20 21 24 25 27 29 31 34 36 38 40 42 44 47 48 ]   sup=4
                                    [1 3 5 7 9 11 13 15 17 20 21 24 25 27 29 31 34 36 38 40 42 44 47 48 51 52 54 56 58 60 62 ]   sup=2
                                      [1 3 5 7 9 11 13 15 17 20 21 24 25 27 29 31 34 36 38 40 42 44 47 48 51 52 54 56 58 60 62 64 66 68 70 72 74 ]   sup=1
                                      [1 3 5 7 9 11 13 15 17 20 21 24 25 27 29 31 34 36 38 40 42 44 47 48 51 52 54 56 58 60 62 65 66 68 70 72 74 ]   sup=1
                                    [1 3 5 7 9 11 13 15 17 20 21 24 25 27 29 31 34 36 38 40 42 44 47 48 50 52 54 56 58 60 62 ]   sup=2
                                      [1 3 5 7 9 11 13 15 17 20 21 24 25 27 29 31 34 36 38 40 42 44 47 48 50 52 54 56 58 60 62 64 66 68 70 72 74 ]   sup=1
                                      [1 3 5 7 9 11 13 15 17 20 21 24 25 27 29 31 34 36 38 40 42 44 47 48 50 52 54 56 58 60 62 65 66 68 70 72 74 ]   sup=1
                                  [1 3 5 7 9 11 13 15 17 20 21 24 25 27 29 31 34 36 38 40 42 45 47 48 ]   sup=2
                                    [1 3 5 7 9 11 13 15 17 20 21 24 25 27 29 31 34 36 38 40 42 45 47 48 51 52 54 56 58 60 62 65 66 69 70 73 74 ]   sup=1
                                    [1 3 5 7 9 11 13 15 17 20 21 24 25 27 29 31 34 36 38 40 42 45 47 48 50 52 54 56 58 60 62 65 66 69 70 73 74 ]   sup=1
                                [1 3 5 7 9 11 13 15 17 20 21 24 25 27 29 31 34 36 38 40 43 ]   sup=4
                                  [1 3 5 7 9 11 13 15 17 20 21 24 25 27 29 31 34 36 38 40 43 45 47 48 ]   sup=2
                                    [1 3 5 7 9 11 13 15 17 20 21 24 25 27 29 31 34 36 38 40 43 45 47 48 50 52 54 56 58 60 62 65 66 69 70 73 74 ]   sup=1
                                    [1 3 5 7 9 11 13 15 17 20 21 24 25 27 29 31 34 36 38 40 43 45 47 48 51 52 54 56 58 60 62 65 66 69 70 73 74 ]   sup=1
                                  [1 3 5 7 9 11 13 15 17 20 21 24 25 27 29 31 34 36 38 40 43 44 47 48 ]   sup=2
                                    [1 3 5 7 9 11 13 15 17 20 21 24 25 27 29 31 34 36 38 40 43 44 47 48 51 52 54 56 58 60 62 65 66 68 70 72 74 ]   sup=1
                                    [1 3 5 7 9 11 13 15 17 20 21 24 25 27 29 31 34 36 38 40 43 44 47 48 50 52 54 56 58 60 62 65 66 68 70 72 74 ]   sup=1
                            [1 3 5 7 9 11 13 15 17 20 21 24 25 27 29 31 34 37 38 40 42 44 47 49 50 52 54 56 58 60 62 65 66 68 70 72 74 ]   sup=1
                      [1 3 5 7 9 11 13 15 17 20 21 24 26 ]   sup=7
                        [1 3 5 7 9 11 13 15 17 20 21 24 26 28 29 31 34 37 38 40 42 44 47 49 50 52 54 56 58 60 62 64 66 68 70 72 74 ]   sup=1
                        [1 3 5 7 9 11 13 15 17 20 21 24 26 27 29 ]   sup=6
                          [1 3 5 7 9 11 13 15 17 20 21 24 26 27 29 32 34 36 38 40 42 44 47 48 50 52 54 56 58 60 62 64 66 68 70 ]   sup=2
                            [1 3 5 7 9 11 13 15 17 20 21 24 26 27 29 32 34 36 38 40 42 44 47 48 50 52 54 56 58 60 62 64 66 68 70 72 74 ]   sup=1
                            [1 3 5 7 9 11 13 15 17 20 21 24 26 27 29 32 34 36 38 40 42 44 47 48 50 52 54 56 58 60 62 64 66 68 70 73 74 ]   sup=1
                          [1 3 5 7 9 11 13 15 17 20 21 24 26 27 29 31 34 37 ]   sup=4
                            [1 3 5 7 9 11 13 15 17 20 21 24 26 27 29 31 34 37 38 40 ]   sup=3
                              [1 3 5 7 9 11 13 15 17 20 21 24 26 27 29 31 34 37 38 40 42 44 47 49 50 52 54 56 58 60 62 65 66 68 70 72 74 ]   sup=1
                              [1 3 5 7 9 11 13 15 17 20 21 24 26 27 29 31 34 37 38 40 43 44 47 49 ]   sup=2
                                [1 3 5 7 9 11 13 15 17 20 21 24 26 27 29 31 34 37 38 40 43 44 47 49 51 52 54 56 58 60 62 65 66 68 70 72 74 ]   sup=1
                                [1 3 5 7 9 11 13 15 17 20 21 24 26 27 29 31 34 37 38 40 43 44 47 49 50 52 54 56 58 60 62 65 66 68 70 72 74 ]   sup=1
                            [1 3 5 7 9 11 13 15 17 20 21 24 26 27 29 31 34 37 39 40 43 44 47 49 50 52 54 56 58 60 62 65 66 68 71 72 74 ]   sup=1
                  [1 3 5 7 9 11 13 15 17 19 ]   sup=300
                    [1 3 5 7 9 11 13 15 17 19 21 ]   sup=227
                      [1 3 5 7 9 11 13 15 17 19 21 23 ]   sup=150
                        [1 3 5 7 9 11 13 15 17 19 21 23 26 ]   sup=37
                          [1 3 5 7 9 11 13 15 17 19 21 23 26 28 29 31 34 36 38 40 42 ]   sup=11
                            [1 3 5 7 9 11 13 15 17 19 21 23 26 28 29 31 34 36 38 40 42 44 46 48 ]   sup=6
                              [1 3 5 7 9 11 13 15 17 19 21 23 26 28 29 31 34 36 38 40 42 44 46 48 51 52 ]   sup=3
                                [1 3 5 7 9 11 13 15 17 19 21 23 26 28 29 31 34 36 38 40 42 44 46 48 51 52 54 56 58 60 62 64 66 68 70 72 74 ]   sup=1
                                [1 3 5 7 9 11 13 15 17 19 21 23 26 28 29 31 34 36 38 40 42 44 46 48 51 52 55 56 58 60 62 64 66 68 70 72 ]   sup=2
                                  [1 3 5 7 9 11 13 15 17 19 21 23 26 28 29 31 34 36 38 40 42 44 46 48 51 52 55 56 58 60 62 64 66 68 70 72 74 ]   sup=1
                                  [1 3 5 7 9 11 13 15 17 19 21 23 26 28 29 31 34 36 38 40 42 44 46 48 51 52 55 56 58 60 62 64 66 68 70 72 75 ]   sup=1
                              [1 3 5 7 9 11 13 15 17 19 21 23 26 28 29 31 34 36 38 40 42 44 46 48 50 52 ]   sup=3
                                [1 3 5 7 9 11 13 15 17 19 21 23 26 28 29 31 34 36 38 40 42 44 46 48 50 52 54 56 58 60 62 64 66 68 70 72 74 ]   sup=1
                                [1 3 5 7 9 11 13 15 17 19 21 23 26 28 29 31 34 36 38 40 42 44 46 48 50 52 55 56 58 60 62 64 66 68 70 72 ]   sup=2
                                  [1 3 5 7 9 11 13 15 17 19 21 23 26 28 29 31 34 36 38 40 42 44 46 48 50 52 55 56 58 60 62 64 66 68 70 72 74 ]   sup=1
                                  [1 3 5 7 9 11 13 15 17 19 21 23 26 28 29 31 34 36 38 40 42 44 46 48 50 52 55 56 58 60 62 64 66 68 70 72 75 ]   sup=1
                            [1 3 5 7 9 11 13 15 17 19 21 23 26 28 29 31 34 36 38 40 42 45 46 48 ]   sup=5
                              [1 3 5 7 9 11 13 15 17 19 21 23 26 28 29 31 34 36 38 40 42 45 46 48 51 52 55 56 58 60 62 64 66 69 70 72 74 ]   sup=1
                              [1 3 5 7 9 11 13 15 17 19 21 23 26 28 29 31 34 36 38 40 42 45 46 48 50 52 ]   sup=4
                                [1 3 5 7 9 11 13 15 17 19 21 23 26 28 29 31 34 36 38 40 42 45 46 48 50 52 55 56 58 60 62 64 66 ]   sup=2
                                  [1 3 5 7 9 11 13 15 17 19 21 23 26 28 29 31 34 36 38 40 42 45 46 48 50 52 55 56 58 60 62 64 66 69 70 72 74 ]   sup=1
                                  [1 3 5 7 9 11 13 15 17 19 21 23 26 28 29 31 34 36 38 40 42 45 46 48 50 52 55 56 58 60 62 64 66 68 70 72 74 ]   sup=1
                                [1 3 5 7 9 11 13 15 17 19 21 23 26 28 29 31 34 36 38 40 42 45 46 48 50 52 54 56 58 60 62 64 66 ]   sup=2
                                  [1 3 5 7 9 11 13 15 17 19 21 23 26 28 29 31 34 36 38 40 42 45 46 48 50 52 54 56 58 60 62 64 66 68 70 72 74 ]   sup=1
                                  [1 3 5 7 9 11 13 15 17 19 21 23 26 28 29 31 34 36 38 40 42 45 46 48 50 52 54 56 58 60 62 64 66 69 70 72 74 ]   sup=1
                          [1 3 5 7 9 11 13 15 17 19 21 23 26 27 29 31 34 36 ]   sup=26
                            [1 3 5 7 9 11 13 15 17 19 21 23 26 27 29 31 34 36 39 40 42 ]   sup=17
                              [1 3 5 7 9 11 13 15 17 19 21 23 26 27 29 31 34 36 39 40 42 44 46 48 ]   sup=10
                                [1 3 5 7 9 11 13 15 17 19 21 23 26 27 29 31 34 36 39 40 42 44 46 48 51 52 54 56 58 60 ]   sup=4
                                  [1 3 5 7 9 11 13 15 17 19 21 23 26 27 29 31 34 36 39 40 42 44 46 48 51 52 54 56 58 60 62 64 66 68 71 72 ]   sup=2
                                    [1 3 5 7 9 11 13 15 17 19 21 23 26 27 29 31 34 36 39 40 42 44 46 48 51 52 54 56 58 60 62 64 66 68 71 72 75 ]   sup=1
                                    [1 3 5 7 9 11 13 15 17 19 21 23 26 27 29 31 34 36 39 40 42 44 46 48 51 52 54 56 58 60 62 64 66 68 71 72 74 ]   sup=1
                                  [1 3 5 7 9 11 13 15 17 19 21 23 26 27 29 31 34 36 39 40 42 44 46 48 51 52 54 56 58 60 63 64 66 68 ]   sup=2
                                    [1 3 5 7 9 11 13 15 17 19 21 23 26 27 29 31 34 36 39 40 42 44 46 48 51 52 54 56 58 60 63 64 66 68 71 72 75 ]   sup=1
                                    [1 3 5 7 9 11 13 15 17 19 21 23 26 27 29 31 34 36 39 40 42 44 46 48 51 52 54 56 58 60 63 64 66 68 70 72 75 ]   sup=1
                                [1 3 5 7 9 11 13 15 17 19 21 23 26 27 29 31 34 36 39 40 42 44 46 48 50 52 ]   sup=6
                                  [1 3 5 7 9 11 13 15 17 19 21 23 26 27 29 31 34 36 39 40 42 44 46 48 50 52 55 56 58 60 62 64 66 ]   sup=3
                                    [1 3 5 7 9 11 13 15 17 19 21 23 26 27 29 31 34 36 39 40 42 44 46 48 50 52 55 56 58 60 62 64 66 69 71 72 75 ]   sup=1
                                    [1 3 5 7 9 11 13 15 17 19 21 23 26 27 29 31 34 36 39 40 42 44 46 48 50 52 55 56 58 60 62 64 66 68 70 72 ]   sup=2
                                      [1 3 5 7 9 11 13 15 17 19 21 23 26 27 29 31 34 36 39 40 42 44 46 48 50 52 55 56 58 60 62 64 66 68 70 72 74 ]   sup=1
                                      [1 3 5 7 9 11 13 15 17 19 21 23 26 27 29 31 34 36 39 40 42 44 46 48 50 52 55 56 58 60 62 64 66 68 70 72 75 ]   sup=1
                                  [1 3 5 7 9 11 13 15 17 19 21 23 26 27 29 31 34 36 39 40 42 44 46 48 50 52 54 56 58 60 62 64 66 ]   sup=3
                                    [1 3 5 7 9 11 13 15 17 19 21 23 26 27 29 31 34 36 39 40 42 44 46 48 50 52 54 56 58 60 62 64 66 68 ]   sup=2
                                      [1 3 5 7 9 11 13 15 17 19 21 23 26 27 29 31 34 36 39 40 42 44 46 48 50 52 54 56 58 60 62 64 66 68 71 72 74 ]   sup=1
                                      [1 3 5 7 9 11 13 15 17 19 21 23 26 27 29 31 34 36 39 40 42 44 46 48 50 52 54 56 58 60 62 64 66 68 70 72 74 ]   sup=1
                                    [1 3 5 7 9 11 13 15 17 19 21 23 26 27 29 31 34 36 39 40 42 44 46 48 50 52 54 56 58 60 62 64 66 69 71 72 75 ]   sup=1
                              [1 3 5 7 9 11 13 15 17 19 21 23 26 27 29 31 34 36 39 40 42 45 46 48 ]   sup=7
                                [1 3 5 7 9 11 13 15 17 19 21 23 26 27 29 31 34 36 39 40 42 45 46 48 50 52 ]   sup=6
                                  [1 3 5 7 9 11 13 15 17 19 21 23 26 27 29 31 34 36 39 40 42 45 46 48 50 52 54 ]   sup=3
                                    [1 3 5 7 9 11 13 15 17 19 21 23 26 27 29 31 34 36 39 40 42 45 46 48 50 52 54 56 58 60 62 64 66 ]   sup=2
                                      [1 3 5 7 9 11 13 15 17 19 21 23 26 27 29 31 34 36 39 40 42 45 46 48 50 52 54 56 58 60 62 64 66 69 71 72 75 ]   sup=1
                                      [1 3 5 7 9 11 13 15 17 19 21 23 26 27 29 31 34 36 39 40 42 45 46 48 50 52 54 56 58 60 62 64 66 68 71 72 74 ]   sup=1
                                    [1 3 5 7 9 11 13 15 17 19 21 23 26 27 29 31 34 36 39 40 42 45 46 48 50 52 54 57 58 60 63 64 66 69 71 72 75 ]   sup=1
                                  [1 3 5 7 9 11 13 15 17 19 21 23 26 27 29 31 34 36 39 40 42 45 46 48 50 52 55 56 58 60 62 64 66 ]   sup=3
                                    [1 3 5 7 9 11 13 15 17 19 21 23 26 27 29 31 34 36 39 40 42 45 46 48 50 52 55 56 58 60 62 64 66 68 71 72 74 ]   sup=1
                                    [1 3 5 7 9 11 13 15 17 19 21 23 26 27 29 31 34 36 39 40 42 45 46 48 50 52 55 56 58 60 62 64 66 69 71 72 ]   sup=2
                                      [1 3 5 7 9 11 13 15 17 19 21 23 26 27 29 31 34 36 39 40 42 45 46 48 50 52 55 56 58 60 62 64 66 69 71 72 75 ]   sup=1
                                      [1 3 5 7 9 11 13 15 17 19 21 23 26 27 29 31 34 36 39 40 42 45 46 48 50 52 55 56 58 60 62 64 66 69 71 72 74 ]   sup=1
                                [1 3 5 7 9 11 13 15 17 19 21 23 26 27 29 31 34 36 39 40 42 45 46 48 51 52 55 56 58 60 62 64 66 69 71 72 74 ]   sup=1
                            [1 3 5 7 9 11 13 15 17 19 21 23 26 27 29 31 34 36 38 40 42 ]   sup=9
                              [1 3 5 7 9 11 13 15 17 19 21 23 26 27 29 31 34 36 38 40 42 45 46 48 50 52 ]   sup=2
                                [1 3 5 7 9 11 13 15 17 19 21 23 26 27 29 31 34 36 38 40 42 45 46 48 50 52 55 56 58 60 62 64 66 69 70 72 74 ]   sup=1
                                [1 3 5 7 9 11 13 15 17 19 21 23 26 27 29 31 34 36 38 40 42 45 46 48 50 52 54 56 58 60 62 64 66 69 70 72 74 ]   sup=1
                              [1 3 5 7 9 11 13 15 17 19 21 23 26 27 29 31 34 36 38 40 42 44 46 48 ]   sup=7
                                [1 3 5 7 9 11 13 15 17 19 21 23 26 27 29 31 34 36 38 40 42 44 46 48 51 52 55 56 58 60 ]   sup=3
                                  [1 3 5 7 9 11 13 15 17 19 21 23 26 27 29 31 34 36 38 40 42 44 46 48 51 52 55 56 58 60 62 64 66 68 70 72 ]   sup=2
                                    [1 3 5 7 9 11 13 15 17 19 21 23 26 27 29 31 34 36 38 40 42 44 46 48 51 52 55 56 58 60 62 64 66 68 70 72 74 ]   sup=1
                                    [1 3 5 7 9 11 13 15 17 19 21 23 26 27 29 31 34 36 38 40 42 44 46 48 51 52 55 56 58 60 62 64 66 68 70 72 75 ]   sup=1
                                  [1 3 5 7 9 11 13 15 17 19 21 23 26 27 29 31 34 36 38 40 42 44 46 48 51 52 55 56 58 60 63 64 66 68 70 72 74 ]   sup=1
                                [1 3 5 7 9 11 13 15 17 19 21 23 26 27 29 31 34 36 38 40 42 44 46 48 50 52 ]   sup=4
                                  [1 3 5 7 9 11 13 15 17 19 21 23 26 27 29 31 34 36 38 40 42 44 46 48 50 52 54 56 58 60 62 64 66 68 70 72 ]   sup=2
                                    [1 3 5 7 9 11 13 15 17 19 21 23 26 27 29 31 34 36 38 40 42 44 46 48 50 52 54 56 58 60 62 64 66 68 70 72 74 ]   sup=1
                                    [1 3 5 7 9 11 13 15 17 19 21 23 26 27 29 31 34 36 38 40 42 44 46 48 50 52 54 56 58 60 62 64 66 68 70 72 75 ]   sup=1
                                  [1 3 5 7 9 11 13 15 17 19 21 23 26 27 29 31 34 36 38 40 42 44 46 48 50 52 55 56 58 60 62 64 66 68 70 72 ]   sup=2
                                    [1 3 5 7 9 11 13 15 17 19 21 23 26 27 29 31 34 36 38 40 42 44 46 48 50 52 55 56 58 60 62 64 66 68 70 72 74 ]   sup=1
                                    [1 3 5 7 9 11 13 15 17 19 21 23 26 27 29 31 34 36 38 40 42 44 46 48 50 52 55 56 58 60 62 64 66 68 70 72 75 ]   sup=1
                        [1 3 5 7 9 11 13 15 17 19 21 23 25 ]   sup=113
                          [1 3 5 7 9 11 13 15 17 19 21 23 25 27 29 31 34 ]   sup=82
                            [1 3 5 7 9 11 13 15 17 19 21 23 25 27 29 31 34 36 ]   sup=79
                              [1 3 5 7 9 11 13 15 17 19 21 23 25 27 29 31 34 36 38 40 42 ]   sup=26
                                [1 3 5 7 9 11 13 15 17 19 21 23 25 27 29 31 34 36 38 40 42 45 46 48 ]   sup=14
                                  [1 3 5 7 9 11 13 15 17 19 21 23 25 27 29 31 34 36 38 40 42 45 46 48 50 52 ]   sup=7
                                    [1 3 5 7 9 11 13 15 17 19 21 23 25 27 29 31 34 36 38 40 42 45 46 48 50 52 55 56 58 60 62 64 66 ]   sup=4
                                      [1 3 5 7 9 11 13 15 17 19 21 23 25 27 29 31 34 36 38 40 42 45 46 48 50 52 55 56 58 60 62 64 66 68 70 72 ]   sup=2
                                        [1 3 5 7 9 11 13 15 17 19 21 23 25 27 29 31 34 36 38 40 42 45 46 48 50 52 55 56 58 60 62 64 66 68 70 72 74 ]   sup=1
                                        [1 3 5 7 9 11 13 15 17 19 21 23 25 27 29 31 34 36 38 40 42 45 46 48 50 52 55 56 58 60 62 64 66 68 70 72 75 ]   sup=1
                                      [1 3 5 7 9 11 13 15 17 19 21 23 25 27 29 31 34 36 38 40 42 45 46 48 50 52 55 56 58 60 62 64 66 69 70 72 ]   sup=2
                                        [1 3 5 7 9 11 13 15 17 19 21 23 25 27 29 31 34 36 38 40 42 45 46 48 50 52 55 56 58 60 62 64 66 69 70 72 74 ]   sup=1
                                        [1 3 5 7 9 11 13 15 17 19 21 23 25 27 29 31 34 36 38 40 42 45 46 48 50 52 55 56 58 60 62 64 66 69 70 72 75 ]   sup=1
                                    [1 3 5 7 9 11 13 15 17 19 21 23 25 27 29 31 34 36 38 40 42 45 46 48 50 52 54 56 58 60 62 64 66 ]   sup=3
                                      [1 3 5 7 9 11 13 15 17 19 21 23 25 27 29 31 34 36 38 40 42 45 46 48 50 52 54 56 58 60 62 64 66 69 70 72 74 ]   sup=1
                                      [1 3 5 7 9 11 13 15 17 19 21 23 25 27 29 31 34 36 38 40 42 45 46 48 50 52 54 56 58 60 62 64 66 68 70 72 ]   sup=2
                                        [1 3 5 7 9 11 13 15 17 19 21 23 25 27 29 31 34 36 38 40 42 45 46 48 50 52 54 56 58 60 62 64 66 68 70 72 75 ]   sup=1
                                        [1 3 5 7 9 11 13 15 17 19 21 23 25 27 29 31 34 36 38 40 42 45 46 48 50 52 54 56 58 60 62 64 66 68 70 72 74 ]   sup=1
                                  [1 3 5 7 9 11 13 15 17 19 21 23 25 27 29 31 34 36 38 40 42 45 46 48 51 52 ]   sup=7
                                    [1 3 5 7 9 11 13 15 17 19 21 23 25 27 29 31 34 36 38 40 42 45 46 48 51 52 55 56 58 60 62 64 66 ]   sup=4
                                      [1 3 5 7 9 11 13 15 17 19 21 23 25 27 29 31 34 36 38 40 42 45 46 48 51 52 55 56 58 60 62 64 66 68 70 72 ]   sup=2
                                        [1 3 5 7 9 11 13 15 17 19 21 23 25 27 29 31 34 36 38 40 42 45 46 48 51 52 55 56 58 60 62 64 66 68 70 72 74 ]   sup=1
                                        [1 3 5 7 9 11 13 15 17 19 21 23 25 27 29 31 34 36 38 40 42 45 46 48 51 52 55 56 58 60 62 64 66 68 70 72 75 ]   sup=1
                                      [1 3 5 7 9 11 13 15 17 19 21 23 25 27 29 31 34 36 38 40 42 45 46 48 51 52 55 56 58 60 62 64 66 69 70 72 ]   sup=2
                                        [1 3 5 7 9 11 13 15 17 19 21 23 25 27 29 31 34 36 38 40 42 45 46 48 51 52 55 56 58 60 62 64 66 69 70 72 75 ]   sup=1
                                        [1 3 5 7 9 11 13 15 17 19 21 23 25 27 29 31 34 36 38 40 42 45 46 48 51 52 55 56 58 60 62 64 66 69 70 72 74 ]   sup=1
                                    [1 3 5 7 9 11 13 15 17 19 21 23 25 27 29 31 34 36 38 40 42 45 46 48 51 52 54 56 58 60 62 64 66 ]   sup=3
                                      [1 3 5 7 9 11 13 15 17 19 21 23 25 27 29 31 34 36 38 40 42 45 46 48 51 52 54 56 58 60 62 64 66 69 70 72 74 ]   sup=1
                                      [1 3 5 7 9 11 13 15 17 19 21 23 25 27 29 31 34 36 38 40 42 45 46 48 51 52 54 56 58 60 62 64 66 68 70 72 ]   sup=2
                                        [1 3 5 7 9 11 13 15 17 19 21 23 25 27 29 31 34 36 38 40 42 45 46 48 51 52 54 56 58 60 62 64 66 68 70 72 74 ]   sup=1
                                        [1 3 5 7 9 11 13 15 17 19 21 23 25 27 29 31 34 36 38 40 42 45 46 48 51 52 54 56 58 60 62 64 66 68 70 72 75 ]   sup=1
                                [1 3 5 7 9 11 13 15 17 19 21 23 25 27 29 31 34 36 38 40 42 44 46 48 ]   sup=12
                                  [1 3 5 7 9 11 13 15 17 19 21 23 25 27 29 31 34 36 38 40 42 44 46 48 50 52 ]   sup=4
                                    [1 3 5 7 9 11 13 15 17 19 21 23 25 27 29 31 34 36 38 40 42 44 46 48 50 52 54 56 58 60 62 64 66 68 70 72 ]   sup=2
                                      [1 3 5 7 9 11 13 15 17 19 21 23 25 27 29 31 34 36 38 40 42 44 46 48 50 52 54 56 58 60 62 64 66 68 70 72 75 ]   sup=1
                                      [1 3 5 7 9 11 13 15 17 19 21 23 25 27 29 31 34 36 38 40 42 44 46 48 50 52 54 56 58 60 62 64 66 68 70 72 74 ]   sup=1
                                    [1 3 5 7 9 11 13 15 17 19 21 23 25 27 29 31 34 36 38 40 42 44 46 48 50 52 55 56 58 60 62 64 66 68 70 72 ]   sup=2
                                      [1 3 5 7 9 11 13 15 17 19 21 23 25 27 29 31 34 36 38 40 42 44 46 48 50 52 55 56 58 60 62 64 66 68 70 72 74 ]   sup=1
                                      [1 3 5 7 9 11 13 15 17 19 21 23 25 27 29 31 34 36 38 40 42 44 46 48 50 52 55 56 58 60 62 64 66 68 70 72 75 ]   sup=1
                                  [1 3 5 7 9 11 13 15 17 19 21 23 25 27 29 31 34 36 38 40 42 44 46 48 51 52 ]   sup=8
                                    [1 3 5 7 9 11 13 15 17 19 21 23 25 27 29 31 34 36 38 40 42 44 46 48 51 52 54 56 58 60 ]   sup=4
                                      [1 3 5 7 9 11 13 15 17 19 21 23 25 27 29 31 34 36 38 40 42 44 46 48 51 52 54 56 58 60 62 64 66 68 70 72 ]   sup=2
                                        [1 3 5 7 9 11 13 15 17 19 21 23 25 27 29 31 34 36 38 40 42 44 46 48 51 52 54 56 58 60 62 64 66 68 70 72 74 ]   sup=1
                                        [1 3 5 7 9 11 13 15 17 19 21 23 25 27 29 31 34 36 38 40 42 44 46 48 51 52 54 56 58 60 62 64 66 68 70 72 75 ]   sup=1
                                      [1 3 5 7 9 11 13 15 17 19 21 23 25 27 29 31 34 36 38 40 42 44 46 48 51 52 54 56 58 60 63 64 66 68 70 72 ]   sup=2
                                        [1 3 5 7 9 11 13 15 17 19 21 23 25 27 29 31 34 36 38 40 42 44 46 48 51 52 54 56 58 60 63 64 66 68 70 72 75 ]   sup=1
                                        [1 3 5 7 9 11 13 15 17 19 21 23 25 27 29 31 34 36 38 40 42 44 46 48 51 52 54 56 58 60 63 64 66 68 70 72 74 ]   sup=1
                                    [1 3 5 7 9 11 13 15 17 19 21 23 25 27 29 31 34 36 38 40 42 44 46 48 51 52 55 56 58 60 ]   sup=4
                                      [1 3 5 7 9 11 13 15 17 19 21 23 25 27 29 31 34 36 38 40 42 44 46 48 51 52 55 56 58 60 63 64 66 68 70 72 ]   sup=2
                                        [1 3 5 7 9 11 13 15 17 19 21 23 25 27 29 31 34 36 38 40 42 44 46 48 51 52 55 56 58 60 63 64 66 68 70 72 74 ]   sup=1
                                        [1 3 5 7 9 11 13 15 17 19 21 23 25 27 29 31 34 36 38 40 42 44 46 48 51 52 55 56 58 60 63 64 66 68 70 72 75 ]   sup=1
                                      [1 3 5 7 9 11 13 15 17 19 21 23 25 27 29 31 34 36 38 40 42 44 46 48 51 52 55 56 58 60 62 64 66 68 70 72 ]   sup=2
                                        [1 3 5 7 9 11 13 15 17 19 21 23 25 27 29 31 34 36 38 40 42 44 46 48 51 52 55 56 58 60 62 64 66 68 70 72 75 ]   sup=1
                                        [1 3 5 7 9 11 13 15 17 19 21 23 25 27 29 31 34 36 38 40 42 44 46 48 51 52 55 56 58 60 62 64 66 68 70 72 74 ]   sup=1
                              [1 3 5 7 9 11 13 15 17 19 21 23 25 27 29 31 34 36 39 40 42 ]   sup=53
                                [1 3 5 7 9 11 13 15 17 19 21 23 25 27 29 31 34 36 39 40 42 45 46 48 ]   sup=26
                                  [1 3 5 7 9 11 13 15 17 19 21 23 25 27 29 31 34 36 39 40 42 45 46 48 51 52 ]   sup=14
                                    [1 3 5 7 9 11 13 15 17 19 21 23 25 27 29 31 34 36 39 40 42 45 46 48 51 52 54 ]   sup=6
                                      [1 3 5 7 9 11 13 15 17 19 21 23 25 27 29 31 34 36 39 40 42 45 46 48 51 52 54 57 58 60 63 64 66 69 71 72 75 ]   sup=1
                                      [1 3 5 7 9 11 13 15 17 19 21 23 25 27 29 31 34 36 39 40 42 45 46 48 51 52 54 56 58 60 ]   sup=5
                                        [1 3 5 7 9 11 13 15 17 19 21 23 25 27 29 31 34 36 39 40 42 45 46 48 51 52 54 56 58 60 63 64 66 68 71 72 74 ]   sup=1
                                        [1 3 5 7 9 11 13 15 17 19 21 23 25 27 29 31 34 36 39 40 42 45 46 48 51 52 54 56 58 60 62 64 66 ]   sup=4
                                          [1 3 5 7 9 11 13 15 17 19 21 23 25 27 29 31 34 36 39 40 42 45 46 48 51 52 54 56 58 60 62 64 66 68 71 72 ]   sup=2
                                            [1 3 5 7 9 11 13 15 17 19 21 23 25 27 29 31 34 36 39 40 42 45 46 48 51 52 54 56 58 60 62 64 66 68 71 72 75 ]   sup=1
                                            [1 3 5 7 9 11 13 15 17 19 21 23 25 27 29 31 34 36 39 40 42 45 46 48 51 52 54 56 58 60 62 64 66 68 71 72 74 ]   sup=1
                                          [1 3 5 7 9 11 13 15 17 19 21 23 25 27 29 31 34 36 39 40 42 45 46 48 51 52 54 56 58 60 62 64 66 69 71 72 ]   sup=2
                                            [1 3 5 7 9 11 13 15 17 19 21 23 25 27 29 31 34 36 39 40 42 45 46 48 51 52 54 56 58 60 62 64 66 69 71 72 75 ]   sup=1
                                            [1 3 5 7 9 11 13 15 17 19 21 23 25 27 29 31 34 36 39 40 42 45 46 48 51 52 54 56 58 60 62 64 66 69 71 72 74 ]   sup=1
                                    [1 3 5 7 9 11 13 15 17 19 21 23 25 27 29 31 34 36 39 40 42 45 46 48 51 52 55 ]   sup=8
                                      [1 3 5 7 9 11 13 15 17 19 21 23 25 27 29 31 34 36 39 40 42 45 46 48 51 52 55 56 58 60 ]   sup=7
                                        [1 3 5 7 9 11 13 15 17 19 21 23 25 27 29 31 34 36 39 40 42 45 46 48 51 52 55 56 58 60 63 64 66 ]   sup=3
                                          [1 3 5 7 9 11 13 15 17 19 21 23 25 27 29 31 34 36 39 40 42 45 46 48 51 52 55 56 58 60 63 64 66 68 71 72 74 ]   sup=1
                                          [1 3 5 7 9 11 13 15 17 19 21 23 25 27 29 31 34 36 39 40 42 45 46 48 51 52 55 56 58 60 63 64 66 69 71 72 ]   sup=2
                                            [1 3 5 7 9 11 13 15 17 19 21 23 25 27 29 31 34 36 39 40 42 45 46 48 51 52 55 56 58 60 63 64 66 69 71 72 75 ]   sup=1
                                            [1 3 5 7 9 11 13 15 17 19 21 23 25 27 29 31 34 36 39 40 42 45 46 48 51 52 55 56 58 60 63 64 66 69 71 72 74 ]   sup=1
                                        [1 3 5 7 9 11 13 15 17 19 21 23 25 27 29 31 34 36 39 40 42 45 46 48 51 52 55 56 58 60 62 64 66 ]   sup=4
                                          [1 3 5 7 9 11 13 15 17 19 21 23 25 27 29 31 34 36 39 40 42 45 46 48 51 52 55 56 58 60 62 64 66 68 71 72 ]   sup=2
                                            [1 3 5 7 9 11 13 15 17 19 21 23 25 27 29 31 34 36 39 40 42 45 46 48 51 52 55 56 58 60 62 64 66 68 71 72 74 ]   sup=1
                                            [1 3 5 7 9 11 13 15 17 19 21 23 25 27 29 31 34 36 39 40 42 45 46 48 51 52 55 56 58 60 62 64 66 68 71 72 75 ]   sup=1
                                          [1 3 5 7 9 11 13 15 17 19 21 23 25 27 29 31 34 36 39 40 42 45 46 48 51 52 55 56 58 60 62 64 66 69 71 72 ]   sup=2
                                            [1 3 5 7 9 11 13 15 17 19 21 23 25 27 29 31 34 36 39 40 42 45 46 48 51 52 55 56 58 60 62 64 66 69 71 72 75 ]   sup=1
                                            [1 3 5 7 9 11 13 15 17 19 21 23 25 27 29 31 34 36 39 40 42 45 46 48 51 52 55 56 58 60 62 64 66 69 71 72 74 ]   sup=1
                                      [1 3 5 7 9 11 13 15 17 19 21 23 25 27 29 31 34 36 39 40 42 45 46 48 51 52 55 57 58 60 62 64 66 69 71 72 75 ]   sup=1
                                  [1 3 5 7 9 11 13 15 17 19 21 23 25 27 29 31 34 36 39 40 42 45 46 48 50 52 ]   sup=12
                                    [1 3 5 7 9 11 13 15 17 19 21 23 25 27 29 31 34 36 39 40 42 45 46 48 50 52 54 ]   sup=6
                                      [1 3 5 7 9 11 13 15 17 19 21 23 25 27 29 31 34 36 39 40 42 45 46 48 50 52 54 56 58 60 62 64 66 ]   sup=5
                                        [1 3 5 7 9 11 13 15 17 19 21 23 25 27 29 31 34 36 39 40 42 45 46 48 50 52 54 56 58 60 62 64 66 68 ]   sup=3
                                          [1 3 5 7 9 11 13 15 17 19 21 23 25 27 29 31 34 36 39 40 42 45 46 48 50 52 54 56 58 60 62 64 66 68 71 72 ]   sup=2
                                            [1 3 5 7 9 11 13 15 17 19 21 23 25 27 29 31 34 36 39 40 42 45 46 48 50 52 54 56 58 60 62 64 66 68 71 72 74 ]   sup=1
                                            [1 3 5 7 9 11 13 15 17 19 21 23 25 27 29 31 34 36 39 40 42 45 46 48 50 52 54 56 58 60 62 64 66 68 71 72 75 ]   sup=1
                                          [1 3 5 7 9 11 13 15 17 19 21 23 25 27 29 31 34 36 39 40 42 45 46 48 50 52 54 56 58 60 62 64 66 68 70 72 75 ]   sup=1
                                        [1 3 5 7 9 11 13 15 17 19 21 23 25 27 29 31 34 36 39 40 42 45 46 48 50 52 54 56 58 60 62 64 66 69 71 72 ]   sup=2
                                          [1 3 5 7 9 11 13 15 17 19 21 23 25 27 29 31 34 36 39 40 42 45 46 48 50 52 54 56 58 60 62 64 66 69 71 72 74 ]   sup=1
                                          [1 3 5 7 9 11 13 15 17 19 21 23 25 27 29 31 34 36 39 40 42 45 46 48 50 52 54 56 58 60 62 64 66 69 71 72 75 ]   sup=1
                                      [1 3 5 7 9 11 13 15 17 19 21 23 25 27 29 31 34 36 39 40 42 45 46 48 50 52 54 57 58 60 63 64 66 69 71 72 75 ]   sup=1
                                    [1 3 5 7 9 11 13 15 17 19 21 23 25 27 29 31 34 36 39 40 42 45 46 48 50 52 55 ]   sup=6
                                      [1 3 5 7 9 11 13 15 17 19 21 23 25 27 29 31 34 36 39 40 42 45 46 48 50 52 55 57 58 60 63 64 66 69 71 72 75 ]   sup=1
                                      [1 3 5 7 9 11 13 15 17 19 21 23 25 27 29 31 34 36 39 40 42 45 46 48 50 52 55 56 58 60 ]   sup=5
                                        [1 3 5 7 9 11 13 15 17 19 21 23 25 27 29 31 34 36 39 40 42 45 46 48 50 52 55 56 58 60 63 64 66 69 71 72 75 ]   sup=1
                                        [1 3 5 7 9 11 13 15 17 19 21 23 25 27 29 31 34 36 39 40 42 45 46 48 50 52 55 56 58 60 62 64 66 ]   sup=4
                                          [1 3 5 7 9 11 13 15 17 19 21 23 25 27 29 31 34 36 39 40 42 45 46 48 50 52 55 56 58 60 62 64 66 68 71 72 ]   sup=2
                                            [1 3 5 7 9 11 13 15 17 19 21 23 25 27 29 31 34 36 39 40 42 45 46 48 50 52 55 56 58 60 62 64 66 68 71 72 75 ]   sup=1
                                            [1 3 5 7 9 11 13 15 17 19 21 23 25 27 29 31 34 36 39 40 42 45 46 48 50 52 55 56 58 60 62 64 66 68 71 72 74 ]   sup=1
                                          [1 3 5 7 9 11 13 15 17 19 21 23 25 27 29 31 34 36 39 40 42 45 46 48 50 52 55 56 58 60 62 64 66 69 71 72 ]   sup=2
                                            [1 3 5 7 9 11 13 15 17 19 21 23 25 27 29 31 34 36 39 40 42 45 46 48 50 52 55 56 58 60 62 64 66 69 71 72 75 ]   sup=1
                                            [1 3 5 7 9 11 13 15 17 19 21 23 25 27 29 31 34 36 39 40 42 45 46 48 50 52 55 56 58 60 62 64 66 69 71 72 74 ]   sup=1
                                [1 3 5 7 9 11 13 15 17 19 21 23 25 27 29 31 34 36 39 40 42 44 46 48 ]   sup=27
                                  [1 3 5 7 9 11 13 15 17 19 21 23 25 27 29 31 34 36 39 40 42 44 46 48 51 52 ]   sup=16
                                    [1 3 5 7 9 11 13 15 17 19 21 23 25 27 29 31 34 36 39 40 42 44 46 48 51 52 54 56 58 60 ]   sup=8
                                      [1 3 5 7 9 11 13 15 17 19 21 23 25 27 29 31 34 36 39 40 42 44 46 48 51 52 54 56 58 60 62 64 66 ]   sup=6
                                        [1 3 5 7 9 11 13 15 17 19 21 23 25 27 29 31 34 36 39 40 42 44 46 48 51 52 54 56 58 60 62 64 66 69 71 72 ]   sup=2
                                          [1 3 5 7 9 11 13 15 17 19 21 23 25 27 29 31 34 36 39 40 42 44 46 48 51 52 54 56 58 60 62 64 66 69 71 72 74 ]   sup=1
                                          [1 3 5 7 9 11 13 15 17 19 21 23 25 27 29 31 34 36 39 40 42 44 46 48 51 52 54 56 58 60 62 64 66 69 71 72 75 ]   sup=1
                                        [1 3 5 7 9 11 13 15 17 19 21 23 25 27 29 31 34 36 39 40 42 44 46 48 51 52 54 56 58 60 62 64 66 68 ]   sup=4
                                          [1 3 5 7 9 11 13 15 17 19 21 23 25 27 29 31 34 36 39 40 42 44 46 48 51 52 54 56 58 60 62 64 66 68 70 72 ]   sup=2
                                            [1 3 5 7 9 11 13 15 17 19 21 23 25 27 29 31 34 36 39 40 42 44 46 48 51 52 54 56 58 60 62 64 66 68 70 72 75 ]   sup=1
                                            [1 3 5 7 9 11 13 15 17 19 21 23 25 27 29 31 34 36 39 40 42 44 46 48 51 52 54 56 58 60 62 64 66 68 70 72 74 ]   sup=1
                                          [1 3 5 7 9 11 13 15 17 19 21 23 25 27 29 31 34 36 39 40 42 44 46 48 51 52 54 56 58 60 62 64 66 68 71 72 ]   sup=2
                                            [1 3 5 7 9 11 13 15 17 19 21 23 25 27 29 31 34 36 39 40 42 44 46 48 51 52 54 56 58 60 62 64 66 68 71 72 74 ]   sup=1
                                            [1 3 5 7 9 11 13 15 17 19 21 23 25 27 29 31 34 36 39 40 42 44 46 48 51 52 54 56 58 60 62 64 66 68 71 72 75 ]   sup=1
                                      [1 3 5 7 9 11 13 15 17 19 21 23 25 27 29 31 34 36 39 40 42 44 46 48 51 52 54 56 58 60 63 64 66 68 71 72 ]   sup=2
                                        [1 3 5 7 9 11 13 15 17 19 21 23 25 27 29 31 34 36 39 40 42 44 46 48 51 52 54 56 58 60 63 64 66 68 71 72 74 ]   sup=1
                                        [1 3 5 7 9 11 13 15 17 19 21 23 25 27 29 31 34 36 39 40 42 44 46 48 51 52 54 56 58 60 63 64 66 68 71 72 75 ]   sup=1
                                    [1 3 5 7 9 11 13 15 17 19 21 23 25 27 29 31 34 36 39 40 42 44 46 48 51 52 55 56 58 60 ]   sup=8
                                      [1 3 5 7 9 11 13 15 17 19 21 23 25 27 29 31 34 36 39 40 42 44 46 48 51 52 55 56 58 60 62 64 66 ]   sup=6
                                        [1 3 5 7 9 11 13 15 17 19 21 23 25 27 29 31 34 36 39 40 42 44 46 48 51 52 55 56 58 60 62 64 66 69 71 72 ]   sup=2
                                          [1 3 5 7 9 11 13 15 17 19 21 23 25 27 29 31 34 36 39 40 42 44 46 48 51 52 55 56 58 60 62 64 66 69 71 72 75 ]   sup=1
                                          [1 3 5 7 9 11 13 15 17 19 21 23 25 27 29 31 34 36 39 40 42 44 46 48 51 52 55 56 58 60 62 64 66 69 71 72 74 ]   sup=1
                                        [1 3 5 7 9 11 13 15 17 19 21 23 25 27 29 31 34 36 39 40 42 44 46 48 51 52 55 56 58 60 62 64 66 68 ]   sup=4
                                          [1 3 5 7 9 11 13 15 17 19 21 23 25 27 29 31 34 36 39 40 42 44 46 48 51 52 55 56 58 60 62 64 66 68 71 72 ]   sup=2
                                            [1 3 5 7 9 11 13 15 17 19 21 23 25 27 29 31 34 36 39 40 42 44 46 48 51 52 55 56 58 60 62 64 66 68 71 72 74 ]   sup=1
                                            [1 3 5 7 9 11 13 15 17 19 21 23 25 27 29 31 34 36 39 40 42 44 46 48 51 52 55 56 58 60 62 64 66 68 71 72 75 ]   sup=1
                                          [1 3 5 7 9 11 13 15 17 19 21 23 25 27 29 31 34 36 39 40 42 44 46 48 51 52 55 56 58 60 62 64 66 68 70 72 ]   sup=2
                                            [1 3 5 7 9 11 13 15 17 19 21 23 25 27 29 31 34 36 39 40 42 44 46 48 51 52 55 56 58 60 62 64 66 68 70 72 74 ]   sup=1
                                            [1 3 5 7 9 11 13 15 17 19 21 23 25 27 29 31 34 36 39 40 42 44 46 48 51 52 55 56 58 60 62 64 66 68 70 72 75 ]   sup=1
                                      [1 3 5 7 9 11 13 15 17 19 21 23 25 27 29 31 34 36 39 40 42 44 46 48 51 52 55 56 58 60 63 64 66 68 71 72 ]   sup=2
                                        [1 3 5 7 9 11 13 15 17 19 21 23 25 27 29 31 34 36 39 40 42 44 46 48 51 52 55 56 58 60 63 64 66 68 71 72 75 ]   sup=1
                                        [1 3 5 7 9 11 13 15 17 19 21 23 25 27 29 31 34 36 39 40 42 44 46 48 51 52 55 56 58 60 63 64 66 68 71 72 74 ]   sup=1
                                  [1 3 5 7 9 11 13 15 17 19 21 23 25 27 29 31 34 36 39 40 42 44 46 48 50 52 ]   sup=11
                                    [1 3 5 7 9 11 13 15 17 19 21 23 25 27 29 31 34 36 39 40 42 44 46 48 50 52 54 56 58 60 62 64 66 ]   sup=5
                                      [1 3 5 7 9 11 13 15 17 19 21 23 25 27 29 31 34 36 39 40 42 44 46 48 50 52 54 56 58 60 62 64 66 69 71 72 75 ]   sup=1
                                      [1 3 5 7 9 11 13 15 17 19 21 23 25 27 29 31 34 36 39 40 42 44 46 48 50 52 54 56 58 60 62 64 66 68 ]   sup=4
                                        [1 3 5 7 9 11 13 15 17 19 21 23 25 27 29 31 34 36 39 40 42 44 46 48 50 52 54 56 58 60 62 64 66 68 71 72 ]   sup=2
                                          [1 3 5 7 9 11 13 15 17 19 21 23 25 27 29 31 34 36 39 40 42 44 46 48 50 52 54 56 58 60 62 64 66 68 71 72 75 ]   sup=1
                                          [1 3 5 7 9 11 13 15 17 19 21 23 25 27 29 31 34 36 39 40 42 44 46 48 50 52 54 56 58 60 62 64 66 68 71 72 74 ]   sup=1
                                        [1 3 5 7 9 11 13 15 17 19 21 23 25 27 29 31 34 36 39 40 42 44 46 48 50 52 54 56 58 60 62 64 66 68 70 72 ]   sup=2
                                          [1 3 5 7 9 11 13 15 17 19 21 23 25 27 29 31 34 36 39 40 42 44 46 48 50 52 54 56 58 60 62 64 66 68 70 72 75 ]   sup=1
                                          [1 3 5 7 9 11 13 15 17 19 21 23 25 27 29 31 34 36 39 40 42 44 46 48 50 52 54 56 58 60 62 64 66 68 70 72 74 ]   sup=1
                                    [1 3 5 7 9 11 13 15 17 19 21 23 25 27 29 31 34 36 39 40 42 44 46 48 50 52 55 56 58 60 62 64 66 ]   sup=6
                                      [1 3 5 7 9 11 13 15 17 19 21 23 25 27 29 31 34 36 39 40 42 44 46 48 50 52 55 56 58 60 62 64 66 69 71 72 ]   sup=2
                                        [1 3 5 7 9 11 13 15 17 19 21 23 25 27 29 31 34 36 39 40 42 44 46 48 50 52 55 56 58 60 62 64 66 69 71 72 74 ]   sup=1
                                        [1 3 5 7 9 11 13 15 17 19 21 23 25 27 29 31 34 36 39 40 42 44 46 48 50 52 55 56 58 60 62 64 66 69 71 72 75 ]   sup=1
                                      [1 3 5 7 9 11 13 15 17 19 21 23 25 27 29 31 34 36 39 40 42 44 46 48 50 52 55 56 58 60 62 64 66 68 ]   sup=4
                                        [1 3 5 7 9 11 13 15 17 19 21 23 25 27 29 31 34 36 39 40 42 44 46 48 50 52 55 56 58 60 62 64 66 68 70 72 ]   sup=2
                                          [1 3 5 7 9 11 13 15 17 19 21 23 25 27 29 31 34 36 39 40 42 44 46 48 50 52 55 56 58 60 62 64 66 68 70 72 74 ]   sup=1
                                          [1 3 5 7 9 11 13 15 17 19 21 23 25 27 29 31 34 36 39 40 42 44 46 48 50 52 55 56 58 60 62 64 66 68 70 72 75 ]   sup=1
                                        [1 3 5 7 9 11 13 15 17 19 21 23 25 27 29 31 34 36 39 40 42 44 46 48 50 52 55 56 58 60 62 64 66 68 71 72 ]   sup=2
                                          [1 3 5 7 9 11 13 15 17 19 21 23 25 27 29 31 34 36 39 40 42 44 46 48 50 52 55 56 58 60 62 64 66 68 71 72 75 ]   sup=1
                                          [1 3 5 7 9 11 13 15 17 19 21 23 25 27 29 31 34 36 39 40 42 44 46 48 50 52 55 56 58 60 62 64 66 68 71 72 74 ]   sup=1
                            [1 3 5 7 9 11 13 15 17 19 21 23 25 27 29 31 34 37 38 40 42 44 46 49 ]   sup=3
                              [1 3 5 7 9 11 13 15 17 19 21 23 25 27 29 31 34 37 38 40 42 44 46 49 51 52 55 56 58 60 62 64 66 68 70 72 74 ]   sup=1
                              [1 3 5 7 9 11 13 15 17 19 21 23 25 27 29 31 34 37 38 40 42 44 46 49 50 52 55 56 58 60 62 64 66 68 70 72 ]   sup=2
                                [1 3 5 7 9 11 13 15 17 19 21 23 25 27 29 31 34 37 38 40 42 44 46 49 50 52 55 56 58 60 62 64 66 68 70 72 74 ]   sup=1
                                [1 3 5 7 9 11 13 15 17 19 21 23 25 27 29 31 34 37 38 40 42 44 46 49 50 52 55 56 58 60 62 64 66 68 70 72 75 ]   sup=1
                          [1 3 5 7 9 11 13 15 17 19 21 23 25 28 29 31 34 ]   sup=31
                            [1 3 5 7 9 11 13 15 17 19 21 23 25 28 29 31 34 36 ]   sup=26
                              [1 3 5 7 9 11 13 15 17 19 21 23 25 28 29 31 34 36 39 40 42 44 46 48 ]   sup=2
                                [1 3 5 7 9 11 13 15 17 19 21 23 25 28 29 31 34 36 39 40 42 44 46 48 51 52 54 56 58 60 62 64 66 68 71 72 75 ]   sup=1
                                [1 3 5 7 9 11 13 15 17 19 21 23 25 28 29 31 34 36 39 40 42 44 46 48 50 52 54 56 58 60 62 64 66 68 71 72 75 ]   sup=1
                              [1 3 5 7 9 11 13 15 17 19 21 23 25 28 29 31 34 36 38 40 42 ]   sup=24
                                [1 3 5 7 9 11 13 15 17 19 21 23 25 28 29 31 34 36 38 40 42 44 46 48 ]   sup=12
                                  [1 3 5 7 9 11 13 15 17 19 21 23 25 28 29 31 34 36 38 40 42 44 46 48 51 52 ]   sup=8
                                    [1 3 5 7 9 11 13 15 17 19 21 23 25 28 29 31 34 36 38 40 42 44 46 48 51 52 55 56 58 60 ]   sup=4
                                      [1 3 5 7 9 11 13 15 17 19 21 23 25 28 29 31 34 36 38 40 42 44 46 48 51 52 55 56 58 60 63 64 66 68 70 72 ]   sup=2
                                        [1 3 5 7 9 11 13 15 17 19 21 23 25 28 29 31 34 36 38 40 42 44 46 48 51 52 55 56 58 60 63 64 66 68 70 72 75 ]   sup=1
                                        [1 3 5 7 9 11 13 15 17 19 21 23 25 28 29 31 34 36 38 40 42 44 46 48 51 52 55 56 58 60 63 64 66 68 70 72 74 ]   sup=1
                                      [1 3 5 7 9 11 13 15 17 19 21 23 25 28 29 31 34 36 38 40 42 44 46 48 51 52 55 56 58 60 62 64 66 68 70 72 ]   sup=2
                                        [1 3 5 7 9 11 13 15 17 19 21 23 25 28 29 31 34 36 38 40 42 44 46 48 51 52 55 56 58 60 62 64 66 68 70 72 75 ]   sup=1
                                        [1 3 5 7 9 11 13 15 17 19 21 23 25 28 29 31 34 36 38 40 42 44 46 48 51 52 55 56 58 60 62 64 66 68 70 72 74 ]   sup=1
                                    [1 3 5 7 9 11 13 15 17 19 21 23 25 28 29 31 34 36 38 40 42 44 46 48 51 52 54 56 58 60 ]   sup=4
                                      [1 3 5 7 9 11 13 15 17 19 21 23 25 28 29 31 34 36 38 40 42 44 46 48 51 52 54 56 58 60 63 64 66 68 70 72 ]   sup=2
                                        [1 3 5 7 9 11 13 15 17 19 21 23 25 28 29 31 34 36 38 40 42 44 46 48 51 52 54 56 58 60 63 64 66 68 70 72 74 ]   sup=1
                                        [1 3 5 7 9 11 13 15 17 19 21 23 25 28 29 31 34 36 38 40 42 44 46 48 51 52 54 56 58 60 63 64 66 68 70 72 75 ]   sup=1
                                      [1 3 5 7 9 11 13 15 17 19 21 23 25 28 29 31 34 36 38 40 42 44 46 48 51 52 54 56 58 60 62 64 66 68 70 72 ]   sup=2
                                        [1 3 5 7 9 11 13 15 17 19 21 23 25 28 29 31 34 36 38 40 42 44 46 48 51 52 54 56 58 60 62 64 66 68 70 72 75 ]   sup=1
                                        [1 3 5 7 9 11 13 15 17 19 21 23 25 28 29 31 34 36 38 40 42 44 46 48 51 52 54 56 58 60 62 64 66 68 70 72 74 ]   sup=1
                                  [1 3 5 7 9 11 13 15 17 19 21 23 25 28 29 31 34 36 38 40 42 44 46 48 50 52 ]   sup=4
                                    [1 3 5 7 9 11 13 15 17 19 21 23 25 28 29 31 34 36 38 40 42 44 46 48 50 52 55 56 58 60 62 64 66 68 70 72 ]   sup=2
                                      [1 3 5 7 9 11 13 15 17 19 21 23 25 28 29 31 34 36 38 40 42 44 46 48 50 52 55 56 58 60 62 64 66 68 70 72 74 ]   sup=1
                                      [1 3 5 7 9 11 13 15 17 19 21 23 25 28 29 31 34 36 38 40 42 44 46 48 50 52 55 56 58 60 62 64 66 68 70 72 75 ]   sup=1
                                    [1 3 5 7 9 11 13 15 17 19 21 23 25 28 29 31 34 36 38 40 42 44 46 48 50 52 54 56 58 60 62 64 66 68 70 72 ]   sup=2
                                      [1 3 5 7 9 11 13 15 17 19 21 23 25 28 29 31 34 36 38 40 42 44 46 48 50 52 54 56 58 60 62 64 66 68 70 72 74 ]   sup=1
                                      [1 3 5 7 9 11 13 15 17 19 21 23 25 28 29 31 34 36 38 40 42 44 46 48 50 52 54 56 58 60 62 64 66 68 70 72 75 ]   sup=1
                                [1 3 5 7 9 11 13 15 17 19 21 23 25 28 29 31 34 36 38 40 42 45 46 48 ]   sup=12
                                  [1 3 5 7 9 11 13 15 17 19 21 23 25 28 29 31 34 36 38 40 42 45 46 48 51 52 ]   sup=8
                                    [1 3 5 7 9 11 13 15 17 19 21 23 25 28 29 31 34 36 38 40 42 45 46 48 51 52 54 56 58 60 ]   sup=4
                                      [1 3 5 7 9 11 13 15 17 19 21 23 25 28 29 31 34 36 38 40 42 45 46 48 51 52 54 56 58 60 63 64 66 ]   sup=2
                                        [1 3 5 7 9 11 13 15 17 19 21 23 25 28 29 31 34 36 38 40 42 45 46 48 51 52 54 56 58 60 63 64 66 69 70 72 74 ]   sup=1
                                        [1 3 5 7 9 11 13 15 17 19 21 23 25 28 29 31 34 36 38 40 42 45 46 48 51 52 54 56 58 60 63 64 66 68 70 72 74 ]   sup=1
                                      [1 3 5 7 9 11 13 15 17 19 21 23 25 28 29 31 34 36 38 40 42 45 46 48 51 52 54 56 58 60 62 64 66 ]   sup=2
                                        [1 3 5 7 9 11 13 15 17 19 21 23 25 28 29 31 34 36 38 40 42 45 46 48 51 52 54 56 58 60 62 64 66 68 70 72 74 ]   sup=1
                                        [1 3 5 7 9 11 13 15 17 19 21 23 25 28 29 31 34 36 38 40 42 45 46 48 51 52 54 56 58 60 62 64 66 69 70 72 74 ]   sup=1
                                    [1 3 5 7 9 11 13 15 17 19 21 23 25 28 29 31 34 36 38 40 42 45 46 48 51 52 55 56 58 60 ]   sup=4
                                      [1 3 5 7 9 11 13 15 17 19 21 23 25 28 29 31 34 36 38 40 42 45 46 48 51 52 55 56 58 60 63 64 66 ]   sup=2
                                        [1 3 5 7 9 11 13 15 17 19 21 23 25 28 29 31 34 36 38 40 42 45 46 48 51 52 55 56 58 60 63 64 66 68 70 72 74 ]   sup=1
                                        [1 3 5 7 9 11 13 15 17 19 21 23 25 28 29 31 34 36 38 40 42 45 46 48 51 52 55 56 58 60 63 64 66 69 70 72 74 ]   sup=1
                                      [1 3 5 7 9 11 13 15 17 19 21 23 25 28 29 31 34 36 38 40 42 45 46 48 51 52 55 56 58 60 62 64 66 ]   sup=2
                                        [1 3 5 7 9 11 13 15 17 19 21 23 25 28 29 31 34 36 38 40 42 45 46 48 51 52 55 56 58 60 62 64 66 68 70 72 74 ]   sup=1
                                        [1 3 5 7 9 11 13 15 17 19 21 23 25 28 29 31 34 36 38 40 42 45 46 48 51 52 55 56 58 60 62 64 66 69 70 72 74 ]   sup=1
                                  [1 3 5 7 9 11 13 15 17 19 21 23 25 28 29 31 34 36 38 40 42 45 46 48 50 52 ]   sup=4
                                    [1 3 5 7 9 11 13 15 17 19 21 23 25 28 29 31 34 36 38 40 42 45 46 48 50 52 54 56 58 60 62 64 66 ]   sup=2
                                      [1 3 5 7 9 11 13 15 17 19 21 23 25 28 29 31 34 36 38 40 42 45 46 48 50 52 54 56 58 60 62 64 66 68 70 72 74 ]   sup=1
                                      [1 3 5 7 9 11 13 15 17 19 21 23 25 28 29 31 34 36 38 40 42 45 46 48 50 52 54 56 58 60 62 64 66 69 70 72 74 ]   sup=1
                                    [1 3 5 7 9 11 13 15 17 19 21 23 25 28 29 31 34 36 38 40 42 45 46 48 50 52 55 56 58 60 62 64 66 ]   sup=2
                                      [1 3 5 7 9 11 13 15 17 19 21 23 25 28 29 31 34 36 38 40 42 45 46 48 50 52 55 56 58 60 62 64 66 68 70 72 74 ]   sup=1
                                      [1 3 5 7 9 11 13 15 17 19 21 23 25 28 29 31 34 36 38 40 42 45 46 48 50 52 55 56 58 60 62 64 66 69 70 72 74 ]   sup=1
                            [1 3 5 7 9 11 13 15 17 19 21 23 25 28 29 31 34 37 38 40 42 44 46 ]   sup=5
                              [1 3 5 7 9 11 13 15 17 19 21 23 25 28 29 31 34 37 38 40 42 44 46 49 ]   sup=3
                                [1 3 5 7 9 11 13 15 17 19 21 23 25 28 29 31 34 37 38 40 42 44 46 49 51 52 55 56 58 60 62 64 66 68 70 72 74 ]   sup=1
                                [1 3 5 7 9 11 13 15 17 19 21 23 25 28 29 31 34 37 38 40 42 44 46 49 50 52 55 56 58 60 62 64 66 68 70 72 ]   sup=2
                                  [1 3 5 7 9 11 13 15 17 19 21 23 25 28 29 31 34 37 38 40 42 44 46 49 50 52 55 56 58 60 62 64 66 68 70 72 74 ]   sup=1
                                  [1 3 5 7 9 11 13 15 17 19 21 23 25 28 29 31 34 37 38 40 42 44 46 49 50 52 55 56 58 60 62 64 66 68 70 72 75 ]   sup=1
                              [1 3 5 7 9 11 13 15 17 19 21 23 25 28 29 31 34 37 38 40 42 44 46 48 ]   sup=2
                                [1 3 5 7 9 11 13 15 17 19 21 23 25 28 29 31 34 37 38 40 42 44 46 48 50 52 55 56 58 60 62 64 66 68 70 72 74 ]   sup=1
                                [1 3 5 7 9 11 13 15 17 19 21 23 25 28 29 31 34 37 38 40 42 44 46 48 51 52 55 56 58 60 62 64 66 68 70 72 74 ]   sup=1
                      [1 3 5 7 9 11 13 15 17 19 21 24 ]   sup=77
                        [1 3 5 7 9 11 13 15 17 19 21 24 26 ]   sup=16
                          [1 3 5 7 9 11 13 15 17 19 21 24 26 28 29 31 34 37 38 40 42 44 46 49 ]   sup=2
                            [1 3 5 7 9 11 13 15 17 19 21 24 26 28 29 31 34 37 38 40 42 44 46 49 50 52 54 56 58 60 62 64 66 68 70 72 74 ]   sup=1
                            [1 3 5 7 9 11 13 15 17 19 21 24 26 28 29 31 34 37 38 40 42 44 46 49 51 52 54 56 58 60 62 64 66 68 70 72 74 ]   sup=1
                          [1 3 5 7 9 11 13 15 17 19 21 24 26 27 29 ]   sup=14
                            [1 3 5 7 9 11 13 15 17 19 21 24 26 27 29 32 34 ]   sup=6
                              [1 3 5 7 9 11 13 15 17 19 21 24 26 27 29 32 34 36 ]   sup=4
                                [1 3 5 7 9 11 13 15 17 19 21 24 26 27 29 32 34 36 39 40 42 44 46 48 ]   sup=3
                                  [1 3 5 7 9 11 13 15 17 19 21 24 26 27 29 32 34 36 39 40 42 44 46 48 50 52 54 56 58 60 62 64 66 68 70 ]   sup=2
                                    [1 3 5 7 9 11 13 15 17 19 21 24 26 27 29 32 34 36 39 40 42 44 46 48 50 52 54 56 58 60 62 64 66 68 70 72 74 ]   sup=1
                                    [1 3 5 7 9 11 13 15 17 19 21 24 26 27 29 32 34 36 39 40 42 44 46 48 50 52 54 56 58 60 62 64 66 68 70 73 74 ]   sup=1
                                  [1 3 5 7 9 11 13 15 17 19 21 24 26 27 29 32 34 36 39 40 42 44 46 48 51 52 54 56 58 60 62 64 66 68 70 73 74 ]   sup=1
                                [1 3 5 7 9 11 13 15 17 19 21 24 26 27 29 32 34 36 38 40 42 44 46 48 50 52 54 56 58 60 62 64 66 68 70 73 74 ]   sup=1
                              [1 3 5 7 9 11 13 15 17 19 21 24 26 27 29 32 34 37 38 40 42 44 46 48 ]   sup=2
                                [1 3 5 7 9 11 13 15 17 19 21 24 26 27 29 32 34 37 38 40 42 44 46 48 50 52 54 56 58 60 62 64 66 68 70 72 74 ]   sup=1
                                [1 3 5 7 9 11 13 15 17 19 21 24 26 27 29 32 34 37 38 40 42 44 46 48 51 52 54 56 58 60 62 64 66 68 70 72 74 ]   sup=1
                            [1 3 5 7 9 11 13 15 17 19 21 24 26 27 29 31 34 ]   sup=8
                              [1 3 5 7 9 11 13 15 17 19 21 24 26 27 29 31 34 37 ]   sup=5
                                [1 3 5 7 9 11 13 15 17 19 21 24 26 27 29 31 34 37 38 40 ]   sup=4
                                  [1 3 5 7 9 11 13 15 17 19 21 24 26 27 29 31 34 37 38 40 42 44 46 49 ]   sup=2
                                    [1 3 5 7 9 11 13 15 17 19 21 24 26 27 29 31 34 37 38 40 42 44 46 49 50 52 54 56 58 60 62 65 66 68 70 72 74 ]   sup=1
                                    [1 3 5 7 9 11 13 15 17 19 21 24 26 27 29 31 34 37 38 40 42 44 46 49 51 52 54 56 58 60 62 65 66 68 70 72 74 ]   sup=1
                                  [1 3 5 7 9 11 13 15 17 19 21 24 26 27 29 31 34 37 38 40 43 44 46 49 ]   sup=2
                                    [1 3 5 7 9 11 13 15 17 19 21 24 26 27 29 31 34 37 38 40 43 44 46 49 50 52 54 56 58 60 62 65 66 68 70 72 74 ]   sup=1
                                    [1 3 5 7 9 11 13 15 17 19 21 24 26 27 29 31 34 37 38 40 43 44 46 49 51 52 54 56 58 60 62 65 66 68 70 72 74 ]   sup=1
                                [1 3 5 7 9 11 13 15 17 19 21 24 26 27 29 31 34 37 39 40 42 44 46 49 50 52 54 56 58 60 62 65 66 68 71 72 74 ]   sup=1
                              [1 3 5 7 9 11 13 15 17 19 21 24 26 27 29 31 34 36 39 40 42 44 46 ]   sup=3
                                [1 3 5 7 9 11 13 15 17 19 21 24 26 27 29 31 34 36 39 40 42 44 46 48 51 52 54 56 58 60 62 65 66 69 71 73 74 ]   sup=1
                                [1 3 5 7 9 11 13 15 17 19 21 24 26 27 29 31 34 36 39 40 42 44 46 49 ]   sup=2
                                  [1 3 5 7 9 11 13 15 17 19 21 24 26 27 29 31 34 36 39 40 42 44 46 49 51 52 54 56 58 60 62 65 66 68 71 73 74 ]   sup=1
                                  [1 3 5 7 9 11 13 15 17 19 21 24 26 27 29 31 34 36 39 40 42 44 46 49 50 52 54 56 58 60 62 65 66 68 71 73 74 ]   sup=1
                        [1 3 5 7 9 11 13 15 17 19 21 24 25 ]   sup=61
                          [1 3 5 7 9 11 13 15 17 19 21 24 25 27 29 ]   sup=56
                            [1 3 5 7 9 11 13 15 17 19 21 24 25 27 29 31 34 ]   sup=20
                              [1 3 5 7 9 11 13 15 17 19 21 24 25 27 29 31 34 37 ]   sup=5
                                [1 3 5 7 9 11 13 15 17 19 21 24 25 27 29 31 34 37 39 40 42 44 46 ]   sup=3
                                  [1 3 5 7 9 11 13 15 17 19 21 24 25 27 29 31 34 37 39 40 42 44 46 48 ]   sup=2
                                    [1 3 5 7 9 11 13 15 17 19 21 24 25 27 29 31 34 37 39 40 42 44 46 48 50 52 54 56 58 60 62 65 66 69 71 73 74 ]   sup=1
                                    [1 3 5 7 9 11 13 15 17 19 21 24 25 27 29 31 34 37 39 40 42 44 46 48 51 52 54 56 58 60 62 65 66 69 71 73 74 ]   sup=1
                                  [1 3 5 7 9 11 13 15 17 19 21 24 25 27 29 31 34 37 39 40 42 44 46 49 50 52 54 56 58 60 62 65 66 68 71 72 74 ]   sup=1
                                [1 3 5 7 9 11 13 15 17 19 21 24 25 27 29 31 34 37 38 40 42 44 46 49 ]   sup=2
                                  [1 3 5 7 9 11 13 15 17 19 21 24 25 27 29 31 34 37 38 40 42 44 46 49 50 52 54 56 58 60 62 65 66 68 70 72 74 ]   sup=1
                                  [1 3 5 7 9 11 13 15 17 19 21 24 25 27 29 31 34 37 38 40 42 44 46 49 51 52 54 56 58 60 62 65 66 68 70 72 74 ]   sup=1
                              [1 3 5 7 9 11 13 15 17 19 21 24 25 27 29 31 34 36 ]   sup=15
                                [1 3 5 7 9 11 13 15 17 19 21 24 25 27 29 31 34 36 39 ]   sup=13
                                  [1 3 5 7 9 11 13 15 17 19 21 24 25 27 29 31 34 36 39 40 ]   sup=12
                                    [1 3 5 7 9 11 13 15 17 19 21 24 25 27 29 31 34 36 39 40 43 45 46 48 ]   sup=2
                                      [1 3 5 7 9 11 13 15 17 19 21 24 25 27 29 31 34 36 39 40 43 45 46 48 51 52 54 56 58 60 62 65 66 69 71 73 74 ]   sup=1
                                      [1 3 5 7 9 11 13 15 17 19 21 24 25 27 29 31 34 36 39 40 43 45 46 48 50 52 54 56 58 60 62 65 66 69 71 73 74 ]   sup=1
                                    [1 3 5 7 9 11 13 15 17 19 21 24 25 27 29 31 34 36 39 40 42 ]   sup=10
                                      [1 3 5 7 9 11 13 15 17 19 21 24 25 27 29 31 34 36 39 40 42 45 46 48 ]   sup=2
                                        [1 3 5 7 9 11 13 15 17 19 21 24 25 27 29 31 34 36 39 40 42 45 46 48 50 52 54 56 58 60 62 65 66 69 71 73 74 ]   sup=1
                                        [1 3 5 7 9 11 13 15 17 19 21 24 25 27 29 31 34 36 39 40 42 45 46 48 51 52 54 56 58 60 62 65 66 69 71 73 74 ]   sup=1
                                      [1 3 5 7 9 11 13 15 17 19 21 24 25 27 29 31 34 36 39 40 42 44 46 48 ]   sup=8
                                        [1 3 5 7 9 11 13 15 17 19 21 24 25 27 29 31 34 36 39 40 42 44 46 48 51 52 54 56 58 60 62 ]   sup=4
                                          [1 3 5 7 9 11 13 15 17 19 21 24 25 27 29 31 34 36 39 40 42 44 46 48 51 52 54 56 58 60 62 65 66 ]   sup=3
                                            [1 3 5 7 9 11 13 15 17 19 21 24 25 27 29 31 34 36 39 40 42 44 46 48 51 52 54 56 58 60 62 65 66 69 71 73 74 ]   sup=1
                                            [1 3 5 7 9 11 13 15 17 19 21 24 25 27 29 31 34 36 39 40 42 44 46 48 51 52 54 56 58 60 62 65 66 68 71 ]   sup=2
                                              [1 3 5 7 9 11 13 15 17 19 21 24 25 27 29 31 34 36 39 40 42 44 46 48 51 52 54 56 58 60 62 65 66 68 71 73 74 ]   sup=1
                                              [1 3 5 7 9 11 13 15 17 19 21 24 25 27 29 31 34 36 39 40 42 44 46 48 51 52 54 56 58 60 62 65 66 68 71 72 74 ]   sup=1
                                          [1 3 5 7 9 11 13 15 17 19 21 24 25 27 29 31 34 36 39 40 42 44 46 48 51 52 54 56 58 60 62 64 66 68 71 72 74 ]   sup=1
                                        [1 3 5 7 9 11 13 15 17 19 21 24 25 27 29 31 34 36 39 40 42 44 46 48 50 52 54 56 58 60 62 ]   sup=4
                                          [1 3 5 7 9 11 13 15 17 19 21 24 25 27 29 31 34 36 39 40 42 44 46 48 50 52 54 56 58 60 62 65 66 ]   sup=3
                                            [1 3 5 7 9 11 13 15 17 19 21 24 25 27 29 31 34 36 39 40 42 44 46 48 50 52 54 56 58 60 62 65 66 68 71 ]   sup=2
                                              [1 3 5 7 9 11 13 15 17 19 21 24 25 27 29 31 34 36 39 40 42 44 46 48 50 52 54 56 58 60 62 65 66 68 71 73 74 ]   sup=1
                                              [1 3 5 7 9 11 13 15 17 19 21 24 25 27 29 31 34 36 39 40 42 44 46 48 50 52 54 56 58 60 62 65 66 68 71 72 74 ]   sup=1
                                            [1 3 5 7 9 11 13 15 17 19 21 24 25 27 29 31 34 36 39 40 42 44 46 48 50 52 54 56 58 60 62 65 66 69 71 73 74 ]   sup=1
                                          [1 3 5 7 9 11 13 15 17 19 21 24 25 27 29 31 34 36 39 40 42 44 46 48 50 52 54 56 58 60 62 64 66 68 71 72 74 ]   sup=1
                                  [1 3 5 7 9 11 13 15 17 19 21 24 25 27 29 31 34 36 39 41 42 44 46 48 51 52 54 56 58 60 63 65 66 68 71 72 74 ]   sup=1
                                [1 3 5 7 9 11 13 15 17 19 21 24 25 27 29 31 34 36 38 40 42 44 46 48 ]   sup=2
                                  [1 3 5 7 9 11 13 15 17 19 21 24 25 27 29 31 34 36 38 40 42 44 46 48 51 52 54 56 58 60 62 65 66 68 70 72 74 ]   sup=1
                                  [1 3 5 7 9 11 13 15 17 19 21 24 25 27 29 31 34 36 38 40 42 44 46 48 50 52 54 56 58 60 62 65 66 68 70 72 74 ]   sup=1
                            [1 3 5 7 9 11 13 15 17 19 21 24 25 27 29 32 34 36 ]   sup=36
                              [1 3 5 7 9 11 13 15 17 19 21 24 25 27 29 32 34 36 38 40 ]   sup=11
                                [1 3 5 7 9 11 13 15 17 19 21 24 25 27 29 32 34 36 38 40 42 44 46 48 ]   sup=7
                                  [1 3 5 7 9 11 13 15 17 19 21 24 25 27 29 32 34 36 38 40 42 44 46 48 50 52 54 56 58 60 62 ]   sup=4
                                    [1 3 5 7 9 11 13 15 17 19 21 24 25 27 29 32 34 36 38 40 42 44 46 48 50 52 54 56 58 60 62 64 66 68 70 ]   sup=2
                                      [1 3 5 7 9 11 13 15 17 19 21 24 25 27 29 32 34 36 38 40 42 44 46 48 50 52 54 56 58 60 62 64 66 68 70 72 74 ]   sup=1
                                      [1 3 5 7 9 11 13 15 17 19 21 24 25 27 29 32 34 36 38 40 42 44 46 48 50 52 54 56 58 60 62 64 66 68 70 73 74 ]   sup=1
                                    [1 3 5 7 9 11 13 15 17 19 21 24 25 27 29 32 34 36 38 40 42 44 46 48 50 52 54 56 58 60 62 65 66 68 70 ]   sup=2
                                      [1 3 5 7 9 11 13 15 17 19 21 24 25 27 29 32 34 36 38 40 42 44 46 48 50 52 54 56 58 60 62 65 66 68 70 73 74 ]   sup=1
                                      [1 3 5 7 9 11 13 15 17 19 21 24 25 27 29 32 34 36 38 40 42 44 46 48 50 52 54 56 58 60 62 65 66 68 70 72 74 ]   sup=1
                                  [1 3 5 7 9 11 13 15 17 19 21 24 25 27 29 32 34 36 38 40 42 44 46 48 51 52 54 56 58 60 62 ]   sup=3
                                    [1 3 5 7 9 11 13 15 17 19 21 24 25 27 29 32 34 36 38 40 42 44 46 48 51 52 54 56 58 60 62 64 66 68 70 72 74 ]   sup=1
                                    [1 3 5 7 9 11 13 15 17 19 21 24 25 27 29 32 34 36 38 40 42 44 46 48 51 52 54 56 58 60 62 65 66 68 70 ]   sup=2
                                      [1 3 5 7 9 11 13 15 17 19 21 24 25 27 29 32 34 36 38 40 42 44 46 48 51 52 54 56 58 60 62 65 66 68 70 72 74 ]   sup=1
                                      [1 3 5 7 9 11 13 15 17 19 21 24 25 27 29 32 34 36 38 40 42 44 46 48 51 52 54 56 58 60 62 65 66 68 70 73 74 ]   sup=1
                                [1 3 5 7 9 11 13 15 17 19 21 24 25 27 29 32 34 36 38 40 43 44 46 48 ]   sup=4
                                  [1 3 5 7 9 11 13 15 17 19 21 24 25 27 29 32 34 36 38 40 43 44 46 48 50 52 54 56 58 60 62 65 66 68 70 ]   sup=2
                                    [1 3 5 7 9 11 13 15 17 19 21 24 25 27 29 32 34 36 38 40 43 44 46 48 50 52 54 56 58 60 62 65 66 68 70 73 74 ]   sup=1
                                    [1 3 5 7 9 11 13 15 17 19 21 24 25 27 29 32 34 36 38 40 43 44 46 48 50 52 54 56 58 60 62 65 66 68 70 72 74 ]   sup=1
                                  [1 3 5 7 9 11 13 15 17 19 21 24 25 27 29 32 34 36 38 40 43 44 46 48 51 52 54 56 58 60 62 65 66 68 70 ]   sup=2
                                    [1 3 5 7 9 11 13 15 17 19 21 24 25 27 29 32 34 36 38 40 43 44 46 48 51 52 54 56 58 60 62 65 66 68 70 73 74 ]   sup=1
                                    [1 3 5 7 9 11 13 15 17 19 21 24 25 27 29 32 34 36 38 40 43 44 46 48 51 52 54 56 58 60 62 65 66 68 70 72 74 ]   sup=1
                              [1 3 5 7 9 11 13 15 17 19 21 24 25 27 29 32 34 36 39 ]   sup=25
                                [1 3 5 7 9 11 13 15 17 19 21 24 25 27 29 32 34 36 39 40 ]   sup=21
                                  [1 3 5 7 9 11 13 15 17 19 21 24 25 27 29 32 34 36 39 40 43 ]   sup=9
                                    [1 3 5 7 9 11 13 15 17 19 21 24 25 27 29 32 34 36 39 40 43 45 46 48 ]   sup=4
                                      [1 3 5 7 9 11 13 15 17 19 21 24 25 27 29 32 34 36 39 40 43 45 46 48 51 52 54 56 58 60 62 65 66 68 71 ]   sup=2
                                        [1 3 5 7 9 11 13 15 17 19 21 24 25 27 29 32 34 36 39 40 43 45 46 48 51 52 54 56 58 60 62 65 66 68 71 73 74 ]   sup=1
                                        [1 3 5 7 9 11 13 15 17 19 21 24 25 27 29 32 34 36 39 40 43 45 46 48 51 52 54 56 58 60 62 65 66 68 71 72 74 ]   sup=1
                                      [1 3 5 7 9 11 13 15 17 19 21 24 25 27 29 32 34 36 39 40 43 45 46 48 50 52 54 56 58 60 62 65 66 68 71 ]   sup=2
                                        [1 3 5 7 9 11 13 15 17 19 21 24 25 27 29 32 34 36 39 40 43 45 46 48 50 52 54 56 58 60 62 65 66 68 71 72 74 ]   sup=1
                                        [1 3 5 7 9 11 13 15 17 19 21 24 25 27 29 32 34 36 39 40 43 45 46 48 50 52 54 56 58 60 62 65 66 68 71 73 74 ]   sup=1
                                    [1 3 5 7 9 11 13 15 17 19 21 24 25 27 29 32 34 36 39 40 43 44 46 48 ]   sup=5
                                      [1 3 5 7 9 11 13 15 17 19 21 24 25 27 29 32 34 36 39 40 43 44 46 48 51 52 54 56 58 60 62 65 66 68 ]   sup=2
                                        [1 3 5 7 9 11 13 15 17 19 21 24 25 27 29 32 34 36 39 40 43 44 46 48 51 52 54 56 58 60 62 65 66 68 71 73 74 ]   sup=1
                                        [1 3 5 7 9 11 13 15 17 19 21 24 25 27 29 32 34 36 39 40 43 44 46 48 51 52 54 56 58 60 62 65 66 68 70 72 74 ]   sup=1
                                      [1 3 5 7 9 11 13 15 17 19 21 24 25 27 29 32 34 36 39 40 43 44 46 48 50 52 54 56 58 60 62 65 66 68 ]   sup=3
                                        [1 3 5 7 9 11 13 15 17 19 21 24 25 27 29 32 34 36 39 40 43 44 46 48 50 52 54 56 58 60 62 65 66 68 70 72 74 ]   sup=1
                                        [1 3 5 7 9 11 13 15 17 19 21 24 25 27 29 32 34 36 39 40 43 44 46 48 50 52 54 56 58 60 62 65 66 68 71 ]   sup=2
                                          [1 3 5 7 9 11 13 15 17 19 21 24 25 27 29 32 34 36 39 40 43 44 46 48 50 52 54 56 58 60 62 65 66 68 71 73 74 ]   sup=1
                                          [1 3 5 7 9 11 13 15 17 19 21 24 25 27 29 32 34 36 39 40 43 44 46 48 50 52 54 56 58 60 62 65 66 68 71 72 74 ]   sup=1
                                  [1 3 5 7 9 11 13 15 17 19 21 24 25 27 29 32 34 36 39 40 42 ]   sup=12
                                    [1 3 5 7 9 11 13 15 17 19 21 24 25 27 29 32 34 36 39 40 42 45 46 48 ]   sup=4
                                      [1 3 5 7 9 11 13 15 17 19 21 24 25 27 29 32 34 36 39 40 42 45 46 48 51 52 54 56 58 60 62 65 66 68 71 ]   sup=2
                                        [1 3 5 7 9 11 13 15 17 19 21 24 25 27 29 32 34 36 39 40 42 45 46 48 51 52 54 56 58 60 62 65 66 68 71 72 74 ]   sup=1
                                        [1 3 5 7 9 11 13 15 17 19 21 24 25 27 29 32 34 36 39 40 42 45 46 48 51 52 54 56 58 60 62 65 66 68 71 73 74 ]   sup=1
                                      [1 3 5 7 9 11 13 15 17 19 21 24 25 27 29 32 34 36 39 40 42 45 46 48 50 52 54 56 58 60 62 65 66 68 71 ]   sup=2
                                        [1 3 5 7 9 11 13 15 17 19 21 24 25 27 29 32 34 36 39 40 42 45 46 48 50 52 54 56 58 60 62 65 66 68 71 73 74 ]   sup=1
                                        [1 3 5 7 9 11 13 15 17 19 21 24 25 27 29 32 34 36 39 40 42 45 46 48 50 52 54 56 58 60 62 65 66 68 71 72 74 ]   sup=1
                                    [1 3 5 7 9 11 13 15 17 19 21 24 25 27 29 32 34 36 39 40 42 44 46 48 ]   sup=8
                                      [1 3 5 7 9 11 13 15 17 19 21 24 25 27 29 32 34 36 39 40 42 44 46 48 51 52 54 56 58 60 62 ]   sup=4
                                        [1 3 5 7 9 11 13 15 17 19 21 24 25 27 29 32 34 36 39 40 42 44 46 48 51 52 54 56 58 60 62 65 66 68 71 ]   sup=2
                                          [1 3 5 7 9 11 13 15 17 19 21 24 25 27 29 32 34 36 39 40 42 44 46 48 51 52 54 56 58 60 62 65 66 68 71 73 74 ]   sup=1
                                          [1 3 5 7 9 11 13 15 17 19 21 24 25 27 29 32 34 36 39 40 42 44 46 48 51 52 54 56 58 60 62 65 66 68 71 72 74 ]   sup=1
                                        [1 3 5 7 9 11 13 15 17 19 21 24 25 27 29 32 34 36 39 40 42 44 46 48 51 52 54 56 58 60 62 64 66 68 70 ]   sup=2
                                          [1 3 5 7 9 11 13 15 17 19 21 24 25 27 29 32 34 36 39 40 42 44 46 48 51 52 54 56 58 60 62 64 66 68 70 72 74 ]   sup=1
                                          [1 3 5 7 9 11 13 15 17 19 21 24 25 27 29 32 34 36 39 40 42 44 46 48 51 52 54 56 58 60 62 64 66 68 70 73 74 ]   sup=1
                                      [1 3 5 7 9 11 13 15 17 19 21 24 25 27 29 32 34 36 39 40 42 44 46 48 50 52 54 56 58 60 62 ]   sup=4
                                        [1 3 5 7 9 11 13 15 17 19 21 24 25 27 29 32 34 36 39 40 42 44 46 48 50 52 54 56 58 60 62 65 66 68 71 ]   sup=2
                                          [1 3 5 7 9 11 13 15 17 19 21 24 25 27 29 32 34 36 39 40 42 44 46 48 50 52 54 56 58 60 62 65 66 68 71 72 74 ]   sup=1
                                          [1 3 5 7 9 11 13 15 17 19 21 24 25 27 29 32 34 36 39 40 42 44 46 48 50 52 54 56 58 60 62 65 66 68 71 73 74 ]   sup=1
                                        [1 3 5 7 9 11 13 15 17 19 21 24 25 27 29 32 34 36 39 40 42 44 46 48 50 52 54 56 58 60 62 64 66 68 70 ]   sup=2
                                          [1 3 5 7 9 11 13 15 17 19 21 24 25 27 29 32 34 36 39 40 42 44 46 48 50 52 54 56 58 60 62 64 66 68 70 73 74 ]   sup=1
                                          [1 3 5 7 9 11 13 15 17 19 21 24 25 27 29 32 34 36 39 40 42 44 46 48 50 52 54 56 58 60 62 64 66 68 70 72 74 ]   sup=1
                                [1 3 5 7 9 11 13 15 17 19 21 24 25 27 29 32 34 36 39 41 ]   sup=4
                                  [1 3 5 7 9 11 13 15 17 19 21 24 25 27 29 32 34 36 39 41 42 44 46 48 51 52 54 56 58 60 63 65 66 68 71 ]   sup=2
                                    [1 3 5 7 9 11 13 15 17 19 21 24 25 27 29 32 34 36 39 41 42 44 46 48 51 52 54 56 58 60 63 65 66 68 71 72 74 ]   sup=1
                                    [1 3 5 7 9 11 13 15 17 19 21 24 25 27 29 32 34 36 39 41 42 44 46 48 51 52 54 56 58 60 63 65 66 68 71 73 74 ]   sup=1
                                  [1 3 5 7 9 11 13 15 17 19 21 24 25 27 29 32 34 36 39 41 43 44 46 48 51 52 54 56 58 60 63 65 66 68 71 ]   sup=2
                                    [1 3 5 7 9 11 13 15 17 19 21 24 25 27 29 32 34 36 39 41 43 44 46 48 51 52 54 56 58 60 63 65 66 68 71 72 74 ]   sup=1
                                    [1 3 5 7 9 11 13 15 17 19 21 24 25 27 29 32 34 36 39 41 43 44 46 48 51 52 54 56 58 60 63 65 66 68 71 73 74 ]   sup=1
                          [1 3 5 7 9 11 13 15 17 19 21 24 25 28 29 31 34 ]   sup=5
                            [1 3 5 7 9 11 13 15 17 19 21 24 25 28 29 31 34 36 38 40 42 44 46 48 ]   sup=3
                              [1 3 5 7 9 11 13 15 17 19 21 24 25 28 29 31 34 36 38 40 42 44 46 48 50 52 54 56 58 60 62 64 66 68 70 72 74 ]   sup=1
                              [1 3 5 7 9 11 13 15 17 19 21 24 25 28 29 31 34 36 38 40 42 44 46 48 51 52 54 56 58 60 ]   sup=2
                                [1 3 5 7 9 11 13 15 17 19 21 24 25 28 29 31 34 36 38 40 42 44 46 48 51 52 54 56 58 60 62 64 66 68 70 72 74 ]   sup=1
                                [1 3 5 7 9 11 13 15 17 19 21 24 25 28 29 31 34 36 38 40 42 44 46 48 51 52 54 56 58 60 63 64 66 68 70 72 74 ]   sup=1
                            [1 3 5 7 9 11 13 15 17 19 21 24 25 28 29 31 34 37 38 40 42 44 46 49 ]   sup=2
                              [1 3 5 7 9 11 13 15 17 19 21 24 25 28 29 31 34 37 38 40 42 44 46 49 51 52 54 56 58 60 62 64 66 68 70 72 74 ]   sup=1
                              [1 3 5 7 9 11 13 15 17 19 21 24 25 28 29 31 34 37 38 40 42 44 46 49 50 52 54 56 58 60 62 64 66 68 70 72 74 ]   sup=1
                    [1 3 5 7 9 11 13 15 17 19 22 ]   sup=73
                      [1 3 5 7 9 11 13 15 17 19 22 23 ]   sup=42
                        [1 3 5 7 9 11 13 15 17 19 22 23 25 ]   sup=26
                          [1 3 5 7 9 11 13 15 17 19 22 23 25 28 29 31 34 ]   sup=8
                            [1 3 5 7 9 11 13 15 17 19 22 23 25 28 29 31 34 37 38 40 42 45 46 ]   sup=2
                              [1 3 5 7 9 11 13 15 17 19 22 23 25 28 29 31 34 37 38 40 42 45 46 49 50 52 54 56 58 60 62 64 66 68 70 72 74 ]   sup=1
                              [1 3 5 7 9 11 13 15 17 19 22 23 25 28 29 31 34 37 38 40 42 45 46 48 50 52 55 56 58 60 62 64 66 68 70 72 75 ]   sup=1
                            [1 3 5 7 9 11 13 15 17 19 22 23 25 28 29 31 34 36 38 40 42 45 46 ]   sup=6
                              [1 3 5 7 9 11 13 15 17 19 22 23 25 28 29 31 34 36 38 40 42 45 46 48 50 52 ]   sup=5
                                [1 3 5 7 9 11 13 15 17 19 22 23 25 28 29 31 34 36 38 40 42 45 46 48 50 52 55 ]   sup=4
                                  [1 3 5 7 9 11 13 15 17 19 22 23 25 28 29 31 34 36 38 40 42 45 46 48 50 52 55 57 58 60 62 64 66 69 70 72 75 ]   sup=1
                                  [1 3 5 7 9 11 13 15 17 19 22 23 25 28 29 31 34 36 38 40 42 45 46 48 50 52 55 56 58 60 62 64 66 ]   sup=3
                                    [1 3 5 7 9 11 13 15 17 19 22 23 25 28 29 31 34 36 38 40 42 45 46 48 50 52 55 56 58 60 62 64 66 69 70 72 75 ]   sup=1
                                    [1 3 5 7 9 11 13 15 17 19 22 23 25 28 29 31 34 36 38 40 42 45 46 48 50 52 55 56 58 60 62 64 66 68 70 72 ]   sup=2
                                      [1 3 5 7 9 11 13 15 17 19 22 23 25 28 29 31 34 36 38 40 42 45 46 48 50 52 55 56 58 60 62 64 66 68 70 72 74 ]   sup=1
                                      [1 3 5 7 9 11 13 15 17 19 22 23 25 28 29 31 34 36 38 40 42 45 46 48 50 52 55 56 58 60 62 64 66 68 70 72 75 ]   sup=1
                                [1 3 5 7 9 11 13 15 17 19 22 23 25 28 29 31 34 36 38 40 42 45 46 48 50 52 54 56 58 60 62 64 66 68 70 72 74 ]   sup=1
                              [1 3 5 7 9 11 13 15 17 19 22 23 25 28 29 31 34 36 38 40 42 45 46 49 50 52 54 56 58 60 62 64 66 68 70 72 74 ]   sup=1
                          [1 3 5 7 9 11 13 15 17 19 22 23 25 27 29 ]   sup=18
                            [1 3 5 7 9 11 13 15 17 19 22 23 25 27 29 31 34 36 ]   sup=16
                              [1 3 5 7 9 11 13 15 17 19 22 23 25 27 29 31 34 36 38 40 42 45 46 48 ]   sup=7
                                [1 3 5 7 9 11 13 15 17 19 22 23 25 27 29 31 34 36 38 40 42 45 46 48 50 52 ]   sup=4
                                  [1 3 5 7 9 11 13 15 17 19 22 23 25 27 29 31 34 36 38 40 42 45 46 48 50 52 55 56 58 60 62 64 66 ]   sup=2
                                    [1 3 5 7 9 11 13 15 17 19 22 23 25 27 29 31 34 36 38 40 42 45 46 48 50 52 55 56 58 60 62 64 66 68 70 72 75 ]   sup=1
                                    [1 3 5 7 9 11 13 15 17 19 22 23 25 27 29 31 34 36 38 40 42 45 46 48 50 52 55 56 58 60 62 64 66 69 70 72 75 ]   sup=1
                                  [1 3 5 7 9 11 13 15 17 19 22 23 25 27 29 31 34 36 38 40 42 45 46 48 50 52 54 56 58 60 62 64 66 68 70 72 ]   sup=2
                                    [1 3 5 7 9 11 13 15 17 19 22 23 25 27 29 31 34 36 38 40 42 45 46 48 50 52 54 56 58 60 62 64 66 68 70 72 75 ]   sup=1
                                    [1 3 5 7 9 11 13 15 17 19 22 23 25 27 29 31 34 36 38 40 42 45 46 48 50 52 54 56 58 60 62 64 66 68 70 72 74 ]   sup=1
                                [1 3 5 7 9 11 13 15 17 19 22 23 25 27 29 31 34 36 38 40 42 45 46 48 51 52 ]   sup=3
                                  [1 3 5 7 9 11 13 15 17 19 22 23 25 27 29 31 34 36 38 40 42 45 46 48 51 52 54 56 58 60 62 64 66 68 70 72 75 ]   sup=1
                                  [1 3 5 7 9 11 13 15 17 19 22 23 25 27 29 31 34 36 38 40 42 45 46 48 51 52 55 56 58 60 62 64 66 ]   sup=2
                                    [1 3 5 7 9 11 13 15 17 19 22 23 25 27 29 31 34 36 38 40 42 45 46 48 51 52 55 56 58 60 62 64 66 69 70 72 75 ]   sup=1
                                    [1 3 5 7 9 11 13 15 17 19 22 23 25 27 29 31 34 36 38 40 42 45 46 48 51 52 55 56 58 60 62 64 66 68 70 72 75 ]   sup=1
                              [1 3 5 7 9 11 13 15 17 19 22 23 25 27 29 31 34 36 39 40 42 45 46 48 ]   sup=9
                                [1 3 5 7 9 11 13 15 17 19 22 23 25 27 29 31 34 36 39 40 42 45 46 48 51 52 54 56 58 60 62 64 66 68 70 72 75 ]   sup=1
                                [1 3 5 7 9 11 13 15 17 19 22 23 25 27 29 31 34 36 39 40 42 45 46 48 50 52 ]   sup=8
                                  [1 3 5 7 9 11 13 15 17 19 22 23 25 27 29 31 34 36 39 40 42 45 46 48 50 52 55 ]   sup=6
                                    [1 3 5 7 9 11 13 15 17 19 22 23 25 27 29 31 34 36 39 40 42 45 46 48 50 52 55 57 58 60 62 64 66 69 70 72 75 ]   sup=1
                                    [1 3 5 7 9 11 13 15 17 19 22 23 25 27 29 31 34 36 39 40 42 45 46 48 50 52 55 56 58 60 ]   sup=5
                                      [1 3 5 7 9 11 13 15 17 19 22 23 25 27 29 31 34 36 39 40 42 45 46 48 50 52 55 56 58 60 63 64 66 69 71 72 75 ]   sup=1
                                      [1 3 5 7 9 11 13 15 17 19 22 23 25 27 29 31 34 36 39 40 42 45 46 48 50 52 55 56 58 60 62 64 66 ]   sup=4
                                        [1 3 5 7 9 11 13 15 17 19 22 23 25 27 29 31 34 36 39 40 42 45 46 48 50 52 55 56 58 60 62 64 66 69 71 72 75 ]   sup=1
                                        [1 3 5 7 9 11 13 15 17 19 22 23 25 27 29 31 34 36 39 40 42 45 46 48 50 52 55 56 58 60 62 64 66 68 ]   sup=3
                                          [1 3 5 7 9 11 13 15 17 19 22 23 25 27 29 31 34 36 39 40 42 45 46 48 50 52 55 56 58 60 62 64 66 68 70 72 ]   sup=2
                                            [1 3 5 7 9 11 13 15 17 19 22 23 25 27 29 31 34 36 39 40 42 45 46 48 50 52 55 56 58 60 62 64 66 68 70 72 74 ]   sup=1
                                            [1 3 5 7 9 11 13 15 17 19 22 23 25 27 29 31 34 36 39 40 42 45 46 48 50 52 55 56 58 60 62 64 66 68 70 72 75 ]   sup=1
                                          [1 3 5 7 9 11 13 15 17 19 22 23 25 27 29 31 34 36 39 40 42 45 46 48 50 52 55 56 58 60 62 64 66 68 71 72 75 ]   sup=1
                                  [1 3 5 7 9 11 13 15 17 19 22 23 25 27 29 31 34 36 39 40 42 45 46 48 50 52 54 56 58 60 62 64 66 68 70 72 ]   sup=2
                                    [1 3 5 7 9 11 13 15 17 19 22 23 25 27 29 31 34 36 39 40 42 45 46 48 50 52 54 56 58 60 62 64 66 68 70 72 74 ]   sup=1
                                    [1 3 5 7 9 11 13 15 17 19 22 23 25 27 29 31 34 36 39 40 42 45 46 48 50 52 54 56 58 60 62 64 66 68 70 72 75 ]   sup=1
                            [1 3 5 7 9 11 13 15 17 19 22 23 25 27 29 32 34 36 39 40 43 45 46 48 ]   sup=2
                              [1 3 5 7 9 11 13 15 17 19 22 23 25 27 29 32 34 36 39 40 43 45 46 48 50 52 54 56 58 60 62 64 67 69 71 73 74 ]   sup=1
                              [1 3 5 7 9 11 13 15 17 19 22 23 25 27 29 32 34 36 39 40 43 45 46 48 51 52 54 56 58 60 62 64 67 69 71 73 74 ]   sup=1
                        [1 3 5 7 9 11 13 15 17 19 22 23 26 ]   sup=16
                          [1 3 5 7 9 11 13 15 17 19 22 23 26 28 29 31 34 36 38 40 42 45 46 48 50 52 ]   sup=5
                            [1 3 5 7 9 11 13 15 17 19 22 23 26 28 29 31 34 36 38 40 42 45 46 48 50 52 55 ]   sup=4
                              [1 3 5 7 9 11 13 15 17 19 22 23 26 28 29 31 34 36 38 40 42 45 46 48 50 52 55 56 58 60 62 64 66 ]   sup=3
                                [1 3 5 7 9 11 13 15 17 19 22 23 26 28 29 31 34 36 38 40 42 45 46 48 50 52 55 56 58 60 62 64 66 68 70 72 ]   sup=2
                                  [1 3 5 7 9 11 13 15 17 19 22 23 26 28 29 31 34 36 38 40 42 45 46 48 50 52 55 56 58 60 62 64 66 68 70 72 75 ]   sup=1
                                  [1 3 5 7 9 11 13 15 17 19 22 23 26 28 29 31 34 36 38 40 42 45 46 48 50 52 55 56 58 60 62 64 66 68 70 72 74 ]   sup=1
                                [1 3 5 7 9 11 13 15 17 19 22 23 26 28 29 31 34 36 38 40 42 45 46 48 50 52 55 56 58 60 62 64 66 69 70 72 75 ]   sup=1
                              [1 3 5 7 9 11 13 15 17 19 22 23 26 28 29 31 34 36 38 40 42 45 46 48 50 52 55 57 58 60 62 64 66 69 70 72 75 ]   sup=1
                            [1 3 5 7 9 11 13 15 17 19 22 23 26 28 29 31 34 36 38 40 42 45 46 48 50 52 54 56 58 60 62 64 66 68 70 72 74 ]   sup=1
                          [1 3 5 7 9 11 13 15 17 19 22 23 26 27 29 31 34 36 ]   sup=11
                            [1 3 5 7 9 11 13 15 17 19 22 23 26 27 29 31 34 36 38 40 42 45 46 48 ]   sup=4
                              [1 3 5 7 9 11 13 15 17 19 22 23 26 27 29 31 34 36 38 40 42 45 46 48 50 52 ]   sup=3
                                [1 3 5 7 9 11 13 15 17 19 22 23 26 27 29 31 34 36 38 40 42 45 46 48 50 52 54 56 58 60 62 64 66 68 70 72 ]   sup=2
                                  [1 3 5 7 9 11 13 15 17 19 22 23 26 27 29 31 34 36 38 40 42 45 46 48 50 52 54 56 58 60 62 64 66 68 70 72 74 ]   sup=1
                                  [1 3 5 7 9 11 13 15 17 19 22 23 26 27 29 31 34 36 38 40 42 45 46 48 50 52 54 56 58 60 62 64 66 68 70 72 75 ]   sup=1
                                [1 3 5 7 9 11 13 15 17 19 22 23 26 27 29 31 34 36 38 40 42 45 46 48 50 52 55 56 58 60 62 64 66 68 70 72 75 ]   sup=1
                              [1 3 5 7 9 11 13 15 17 19 22 23 26 27 29 31 34 36 38 40 42 45 46 48 51 52 55 56 58 60 62 64 66 69 70 72 75 ]   sup=1
                            [1 3 5 7 9 11 13 15 17 19 22 23 26 27 29 31 34 36 39 40 42 45 46 48 50 52 ]   sup=7
                              [1 3 5 7 9 11 13 15 17 19 22 23 26 27 29 31 34 36 39 40 42 45 46 48 50 52 55 ]   sup=5
                                [1 3 5 7 9 11 13 15 17 19 22 23 26 27 29 31 34 36 39 40 42 45 46 48 50 52 55 57 58 60 62 64 66 69 70 72 75 ]   sup=1
                                [1 3 5 7 9 11 13 15 17 19 22 23 26 27 29 31 34 36 39 40 42 45 46 48 50 52 55 56 58 60 ]   sup=4
                                  [1 3 5 7 9 11 13 15 17 19 22 23 26 27 29 31 34 36 39 40 42 45 46 48 50 52 55 56 58 60 63 64 66 69 71 72 75 ]   sup=1
                                  [1 3 5 7 9 11 13 15 17 19 22 23 26 27 29 31 34 36 39 40 42 45 46 48 50 52 55 56 58 60 62 64 66 68 ]   sup=3
                                    [1 3 5 7 9 11 13 15 17 19 22 23 26 27 29 31 34 36 39 40 42 45 46 48 50 52 55 56 58 60 62 64 66 68 71 72 75 ]   sup=1
                                    [1 3 5 7 9 11 13 15 17 19 22 23 26 27 29 31 34 36 39 40 42 45 46 48 50 52 55 56 58 60 62 64 66 68 70 72 ]   sup=2
                                      [1 3 5 7 9 11 13 15 17 19 22 23 26 27 29 31 34 36 39 40 42 45 46 48 50 52 55 56 58 60 62 64 66 68 70 72 74 ]   sup=1
                                      [1 3 5 7 9 11 13 15 17 19 22 23 26 27 29 31 34 36 39 40 42 45 46 48 50 52 55 56 58 60 62 64 66 68 70 72 75 ]   sup=1
                              [1 3 5 7 9 11 13 15 17 19 22 23 26 27 29 31 34 36 39 40 42 45 46 48 50 52 54 56 58 60 62 64 66 68 70 72 ]   sup=2
                                [1 3 5 7 9 11 13 15 17 19 22 23 26 27 29 31 34 36 39 40 42 45 46 48 50 52 54 56 58 60 62 64 66 68 70 72 75 ]   sup=1
                                [1 3 5 7 9 11 13 15 17 19 22 23 26 27 29 31 34 36 39 40 42 45 46 48 50 52 54 56 58 60 62 64 66 68 70 72 74 ]   sup=1
                      [1 3 5 7 9 11 13 15 17 19 22 24 ]   sup=31
                        [1 3 5 7 9 11 13 15 17 19 22 24 25 ]   sup=26
                          [1 3 5 7 9 11 13 15 17 19 22 24 25 27 29 ]   sup=20
                            [1 3 5 7 9 11 13 15 17 19 22 24 25 27 29 32 34 36 ]   sup=17
                              [1 3 5 7 9 11 13 15 17 19 22 24 25 27 29 32 34 36 39 40 ]   sup=3
                                [1 3 5 7 9 11 13 15 17 19 22 24 25 27 29 32 34 36 39 40 43 45 46 48 ]   sup=2
                                  [1 3 5 7 9 11 13 15 17 19 22 24 25 27 29 32 34 36 39 40 43 45 46 48 51 52 54 56 58 60 62 65 66 69 71 72 74 ]   sup=1
                                  [1 3 5 7 9 11 13 15 17 19 22 24 25 27 29 32 34 36 39 40 43 45 46 48 50 52 54 56 58 60 62 65 66 69 71 72 74 ]   sup=1
                                [1 3 5 7 9 11 13 15 17 19 22 24 25 27 29 32 34 36 39 40 42 45 46 48 50 52 54 56 58 60 62 64 66 69 71 72 74 ]   sup=1
                              [1 3 5 7 9 11 13 15 17 19 22 24 25 27 29 32 34 36 38 40 ]   sup=14
                                [1 3 5 7 9 11 13 15 17 19 22 24 25 27 29 32 34 36 38 40 43 45 46 48 ]   sup=6
                                  [1 3 5 7 9 11 13 15 17 19 22 24 25 27 29 32 34 36 38 40 43 45 46 48 51 52 54 56 58 60 62 65 66 69 ]   sup=3
                                    [1 3 5 7 9 11 13 15 17 19 22 24 25 27 29 32 34 36 38 40 43 45 46 48 51 52 54 56 58 60 62 65 66 69 70 ]   sup=2
                                      [1 3 5 7 9 11 13 15 17 19 22 24 25 27 29 32 34 36 38 40 43 45 46 48 51 52 54 56 58 60 62 65 66 69 70 73 74 ]   sup=1
                                      [1 3 5 7 9 11 13 15 17 19 22 24 25 27 29 32 34 36 38 40 43 45 46 48 51 52 54 56 58 60 62 65 66 69 70 72 74 ]   sup=1
                                    [1 3 5 7 9 11 13 15 17 19 22 24 25 27 29 32 34 36 38 40 43 45 46 48 51 52 54 56 58 60 62 65 66 69 71 73 74 ]   sup=1
                                  [1 3 5 7 9 11 13 15 17 19 22 24 25 27 29 32 34 36 38 40 43 45 46 48 50 52 54 56 58 60 62 65 66 69 ]   sup=3
                                    [1 3 5 7 9 11 13 15 17 19 22 24 25 27 29 32 34 36 38 40 43 45 46 48 50 52 54 56 58 60 62 65 66 69 70 ]   sup=2
                                      [1 3 5 7 9 11 13 15 17 19 22 24 25 27 29 32 34 36 38 40 43 45 46 48 50 52 54 56 58 60 62 65 66 69 70 72 74 ]   sup=1
                                      [1 3 5 7 9 11 13 15 17 19 22 24 25 27 29 32 34 36 38 40 43 45 46 48 50 52 54 56 58 60 62 65 66 69 70 73 74 ]   sup=1
                                    [1 3 5 7 9 11 13 15 17 19 22 24 25 27 29 32 34 36 38 40 43 45 46 48 50 52 54 56 58 60 62 65 66 69 71 73 74 ]   sup=1
                                [1 3 5 7 9 11 13 15 17 19 22 24 25 27 29 32 34 36 38 40 42 45 46 48 ]   sup=8
                                  [1 3 5 7 9 11 13 15 17 19 22 24 25 27 29 32 34 36 38 40 42 45 46 48 50 52 54 56 58 60 62 ]   sup=4
                                    [1 3 5 7 9 11 13 15 17 19 22 24 25 27 29 32 34 36 38 40 42 45 46 48 50 52 54 56 58 60 62 64 66 69 70 ]   sup=2
                                      [1 3 5 7 9 11 13 15 17 19 22 24 25 27 29 32 34 36 38 40 42 45 46 48 50 52 54 56 58 60 62 64 66 69 70 72 74 ]   sup=1
                                      [1 3 5 7 9 11 13 15 17 19 22 24 25 27 29 32 34 36 38 40 42 45 46 48 50 52 54 56 58 60 62 64 66 69 70 73 74 ]   sup=1
                                    [1 3 5 7 9 11 13 15 17 19 22 24 25 27 29 32 34 36 38 40 42 45 46 48 50 52 54 56 58 60 62 65 66 69 70 ]   sup=2
                                      [1 3 5 7 9 11 13 15 17 19 22 24 25 27 29 32 34 36 38 40 42 45 46 48 50 52 54 56 58 60 62 65 66 69 70 73 74 ]   sup=1
                                      [1 3 5 7 9 11 13 15 17 19 22 24 25 27 29 32 34 36 38 40 42 45 46 48 50 52 54 56 58 60 62 65 66 69 70 72 74 ]   sup=1
                                  [1 3 5 7 9 11 13 15 17 19 22 24 25 27 29 32 34 36 38 40 42 45 46 48 51 52 54 56 58 60 62 ]   sup=4
                                    [1 3 5 7 9 11 13 15 17 19 22 24 25 27 29 32 34 36 38 40 42 45 46 48 51 52 54 56 58 60 62 65 66 69 70 ]   sup=2
                                      [1 3 5 7 9 11 13 15 17 19 22 24 25 27 29 32 34 36 38 40 42 45 46 48 51 52 54 56 58 60 62 65 66 69 70 72 74 ]   sup=1
                                      [1 3 5 7 9 11 13 15 17 19 22 24 25 27 29 32 34 36 38 40 42 45 46 48 51 52 54 56 58 60 62 65 66 69 70 73 74 ]   sup=1
                                    [1 3 5 7 9 11 13 15 17 19 22 24 25 27 29 32 34 36 38 40 42 45 46 48 51 52 54 56 58 60 62 64 66 69 70 ]   sup=2
                                      [1 3 5 7 9 11 13 15 17 19 22 24 25 27 29 32 34 36 38 40 42 45 46 48 51 52 54 56 58 60 62 64 66 69 70 72 74 ]   sup=1
                                      [1 3 5 7 9 11 13 15 17 19 22 24 25 27 29 32 34 36 38 40 42 45 46 48 51 52 54 56 58 60 62 64 66 69 70 73 74 ]   sup=1
                            [1 3 5 7 9 11 13 15 17 19 22 24 25 27 29 31 34 36 ]   sup=3
                              [1 3 5 7 9 11 13 15 17 19 22 24 25 27 29 31 34 36 39 40 43 45 46 48 50 52 54 56 58 60 62 64 66 68 70 72 74 ]   sup=1
                              [1 3 5 7 9 11 13 15 17 19 22 24 25 27 29 31 34 36 38 40 43 45 46 48 ]   sup=2
                                [1 3 5 7 9 11 13 15 17 19 22 24 25 27 29 31 34 36 38 40 43 45 46 48 50 52 54 56 58 60 62 65 66 69 70 72 74 ]   sup=1
                                [1 3 5 7 9 11 13 15 17 19 22 24 25 27 29 31 34 36 38 40 43 45 46 48 51 52 54 56 58 60 62 65 66 69 70 72 74 ]   sup=1
                          [1 3 5 7 9 11 13 15 17 19 22 24 25 28 29 31 34 ]   sup=6
                            [1 3 5 7 9 11 13 15 17 19 22 24 25 28 29 31 34 37 38 40 42 45 46 ]   sup=3
                              [1 3 5 7 9 11 13 15 17 19 22 24 25 28 29 31 34 37 38 40 42 45 46 48 50 52 54 56 58 60 62 64 66 69 70 72 74 ]   sup=1
                              [1 3 5 7 9 11 13 15 17 19 22 24 25 28 29 31 34 37 38 40 42 45 46 49 50 52 54 56 58 60 62 64 66 ]   sup=2
                                [1 3 5 7 9 11 13 15 17 19 22 24 25 28 29 31 34 37 38 40 42 45 46 49 50 52 54 56 58 60 62 64 66 69 70 72 74 ]   sup=1
                                [1 3 5 7 9 11 13 15 17 19 22 24 25 28 29 31 34 37 38 40 42 45 46 49 50 52 54 56 58 60 62 64 66 68 70 72 74 ]   sup=1
                            [1 3 5 7 9 11 13 15 17 19 22 24 25 28 29 31 34 36 38 40 42 45 46 48 ]   sup=3
                              [1 3 5 7 9 11 13 15 17 19 22 24 25 28 29 31 34 36 38 40 42 45 46 48 51 52 54 56 58 60 62 64 66 69 70 72 74 ]   sup=1
                              [1 3 5 7 9 11 13 15 17 19 22 24 25 28 29 31 34 36 38 40 42 45 46 48 50 52 54 56 58 60 62 64 66 ]   sup=2
                                [1 3 5 7 9 11 13 15 17 19 22 24 25 28 29 31 34 36 38 40 42 45 46 48 50 52 54 56 58 60 62 64 66 68 70 72 74 ]   sup=1
                                [1 3 5 7 9 11 13 15 17 19 22 24 25 28 29 31 34 36 38 40 42 45 46 48 50 52 54 56 58 60 62 64 66 69 70 72 74 ]   sup=1
                        [1 3 5 7 9 11 13 15 17 19 22 24 26 ]   sup=5
                          [1 3 5 7 9 11 13 15 17 19 22 24 26 28 29 31 34 37 38 40 42 45 46 49 50 52 54 56 58 60 62 64 66 ]   sup=2
                            [1 3 5 7 9 11 13 15 17 19 22 24 26 28 29 31 34 37 38 40 42 45 46 49 50 52 54 56 58 60 62 64 66 68 70 72 74 ]   sup=1
                            [1 3 5 7 9 11 13 15 17 19 22 24 26 28 29 31 34 37 38 40 42 45 46 49 50 52 54 56 58 60 62 64 66 69 70 72 74 ]   sup=1
                          [1 3 5 7 9 11 13 15 17 19 22 24 26 27 29 ]   sup=3
                            [1 3 5 7 9 11 13 15 17 19 22 24 26 27 29 32 34 36 38 40 42 45 46 48 50 52 54 56 58 60 62 64 66 69 70 ]   sup=2
                              [1 3 5 7 9 11 13 15 17 19 22 24 26 27 29 32 34 36 38 40 42 45 46 48 50 52 54 56 58 60 62 64 66 69 70 73 74 ]   sup=1
                              [1 3 5 7 9 11 13 15 17 19 22 24 26 27 29 32 34 36 38 40 42 45 46 48 50 52 54 56 58 60 62 64 66 69 70 72 74 ]   sup=1
                            [1 3 5 7 9 11 13 15 17 19 22 24 26 27 29 31 34 37 38 40 42 45 46 49 50 52 54 56 58 60 62 64 66 69 70 72 74 ]   sup=1
              [1 3 5 7 9 11 14 ]   sup=426
                [1 3 5 7 9 11 14 16 ]   sup=119
                  [1 3 5 7 9 11 14 16 17 ]   sup=83
                    [1 3 5 7 9 11 14 16 17 19 ]   sup=51
                      [1 3 5 7 9 11 14 16 17 19 21 ]   sup=44
                        [1 3 5 7 9 11 14 16 17 19 21 24 ]   sup=34
                          [1 3 5 7 9 11 14 16 17 19 21 24 26 ]   sup=10
                            [1 3 5 7 9 11 14 16 17 19 21 24 26 28 29 31 34 36 38 40 42 44 46 49 ]   sup=2
                              [1 3 5 7 9 11 14 16 17 19 21 24 26 28 29 31 34 36 38 40 42 44 46 49 51 52 54 56 58 60 62 64 66 68 70 73 74 ]   sup=1
                              [1 3 5 7 9 11 14 16 17 19 21 24 26 28 29 31 34 36 38 40 42 44 46 49 50 52 54 56 58 60 62 64 66 68 70 73 74 ]   sup=1
                            [1 3 5 7 9 11 14 16 17 19 21 24 26 27 29 ]   sup=8
                              [1 3 5 7 9 11 14 16 17 19 21 24 26 27 29 31 34 36 ]   sup=3
                                [1 3 5 7 9 11 14 16 17 19 21 24 26 27 29 31 34 36 39 40 43 44 46 49 ]   sup=2
                                  [1 3 5 7 9 11 14 16 17 19 21 24 26 27 29 31 34 36 39 40 43 44 46 49 50 52 54 56 58 60 62 64 66 68 71 73 74 ]   sup=1
                                  [1 3 5 7 9 11 14 16 17 19 21 24 26 27 29 31 34 36 39 40 43 44 46 49 51 52 54 56 58 60 62 64 66 68 71 73 74 ]   sup=1
                                [1 3 5 7 9 11 14 16 17 19 21 24 26 27 29 31 34 36 38 40 43 44 46 49 50 52 54 56 58 60 62 64 66 68 70 73 74 ]   sup=1
                              [1 3 5 7 9 11 14 16 17 19 21 24 26 27 29 32 34 ]   sup=5
                                [1 3 5 7 9 11 14 16 17 19 21 24 26 27 29 32 34 36 ]   sup=3
                                  [1 3 5 7 9 11 14 16 17 19 21 24 26 27 29 32 34 36 38 40 42 44 46 48 50 52 54 56 58 60 62 64 66 68 70 73 74 ]   sup=1
                                  [1 3 5 7 9 11 14 16 17 19 21 24 26 27 29 32 34 36 39 40 42 44 46 48 ]   sup=2
                                    [1 3 5 7 9 11 14 16 17 19 21 24 26 27 29 32 34 36 39 40 42 44 46 48 51 52 54 56 58 60 62 64 66 68 70 73 74 ]   sup=1
                                    [1 3 5 7 9 11 14 16 17 19 21 24 26 27 29 32 34 36 39 40 42 44 46 48 50 52 54 56 58 60 62 64 66 68 70 73 74 ]   sup=1
                                [1 3 5 7 9 11 14 16 17 19 21 24 26 27 29 32 34 37 38 40 42 44 46 48 ]   sup=2
                                  [1 3 5 7 9 11 14 16 17 19 21 24 26 27 29 32 34 37 38 40 42 44 46 48 50 52 54 56 58 60 62 64 66 68 70 72 74 ]   sup=1
                                  [1 3 5 7 9 11 14 16 17 19 21 24 26 27 29 32 34 37 38 40 42 44 46 48 51 52 54 56 58 60 62 64 66 68 70 72 74 ]   sup=1
                          [1 3 5 7 9 11 14 16 17 19 21 24 25 ]   sup=24
                            [1 3 5 7 9 11 14 16 17 19 21 24 25 28 29 ]   sup=5
                              [1 3 5 7 9 11 14 16 17 19 21 24 25 28 29 33 34 36 38 40 42 44 46 48 50 52 54 56 58 60 62 64 66 68 70 72 74 ]   sup=1
                              [1 3 5 7 9 11 14 16 17 19 21 24 25 28 29 31 34 36 38 40 42 44 46 48 ]   sup=4
                                [1 3 5 7 9 11 14 16 17 19 21 24 25 28 29 31 34 36 38 40 42 44 46 48 50 52 54 56 58 60 62 64 66 68 70 ]   sup=2
                                  [1 3 5 7 9 11 14 16 17 19 21 24 25 28 29 31 34 36 38 40 42 44 46 48 50 52 54 56 58 60 62 64 66 68 70 73 74 ]   sup=1
                                  [1 3 5 7 9 11 14 16 17 19 21 24 25 28 29 31 34 36 38 40 42 44 46 48 50 52 54 56 58 60 62 64 66 68 70 72 74 ]   sup=1
                                [1 3 5 7 9 11 14 16 17 19 21 24 25 28 29 31 34 36 38 40 42 44 46 48 51 52 54 56 58 60 62 64 66 68 70 ]   sup=2
                                  [1 3 5 7 9 11 14 16 17 19 21 24 25 28 29 31 34 36 38 40 42 44 46 48 51 52 54 56 58 60 62 64 66 68 70 72 74 ]   sup=1
                                  [1 3 5 7 9 11 14 16 17 19 21 24 25 28 29 31 34 36 38 40 42 44 46 48 51 52 54 56 58 60 62 64 66 68 70 73 74 ]   sup=1
                            [1 3 5 7 9 11 14 16 17 19 21 24 25 27 29 ]   sup=19
                              [1 3 5 7 9 11 14 16 17 19 21 24 25 27 29 31 34 36 ]   sup=11
                                [1 3 5 7 9 11 14 16 17 19 21 24 25 27 29 31 34 36 38 40 ]   sup=6
                                  [1 3 5 7 9 11 14 16 17 19 21 24 25 27 29 31 34 36 38 40 42 44 46 48 50 52 54 56 58 60 62 64 66 68 ]   sup=3
                                    [1 3 5 7 9 11 14 16 17 19 21 24 25 27 29 31 34 36 38 40 42 44 46 48 50 52 54 56 58 60 62 64 66 68 70 ]   sup=2
                                      [1 3 5 7 9 11 14 16 17 19 21 24 25 27 29 31 34 36 38 40 42 44 46 48 50 52 54 56 58 60 62 64 66 68 70 73 74 ]   sup=1
                                      [1 3 5 7 9 11 14 16 17 19 21 24 25 27 29 31 34 36 38 40 42 44 46 48 50 52 54 56 58 60 62 64 66 68 70 72 74 ]   sup=1
                                    [1 3 5 7 9 11 14 16 17 19 21 24 25 27 29 31 34 36 38 40 42 44 46 48 50 52 54 56 58 60 62 64 66 68 71 73 74 ]   sup=1
                                  [1 3 5 7 9 11 14 16 17 19 21 24 25 27 29 31 34 36 38 40 43 44 46 48 ]   sup=3
                                    [1 3 5 7 9 11 14 16 17 19 21 24 25 27 29 31 34 36 38 40 43 44 46 48 50 52 54 56 58 60 62 65 66 68 70 ]   sup=2
                                      [1 3 5 7 9 11 14 16 17 19 21 24 25 27 29 31 34 36 38 40 43 44 46 48 50 52 54 56 58 60 62 65 66 68 70 72 74 ]   sup=1
                                      [1 3 5 7 9 11 14 16 17 19 21 24 25 27 29 31 34 36 38 40 43 44 46 48 50 52 54 56 58 60 62 65 66 68 70 73 74 ]   sup=1
                                    [1 3 5 7 9 11 14 16 17 19 21 24 25 27 29 31 34 36 38 40 43 44 46 48 51 52 54 56 58 60 62 65 66 68 70 72 74 ]   sup=1
                                [1 3 5 7 9 11 14 16 17 19 21 24 25 27 29 31 34 36 39 40 ]   sup=5
                                  [1 3 5 7 9 11 14 16 17 19 21 24 25 27 29 31 34 36 39 40 42 44 46 48 51 52 54 56 58 60 62 64 66 68 71 ]   sup=2
                                    [1 3 5 7 9 11 14 16 17 19 21 24 25 27 29 31 34 36 39 40 42 44 46 48 51 52 54 56 58 60 62 64 66 68 71 72 74 ]   sup=1
                                    [1 3 5 7 9 11 14 16 17 19 21 24 25 27 29 31 34 36 39 40 42 44 46 48 51 52 54 56 58 60 62 64 66 68 71 73 74 ]   sup=1
                                  [1 3 5 7 9 11 14 16 17 19 21 24 25 27 29 31 34 36 39 40 43 ]   sup=3
                                    [1 3 5 7 9 11 14 16 17 19 21 24 25 27 29 31 34 36 39 40 43 44 46 48 ]   sup=2
                                      [1 3 5 7 9 11 14 16 17 19 21 24 25 27 29 31 34 36 39 40 43 44 46 48 51 52 54 56 58 60 62 65 66 68 71 73 74 ]   sup=1
                                      [1 3 5 7 9 11 14 16 17 19 21 24 25 27 29 31 34 36 39 40 43 44 46 48 50 52 54 56 58 60 62 64 66 68 71 73 74 ]   sup=1
                                    [1 3 5 7 9 11 14 16 17 19 21 24 25 27 29 31 34 36 39 40 43 45 46 48 50 52 54 56 58 60 62 65 66 69 71 73 74 ]   sup=1
                              [1 3 5 7 9 11 14 16 17 19 21 24 25 27 29 32 34 36 ]   sup=8
                                [1 3 5 7 9 11 14 16 17 19 21 24 25 27 29 32 34 36 38 40 ]   sup=3
                                  [1 3 5 7 9 11 14 16 17 19 21 24 25 27 29 32 34 36 38 40 43 44 46 48 50 52 54 56 58 60 62 65 66 68 71 73 74 ]   sup=1
                                  [1 3 5 7 9 11 14 16 17 19 21 24 25 27 29 32 34 36 38 40 42 44 46 48 50 52 54 56 58 60 62 64 66 68 70 ]   sup=2
                                    [1 3 5 7 9 11 14 16 17 19 21 24 25 27 29 32 34 36 38 40 42 44 46 48 50 52 54 56 58 60 62 64 66 68 70 73 74 ]   sup=1
                                    [1 3 5 7 9 11 14 16 17 19 21 24 25 27 29 32 34 36 38 40 42 44 46 48 50 52 54 56 58 60 62 64 66 68 70 72 74 ]   sup=1
                                [1 3 5 7 9 11 14 16 17 19 21 24 25 27 29 32 34 36 39 40 ]   sup=5
                                  [1 3 5 7 9 11 14 16 17 19 21 24 25 27 29 32 34 36 39 40 42 44 46 48 51 52 54 56 58 60 62 64 66 68 ]   sup=3
                                    [1 3 5 7 9 11 14 16 17 19 21 24 25 27 29 32 34 36 39 40 42 44 46 48 51 52 54 56 58 60 62 64 66 68 71 ]   sup=2
                                      [1 3 5 7 9 11 14 16 17 19 21 24 25 27 29 32 34 36 39 40 42 44 46 48 51 52 54 56 58 60 62 64 66 68 71 73 74 ]   sup=1
                                      [1 3 5 7 9 11 14 16 17 19 21 24 25 27 29 32 34 36 39 40 42 44 46 48 51 52 54 56 58 60 62 64 66 68 71 72 74 ]   sup=1
                                    [1 3 5 7 9 11 14 16 17 19 21 24 25 27 29 32 34 36 39 40 42 44 46 48 51 52 54 56 58 60 62 64 66 68 70 73 74 ]   sup=1
                                  [1 3 5 7 9 11 14 16 17 19 21 24 25 27 29 32 34 36 39 40 43 44 46 48 ]   sup=2
                                    [1 3 5 7 9 11 14 16 17 19 21 24 25 27 29 32 34 36 39 40 43 44 46 48 51 52 54 56 58 60 62 65 66 68 71 73 74 ]   sup=1
                                    [1 3 5 7 9 11 14 16 17 19 21 24 25 27 29 32 34 36 39 40 43 44 46 48 50 52 54 56 58 60 62 65 66 68 71 73 74 ]   sup=1
                        [1 3 5 7 9 11 14 16 17 19 21 23 25 ]   sup=10
                          [1 3 5 7 9 11 14 16 17 19 21 23 25 28 29 31 34 36 38 40 42 44 46 48 ]   sup=3
                            [1 3 5 7 9 11 14 16 17 19 21 23 25 28 29 31 34 36 38 40 42 44 46 48 51 52 54 56 58 60 62 64 66 68 70 72 75 ]   sup=1
                            [1 3 5 7 9 11 14 16 17 19 21 23 25 28 29 31 34 36 38 40 42 44 46 48 50 52 54 56 58 60 62 64 66 68 70 72 ]   sup=2
                              [1 3 5 7 9 11 14 16 17 19 21 23 25 28 29 31 34 36 38 40 42 44 46 48 50 52 54 56 58 60 62 64 66 68 70 72 75 ]   sup=1
                              [1 3 5 7 9 11 14 16 17 19 21 23 25 28 29 31 34 36 38 40 42 44 46 48 50 52 54 56 58 60 62 64 66 68 70 72 74 ]   sup=1
                          [1 3 5 7 9 11 14 16 17 19 21 23 25 27 29 31 34 36 ]   sup=7
                            [1 3 5 7 9 11 14 16 17 19 21 23 25 27 29 31 34 36 39 40 42 ]   sup=5
                              [1 3 5 7 9 11 14 16 17 19 21 23 25 27 29 31 34 36 39 40 42 45 46 48 ]   sup=2
                                [1 3 5 7 9 11 14 16 17 19 21 23 25 27 29 31 34 36 39 40 42 45 46 48 50 52 55 56 58 60 62 64 66 69 71 72 74 ]   sup=1
                                [1 3 5 7 9 11 14 16 17 19 21 23 25 27 29 31 34 36 39 40 42 45 46 48 51 52 55 56 58 60 62 64 66 69 71 72 75 ]   sup=1
                              [1 3 5 7 9 11 14 16 17 19 21 23 25 27 29 31 34 36 39 40 42 44 46 48 ]   sup=3
                                [1 3 5 7 9 11 14 16 17 19 21 23 25 27 29 31 34 36 39 40 42 44 46 48 51 52 54 56 58 60 62 64 66 68 71 72 75 ]   sup=1
                                [1 3 5 7 9 11 14 16 17 19 21 23 25 27 29 31 34 36 39 40 42 44 46 48 50 52 54 56 58 60 62 64 66 68 ]   sup=2
                                  [1 3 5 7 9 11 14 16 17 19 21 23 25 27 29 31 34 36 39 40 42 44 46 48 50 52 54 56 58 60 62 64 66 68 70 72 74 ]   sup=1
                                  [1 3 5 7 9 11 14 16 17 19 21 23 25 27 29 31 34 36 39 40 42 44 46 48 50 52 54 56 58 60 62 64 66 68 71 72 74 ]   sup=1
                            [1 3 5 7 9 11 14 16 17 19 21 23 25 27 29 31 34 36 38 40 42 44 46 48 50 52 54 56 58 60 62 64 66 68 71 72 ]   sup=2
                              [1 3 5 7 9 11 14 16 17 19 21 23 25 27 29 31 34 36 38 40 42 44 46 48 50 52 54 56 58 60 62 64 66 68 71 72 74 ]   sup=1
                              [1 3 5 7 9 11 14 16 17 19 21 23 25 27 29 31 34 36 38 40 42 44 46 48 50 52 54 56 58 60 62 64 66 68 71 72 75 ]   sup=1
                      [1 3 5 7 9 11 14 16 17 19 22 ]   sup=7
                        [1 3 5 7 9 11 14 16 17 19 22 23 25 27 29 31 34 36 38 40 42 45 46 48 50 52 55 56 58 60 62 64 66 69 70 72 75 ]   sup=1
                        [1 3 5 7 9 11 14 16 17 19 22 24 ]   sup=6
                          [1 3 5 7 9 11 14 16 17 19 22 24 25 ]   sup=4
                            [1 3 5 7 9 11 14 16 17 19 22 24 25 28 29 31 34 36 38 40 42 45 46 48 50 52 54 56 58 60 62 64 66 69 70 72 74 ]   sup=1
                            [1 3 5 7 9 11 14 16 17 19 22 24 25 27 29 ]   sup=3
                              [1 3 5 7 9 11 14 16 17 19 22 24 25 27 29 32 34 36 38 40 42 45 46 48 51 52 54 56 58 60 62 64 66 69 70 ]   sup=2
                                [1 3 5 7 9 11 14 16 17 19 22 24 25 27 29 32 34 36 38 40 42 45 46 48 51 52 54 56 58 60 62 64 66 69 70 73 74 ]   sup=1
                                [1 3 5 7 9 11 14 16 17 19 22 24 25 27 29 32 34 36 38 40 42 45 46 48 51 52 54 56 58 60 62 64 66 69 70 72 74 ]   sup=1
                              [1 3 5 7 9 11 14 16 17 19 22 24 25 27 29 31 34 36 38 40 42 45 46 48 50 52 54 56 58 60 62 64 66 69 70 72 74 ]   sup=1
                          [1 3 5 7 9 11 14 16 17 19 22 24 26 27 29 ]   sup=2
                            [1 3 5 7 9 11 14 16 17 19 22 24 26 27 29 31 34 37 38 40 43 45 46 49 50 52 54 56 58 60 62 64 66 68 70 72 74 ]   sup=1
                            [1 3 5 7 9 11 14 16 17 19 22 24 26 27 29 32 34 36 39 40 42 45 46 48 50 52 54 56 58 60 62 64 66 69 71 72 74 ]   sup=1
                    [1 3 5 7 9 11 14 16 17 20 21 ]   sup=32
                      [1 3 5 7 9 11 14 16 17 20 21 23 25 ]   sup=7
                        [1 3 5 7 9 11 14 16 17 20 21 23 25 28 29 31 34 36 38 40 42 44 47 48 50 52 ]   sup=2
                          [1 3 5 7 9 11 14 16 17 20 21 23 25 28 29 31 34 36 38 40 42 44 47 48 50 52 54 56 58 60 62 64 66 68 70 72 74 ]   sup=1
                          [1 3 5 7 9 11 14 16 17 20 21 23 25 28 29 31 34 36 38 40 42 44 47 48 50 52 55 56 58 60 62 64 66 68 70 72 74 ]   sup=1
                        [1 3 5 7 9 11 14 16 17 20 21 23 25 27 29 31 34 36 ]   sup=5
                          [1 3 5 7 9 11 14 16 17 20 21 23 25 27 29 31 34 36 38 40 42 44 47 48 50 52 55 56 58 60 62 64 66 68 ]   sup=3
                            [1 3 5 7 9 11 14 16 17 20 21 23 25 27 29 31 34 36 38 40 42 44 47 48 50 52 55 56 58 60 62 64 66 68 71 72 ]   sup=2
                              [1 3 5 7 9 11 14 16 17 20 21 23 25 27 29 31 34 36 38 40 42 44 47 48 50 52 55 56 58 60 62 64 66 68 71 72 75 ]   sup=1
                              [1 3 5 7 9 11 14 16 17 20 21 23 25 27 29 31 34 36 38 40 42 44 47 48 50 52 55 56 58 60 62 64 66 68 71 72 74 ]   sup=1
                            [1 3 5 7 9 11 14 16 17 20 21 23 25 27 29 31 34 36 38 40 42 44 47 48 50 52 55 56 58 60 62 64 66 68 70 72 74 ]   sup=1
                          [1 3 5 7 9 11 14 16 17 20 21 23 25 27 29 31 34 36 39 40 42 44 47 48 ]   sup=2
                            [1 3 5 7 9 11 14 16 17 20 21 23 25 27 29 31 34 36 39 40 42 44 47 48 51 52 55 56 58 60 62 64 66 68 71 72 75 ]   sup=1
                            [1 3 5 7 9 11 14 16 17 20 21 23 25 27 29 31 34 36 39 40 42 44 47 48 50 52 55 56 58 60 62 64 66 68 70 72 74 ]   sup=1
                      [1 3 5 7 9 11 14 16 17 20 21 24 ]   sup=25
                        [1 3 5 7 9 11 14 16 17 20 21 24 25 ]   sup=19
                          [1 3 5 7 9 11 14 16 17 20 21 24 25 27 29 ]   sup=16
                            [1 3 5 7 9 11 14 16 17 20 21 24 25 27 29 32 34 36 ]   sup=8
                              [1 3 5 7 9 11 14 16 17 20 21 24 25 27 29 32 34 36 38 40 ]   sup=6
                                [1 3 5 7 9 11 14 16 17 20 21 24 25 27 29 32 34 36 38 40 42 44 47 48 ]   sup=4
                                  [1 3 5 7 9 11 14 16 17 20 21 24 25 27 29 32 34 36 38 40 42 44 47 48 51 52 54 56 58 60 62 64 66 68 70 ]   sup=2
                                    [1 3 5 7 9 11 14 16 17 20 21 24 25 27 29 32 34 36 38 40 42 44 47 48 51 52 54 56 58 60 62 64 66 68 70 73 74 ]   sup=1
                                    [1 3 5 7 9 11 14 16 17 20 21 24 25 27 29 32 34 36 38 40 42 44 47 48 51 52 54 56 58 60 62 64 66 68 70 72 74 ]   sup=1
                                  [1 3 5 7 9 11 14 16 17 20 21 24 25 27 29 32 34 36 38 40 42 44 47 48 50 52 54 56 58 60 62 64 66 68 70 ]   sup=2
                                    [1 3 5 7 9 11 14 16 17 20 21 24 25 27 29 32 34 36 38 40 42 44 47 48 50 52 54 56 58 60 62 64 66 68 70 72 74 ]   sup=1
                                    [1 3 5 7 9 11 14 16 17 20 21 24 25 27 29 32 34 36 38 40 42 44 47 48 50 52 54 56 58 60 62 64 66 68 70 73 74 ]   sup=1
                                [1 3 5 7 9 11 14 16 17 20 21 24 25 27 29 32 34 36 38 40 43 44 47 48 50 52 54 56 58 60 62 ]   sup=2
                                  [1 3 5 7 9 11 14 16 17 20 21 24 25 27 29 32 34 36 38 40 43 44 47 48 50 52 54 56 58 60 62 64 66 68 70 73 74 ]   sup=1
                                  [1 3 5 7 9 11 14 16 17 20 21 24 25 27 29 32 34 36 38 40 43 44 47 48 50 52 54 56 58 60 62 65 66 68 71 72 74 ]   sup=1
                              [1 3 5 7 9 11 14 16 17 20 21 24 25 27 29 32 34 36 39 40 ]   sup=2
                                [1 3 5 7 9 11 14 16 17 20 21 24 25 27 29 32 34 36 39 40 42 44 47 48 50 52 54 56 58 60 62 64 66 68 70 72 74 ]   sup=1
                                [1 3 5 7 9 11 14 16 17 20 21 24 25 27 29 32 34 36 39 40 43 44 47 48 51 52 54 56 58 60 62 65 66 68 71 72 74 ]   sup=1
                            [1 3 5 7 9 11 14 16 17 20 21 24 25 27 29 31 34 36 ]   sup=8
                              [1 3 5 7 9 11 14 16 17 20 21 24 25 27 29 31 34 36 38 40 ]   sup=6
                                [1 3 5 7 9 11 14 16 17 20 21 24 25 27 29 31 34 36 38 40 42 44 47 48 ]   sup=3
                                  [1 3 5 7 9 11 14 16 17 20 21 24 25 27 29 31 34 36 38 40 42 44 47 48 51 52 54 56 58 60 62 64 66 68 70 72 74 ]   sup=1
                                  [1 3 5 7 9 11 14 16 17 20 21 24 25 27 29 31 34 36 38 40 42 44 47 48 50 52 54 56 58 60 62 64 66 68 70 ]   sup=2
                                    [1 3 5 7 9 11 14 16 17 20 21 24 25 27 29 31 34 36 38 40 42 44 47 48 50 52 54 56 58 60 62 64 66 68 70 72 74 ]   sup=1
                                    [1 3 5 7 9 11 14 16 17 20 21 24 25 27 29 31 34 36 38 40 42 44 47 48 50 52 54 56 58 60 62 64 66 68 70 73 74 ]   sup=1
                                [1 3 5 7 9 11 14 16 17 20 21 24 25 27 29 31 34 36 38 40 43 44 47 48 50 52 54 56 58 60 62 ]   sup=3
                                  [1 3 5 7 9 11 14 16 17 20 21 24 25 27 29 31 34 36 38 40 43 44 47 48 50 52 54 56 58 60 62 65 66 68 70 ]   sup=2
                                    [1 3 5 7 9 11 14 16 17 20 21 24 25 27 29 31 34 36 38 40 43 44 47 48 50 52 54 56 58 60 62 65 66 68 70 73 74 ]   sup=1
                                    [1 3 5 7 9 11 14 16 17 20 21 24 25 27 29 31 34 36 38 40 43 44 47 48 50 52 54 56 58 60 62 65 66 68 70 72 74 ]   sup=1
                                  [1 3 5 7 9 11 14 16 17 20 21 24 25 27 29 31 34 36 38 40 43 44 47 48 50 52 54 56 58 60 62 64 66 68 70 73 74 ]   sup=1
                              [1 3 5 7 9 11 14 16 17 20 21 24 25 27 29 31 34 36 39 40 43 44 47 48 50 52 54 56 58 60 62 ]   sup=2
                                [1 3 5 7 9 11 14 16 17 20 21 24 25 27 29 31 34 36 39 40 43 44 47 48 50 52 54 56 58 60 62 65 66 68 71 72 74 ]   sup=1
                                [1 3 5 7 9 11 14 16 17 20 21 24 25 27 29 31 34 36 39 40 43 44 47 48 50 52 54 56 58 60 62 64 66 68 71 72 74 ]   sup=1
                          [1 3 5 7 9 11 14 16 17 20 21 24 25 28 29 31 34 36 38 40 42 44 47 48 ]   sup=3
                            [1 3 5 7 9 11 14 16 17 20 21 24 25 28 29 31 34 36 38 40 42 44 47 48 51 52 54 56 58 60 62 64 66 68 70 72 74 ]   sup=1
                            [1 3 5 7 9 11 14 16 17 20 21 24 25 28 29 31 34 36 38 40 42 44 47 48 50 52 54 56 58 60 62 64 66 68 70 ]   sup=2
                              [1 3 5 7 9 11 14 16 17 20 21 24 25 28 29 31 34 36 38 40 42 44 47 48 50 52 54 56 58 60 62 64 66 68 70 73 74 ]   sup=1
                              [1 3 5 7 9 11 14 16 17 20 21 24 25 28 29 31 34 36 38 40 42 44 47 48 50 52 54 56 58 60 62 64 66 68 70 72 74 ]   sup=1
                        [1 3 5 7 9 11 14 16 17 20 21 24 26 ]   sup=6
                          [1 3 5 7 9 11 14 16 17 20 21 24 26 28 29 31 34 36 38 40 42 44 47 49 50 52 54 56 58 60 62 64 66 68 70 73 74 ]   sup=1
                          [1 3 5 7 9 11 14 16 17 20 21 24 26 27 29 ]   sup=5
                            [1 3 5 7 9 11 14 16 17 20 21 24 26 27 29 31 34 36 38 40 43 44 47 49 50 52 54 56 58 60 62 64 66 68 70 73 74 ]   sup=1
                            [1 3 5 7 9 11 14 16 17 20 21 24 26 27 29 32 34 ]   sup=4
                              [1 3 5 7 9 11 14 16 17 20 21 24 26 27 29 32 34 37 38 40 42 44 47 48 ]   sup=2
                                [1 3 5 7 9 11 14 16 17 20 21 24 26 27 29 32 34 37 38 40 42 44 47 48 51 52 54 56 58 60 62 64 66 68 70 72 74 ]   sup=1
                                [1 3 5 7 9 11 14 16 17 20 21 24 26 27 29 32 34 37 38 40 42 44 47 48 50 52 54 56 58 60 62 64 66 68 70 72 74 ]   sup=1
                              [1 3 5 7 9 11 14 16 17 20 21 24 26 27 29 32 34 36 ]   sup=2
                                [1 3 5 7 9 11 14 16 17 20 21 24 26 27 29 32 34 36 38 40 42 44 47 48 50 52 54 56 58 60 62 64 66 68 70 73 74 ]   sup=1
                                [1 3 5 7 9 11 14 16 17 20 21 24 26 27 29 32 34 36 39 40 42 44 47 48 50 52 54 56 58 60 62 64 66 68 70 72 74 ]   sup=1
                  [1 3 5 7 9 11 14 16 18 20 21 ]   sup=36
                    [1 3 5 7 9 11 14 16 18 20 21 23 25 ]   sup=8
                      [1 3 5 7 9 11 14 16 18 20 21 23 25 28 29 31 34 36 38 40 42 44 ]   sup=4
                        [1 3 5 7 9 11 14 16 18 20 21 23 25 28 29 31 34 36 38 40 42 44 47 48 50 52 54 56 58 60 62 64 66 68 70 72 74 ]   sup=1
                        [1 3 5 7 9 11 14 16 18 20 21 23 25 28 29 31 34 36 38 40 42 44 46 48 ]   sup=3
                          [1 3 5 7 9 11 14 16 18 20 21 23 25 28 29 31 34 36 38 40 42 44 46 48 50 52 54 56 58 60 62 64 66 68 70 72 ]   sup=2
                            [1 3 5 7 9 11 14 16 18 20 21 23 25 28 29 31 34 36 38 40 42 44 46 48 50 52 54 56 58 60 62 64 66 68 70 72 74 ]   sup=1
                            [1 3 5 7 9 11 14 16 18 20 21 23 25 28 29 31 34 36 38 40 42 44 46 48 50 52 54 56 58 60 62 64 66 68 70 72 75 ]   sup=1
                          [1 3 5 7 9 11 14 16 18 20 21 23 25 28 29 31 34 36 38 40 42 44 46 48 51 52 54 56 58 60 62 64 66 68 70 72 75 ]   sup=1
                      [1 3 5 7 9 11 14 16 18 20 21 23 25 27 29 31 34 36 ]   sup=4
                        [1 3 5 7 9 11 14 16 18 20 21 23 25 27 29 31 34 36 39 40 42 44 46 48 51 52 54 56 58 60 62 64 66 68 71 72 75 ]   sup=1
                        [1 3 5 7 9 11 14 16 18 20 21 23 25 27 29 31 34 36 38 40 42 44 ]   sup=3
                          [1 3 5 7 9 11 14 16 18 20 21 23 25 27 29 31 34 36 38 40 42 44 47 48 50 52 54 56 58 60 62 64 66 68 70 72 74 ]   sup=1
                          [1 3 5 7 9 11 14 16 18 20 21 23 25 27 29 31 34 36 38 40 42 44 46 48 50 52 54 56 58 60 62 64 66 68 71 72 ]   sup=2
                            [1 3 5 7 9 11 14 16 18 20 21 23 25 27 29 31 34 36 38 40 42 44 46 48 50 52 54 56 58 60 62 64 66 68 71 72 74 ]   sup=1
                            [1 3 5 7 9 11 14 16 18 20 21 23 25 27 29 31 34 36 38 40 42 44 46 48 50 52 54 56 58 60 62 64 66 68 71 72 75 ]   sup=1
                    [1 3 5 7 9 11 14 16 18 20 21 24 25 ]   sup=28
                      [1 3 5 7 9 11 14 16 18 20 21 24 25 27 29 ]   sup=22
                        [1 3 5 7 9 11 14 16 18 20 21 24 25 27 29 32 34 36 ]   sup=15
                          [1 3 5 7 9 11 14 16 18 20 21 24 25 27 29 32 34 36 39 40 ]   sup=5
                            [1 3 5 7 9 11 14 16 18 20 21 24 25 27 29 32 34 36 39 40 42 44 46 48 51 52 54 56 58 60 62 64 66 68 ]   sup=3
                              [1 3 5 7 9 11 14 16 18 20 21 24 25 27 29 32 34 36 39 40 42 44 46 48 51 52 54 56 58 60 62 64 66 68 70 73 74 ]   sup=1
                              [1 3 5 7 9 11 14 16 18 20 21 24 25 27 29 32 34 36 39 40 42 44 46 48 51 52 54 56 58 60 62 64 66 68 71 ]   sup=2
                                [1 3 5 7 9 11 14 16 18 20 21 24 25 27 29 32 34 36 39 40 42 44 46 48 51 52 54 56 58 60 62 64 66 68 71 72 74 ]   sup=1
                                [1 3 5 7 9 11 14 16 18 20 21 24 25 27 29 32 34 36 39 40 42 44 46 48 51 52 54 56 58 60 62 64 66 68 71 73 74 ]   sup=1
                            [1 3 5 7 9 11 14 16 18 20 21 24 25 27 29 32 34 36 39 40 43 44 46 48 51 52 54 56 58 60 62 64 66 68 71 ]   sup=2
                              [1 3 5 7 9 11 14 16 18 20 21 24 25 27 29 32 34 36 39 40 43 44 46 48 51 52 54 56 58 60 62 64 66 68 71 72 74 ]   sup=1
                              [1 3 5 7 9 11 14 16 18 20 21 24 25 27 29 32 34 36 39 40 43 44 46 48 51 52 54 56 58 60 62 64 66 68 71 73 74 ]   sup=1
                          [1 3 5 7 9 11 14 16 18 20 21 24 25 27 29 32 34 36 38 40 ]   sup=10
                            [1 3 5 7 9 11 14 16 18 20 21 24 25 27 29 32 34 36 38 40 42 44 ]   sup=5
                              [1 3 5 7 9 11 14 16 18 20 21 24 25 27 29 32 34 36 38 40 42 44 46 48 50 52 54 56 58 60 62 64 66 68 ]   sup=3
                                [1 3 5 7 9 11 14 16 18 20 21 24 25 27 29 32 34 36 38 40 42 44 46 48 50 52 54 56 58 60 62 64 66 68 71 ]   sup=2
                                  [1 3 5 7 9 11 14 16 18 20 21 24 25 27 29 32 34 36 38 40 42 44 46 48 50 52 54 56 58 60 62 64 66 68 71 73 74 ]   sup=1
                                  [1 3 5 7 9 11 14 16 18 20 21 24 25 27 29 32 34 36 38 40 42 44 46 48 50 52 54 56 58 60 62 64 66 68 71 72 74 ]   sup=1
                                [1 3 5 7 9 11 14 16 18 20 21 24 25 27 29 32 34 36 38 40 42 44 46 48 50 52 54 56 58 60 62 64 66 68 70 73 74 ]   sup=1
                              [1 3 5 7 9 11 14 16 18 20 21 24 25 27 29 32 34 36 38 40 42 44 47 48 50 52 54 56 58 60 62 64 66 68 70 ]   sup=2
                                [1 3 5 7 9 11 14 16 18 20 21 24 25 27 29 32 34 36 38 40 42 44 47 48 50 52 54 56 58 60 62 64 66 68 70 72 74 ]   sup=1
                                [1 3 5 7 9 11 14 16 18 20 21 24 25 27 29 32 34 36 38 40 42 44 47 48 50 52 54 56 58 60 62 64 66 68 70 73 74 ]   sup=1
                            [1 3 5 7 9 11 14 16 18 20 21 24 25 27 29 32 34 36 38 40 43 44 ]   sup=5
                              [1 3 5 7 9 11 14 16 18 20 21 24 25 27 29 32 34 36 38 40 43 44 47 48 50 52 54 56 58 60 62 ]   sup=3
                                [1 3 5 7 9 11 14 16 18 20 21 24 25 27 29 32 34 36 38 40 43 44 47 48 50 52 54 56 58 60 62 65 66 68 70 73 74 ]   sup=1
                                [1 3 5 7 9 11 14 16 18 20 21 24 25 27 29 32 34 36 38 40 43 44 47 48 50 52 54 56 58 60 62 64 66 68 70 ]   sup=2
                                  [1 3 5 7 9 11 14 16 18 20 21 24 25 27 29 32 34 36 38 40 43 44 47 48 50 52 54 56 58 60 62 64 66 68 70 72 74 ]   sup=1
                                  [1 3 5 7 9 11 14 16 18 20 21 24 25 27 29 32 34 36 38 40 43 44 47 48 50 52 54 56 58 60 62 64 66 68 70 73 74 ]   sup=1
                              [1 3 5 7 9 11 14 16 18 20 21 24 25 27 29 32 34 36 38 40 43 44 46 48 50 52 54 56 58 60 62 64 66 68 71 ]   sup=2
                                [1 3 5 7 9 11 14 16 18 20 21 24 25 27 29 32 34 36 38 40 43 44 46 48 50 52 54 56 58 60 62 64 66 68 71 72 74 ]   sup=1
                                [1 3 5 7 9 11 14 16 18 20 21 24 25 27 29 32 34 36 38 40 43 44 46 48 50 52 54 56 58 60 62 64 66 68 71 73 74 ]   sup=1
                        [1 3 5 7 9 11 14 16 18 20 21 24 25 27 29 31 34 36 ]   sup=7
                          [1 3 5 7 9 11 14 16 18 20 21 24 25 27 29 31 34 36 38 40 ]   sup=5
                            [1 3 5 7 9 11 14 16 18 20 21 24 25 27 29 31 34 36 38 40 42 44 ]   sup=4
                              [1 3 5 7 9 11 14 16 18 20 21 24 25 27 29 31 34 36 38 40 42 44 47 48 50 52 54 56 58 60 62 64 66 68 70 ]   sup=2
                                [1 3 5 7 9 11 14 16 18 20 21 24 25 27 29 31 34 36 38 40 42 44 47 48 50 52 54 56 58 60 62 64 66 68 70 73 74 ]   sup=1
                                [1 3 5 7 9 11 14 16 18 20 21 24 25 27 29 31 34 36 38 40 42 44 47 48 50 52 54 56 58 60 62 64 66 68 70 72 74 ]   sup=1
                              [1 3 5 7 9 11 14 16 18 20 21 24 25 27 29 31 34 36 38 40 42 44 46 48 50 52 54 56 58 60 62 64 66 68 71 ]   sup=2
                                [1 3 5 7 9 11 14 16 18 20 21 24 25 27 29 31 34 36 38 40 42 44 46 48 50 52 54 56 58 60 62 64 66 68 71 72 74 ]   sup=1
                                [1 3 5 7 9 11 14 16 18 20 21 24 25 27 29 31 34 36 38 40 42 44 46 48 50 52 54 56 58 60 62 64 66 68 71 73 74 ]   sup=1
                            [1 3 5 7 9 11 14 16 18 20 21 24 25 27 29 31 34 36 38 40 43 44 47 48 50 52 54 56 58 60 62 64 66 68 70 73 74 ]   sup=1
                          [1 3 5 7 9 11 14 16 18 20 21 24 25 27 29 31 34 36 39 40 42 44 46 48 51 52 54 56 58 60 62 64 66 68 71 ]   sup=2
                            [1 3 5 7 9 11 14 16 18 20 21 24 25 27 29 31 34 36 39 40 42 44 46 48 51 52 54 56 58 60 62 64 66 68 71 73 74 ]   sup=1
                            [1 3 5 7 9 11 14 16 18 20 21 24 25 27 29 31 34 36 39 40 42 44 46 48 51 52 54 56 58 60 62 64 66 68 71 72 74 ]   sup=1
                      [1 3 5 7 9 11 14 16 18 20 21 24 25 28 29 31 34 36 38 40 42 44 ]   sup=6
                        [1 3 5 7 9 11 14 16 18 20 21 24 25 28 29 31 34 36 38 40 42 44 46 48 ]   sup=4
                          [1 3 5 7 9 11 14 16 18 20 21 24 25 28 29 31 34 36 38 40 42 44 46 48 50 52 54 56 58 60 62 64 66 68 70 ]   sup=2
                            [1 3 5 7 9 11 14 16 18 20 21 24 25 28 29 31 34 36 38 40 42 44 46 48 50 52 54 56 58 60 62 64 66 68 70 72 74 ]   sup=1
                            [1 3 5 7 9 11 14 16 18 20 21 24 25 28 29 31 34 36 38 40 42 44 46 48 50 52 54 56 58 60 62 64 66 68 70 73 74 ]   sup=1
                          [1 3 5 7 9 11 14 16 18 20 21 24 25 28 29 31 34 36 38 40 42 44 46 48 51 52 54 56 58 60 62 64 66 68 70 ]   sup=2
                            [1 3 5 7 9 11 14 16 18 20 21 24 25 28 29 31 34 36 38 40 42 44 46 48 51 52 54 56 58 60 62 64 66 68 70 73 74 ]   sup=1
                            [1 3 5 7 9 11 14 16 18 20 21 24 25 28 29 31 34 36 38 40 42 44 46 48 51 52 54 56 58 60 62 64 66 68 70 72 74 ]   sup=1
                        [1 3 5 7 9 11 14 16 18 20 21 24 25 28 29 31 34 36 38 40 42 44 47 48 50 52 54 56 58 60 62 64 66 68 70 ]   sup=2
                          [1 3 5 7 9 11 14 16 18 20 21 24 25 28 29 31 34 36 38 40 42 44 47 48 50 52 54 56 58 60 62 64 66 68 70 72 74 ]   sup=1
                          [1 3 5 7 9 11 14 16 18 20 21 24 25 28 29 31 34 36 38 40 42 44 47 48 50 52 54 56 58 60 62 64 66 68 70 73 74 ]   sup=1
                [1 3 5 7 9 11 14 15 17 ]   sup=307
                  [1 3 5 7 9 11 14 15 17 20 21 ]   sup=73
                    [1 3 5 7 9 11 14 15 17 20 21 24 25 ]   sup=32
                      [1 3 5 7 9 11 14 15 17 20 21 24 25 28 29 31 34 ]   sup=5
                        [1 3 5 7 9 11 14 15 17 20 21 24 25 28 29 31 34 37 38 40 42 44 47 49 50 52 54 56 58 60 62 64 66 68 70 72 74 ]   sup=1
                        [1 3 5 7 9 11 14 15 17 20 21 24 25 28 29 31 34 36 38 40 42 44 47 ]   sup=4
                          [1 3 5 7 9 11 14 15 17 20 21 24 25 28 29 31 34 36 38 40 42 44 47 49 50 52 54 56 58 60 62 64 66 68 70 72 74 ]   sup=1
                          [1 3 5 7 9 11 14 15 17 20 21 24 25 28 29 31 34 36 38 40 42 44 47 48 ]   sup=3
                            [1 3 5 7 9 11 14 15 17 20 21 24 25 28 29 31 34 36 38 40 42 44 47 48 51 52 54 56 58 60 62 64 66 68 70 72 74 ]   sup=1
                            [1 3 5 7 9 11 14 15 17 20 21 24 25 28 29 31 34 36 38 40 42 44 47 48 50 52 54 56 58 60 62 64 66 68 70 ]   sup=2
                              [1 3 5 7 9 11 14 15 17 20 21 24 25 28 29 31 34 36 38 40 42 44 47 48 50 52 54 56 58 60 62 64 66 68 70 73 74 ]   sup=1
                              [1 3 5 7 9 11 14 15 17 20 21 24 25 28 29 31 34 36 38 40 42 44 47 48 50 52 54 56 58 60 62 64 66 68 70 72 74 ]   sup=1
                      [1 3 5 7 9 11 14 15 17 20 21 24 25 27 29 ]   sup=27
                        [1 3 5 7 9 11 14 15 17 20 21 24 25 27 29 31 34 36 ]   sup=14
                          [1 3 5 7 9 11 14 15 17 20 21 24 25 27 29 31 34 36 38 40 ]   sup=10
                            [1 3 5 7 9 11 14 15 17 20 21 24 25 27 29 31 34 36 38 40 42 ]   sup=5
                              [1 3 5 7 9 11 14 15 17 20 21 24 25 27 29 31 34 36 38 40 42 44 47 48 ]   sup=4
                                [1 3 5 7 9 11 14 15 17 20 21 24 25 27 29 31 34 36 38 40 42 44 47 48 51 52 54 56 58 60 62 65 66 68 70 72 74 ]   sup=1
                                [1 3 5 7 9 11 14 15 17 20 21 24 25 27 29 31 34 36 38 40 42 44 47 48 50 52 54 56 58 60 62 65 66 68 ]   sup=3
                                  [1 3 5 7 9 11 14 15 17 20 21 24 25 27 29 31 34 36 38 40 42 44 47 48 50 52 54 56 58 60 62 65 66 68 71 72 74 ]   sup=1
                                  [1 3 5 7 9 11 14 15 17 20 21 24 25 27 29 31 34 36 38 40 42 44 47 48 50 52 54 56 58 60 62 65 66 68 70 ]   sup=2
                                    [1 3 5 7 9 11 14 15 17 20 21 24 25 27 29 31 34 36 38 40 42 44 47 48 50 52 54 56 58 60 62 65 66 68 70 72 74 ]   sup=1
                                    [1 3 5 7 9 11 14 15 17 20 21 24 25 27 29 31 34 36 38 40 42 44 47 48 50 52 54 56 58 60 62 65 66 68 70 73 74 ]   sup=1
                              [1 3 5 7 9 11 14 15 17 20 21 24 25 27 29 31 34 36 38 40 42 45 47 48 50 52 54 56 58 60 62 65 66 69 70 73 74 ]   sup=1
                            [1 3 5 7 9 11 14 15 17 20 21 24 25 27 29 31 34 36 38 40 43 ]   sup=5
                              [1 3 5 7 9 11 14 15 17 20 21 24 25 27 29 31 34 36 38 40 43 44 47 48 ]   sup=3
                                [1 3 5 7 9 11 14 15 17 20 21 24 25 27 29 31 34 36 38 40 43 44 47 48 51 52 54 56 58 60 62 65 66 68 70 73 74 ]   sup=1
                                [1 3 5 7 9 11 14 15 17 20 21 24 25 27 29 31 34 36 38 40 43 44 47 48 50 52 54 56 58 60 62 65 66 68 70 ]   sup=2
                                  [1 3 5 7 9 11 14 15 17 20 21 24 25 27 29 31 34 36 38 40 43 44 47 48 50 52 54 56 58 60 62 65 66 68 70 73 74 ]   sup=1
                                  [1 3 5 7 9 11 14 15 17 20 21 24 25 27 29 31 34 36 38 40 43 44 47 48 50 52 54 56 58 60 62 65 66 68 70 72 74 ]   sup=1
                              [1 3 5 7 9 11 14 15 17 20 21 24 25 27 29 31 34 36 38 40 43 45 47 48 ]   sup=2
                                [1 3 5 7 9 11 14 15 17 20 21 24 25 27 29 31 34 36 38 40 43 45 47 48 51 52 54 56 58 60 62 65 66 69 70 73 74 ]   sup=1
                                [1 3 5 7 9 11 14 15 17 20 21 24 25 27 29 31 34 36 38 40 43 45 47 48 50 52 54 56 58 60 62 65 66 69 70 73 74 ]   sup=1
                          [1 3 5 7 9 11 14 15 17 20 21 24 25 27 29 31 34 36 39 ]   sup=4
                            [1 3 5 7 9 11 14 15 17 20 21 24 25 27 29 31 34 36 39 41 42 44 47 48 51 52 54 56 58 60 62 65 66 68 71 72 74 ]   sup=1
                            [1 3 5 7 9 11 14 15 17 20 21 24 25 27 29 31 34 36 39 40 ]   sup=3
                              [1 3 5 7 9 11 14 15 17 20 21 24 25 27 29 31 34 36 39 40 42 44 47 48 51 52 54 56 58 60 62 65 66 68 71 72 74 ]   sup=1
                              [1 3 5 7 9 11 14 15 17 20 21 24 25 27 29 31 34 36 39 40 43 ]   sup=2
                                [1 3 5 7 9 11 14 15 17 20 21 24 25 27 29 31 34 36 39 40 43 45 47 48 50 52 54 56 58 60 62 65 66 69 70 73 74 ]   sup=1
                                [1 3 5 7 9 11 14 15 17 20 21 24 25 27 29 31 34 36 39 40 43 44 47 48 50 52 54 56 58 60 62 65 66 68 71 72 74 ]   sup=1
                        [1 3 5 7 9 11 14 15 17 20 21 24 25 27 29 32 34 36 ]   sup=13
                          [1 3 5 7 9 11 14 15 17 20 21 24 25 27 29 32 34 36 38 40 ]   sup=9
                            [1 3 5 7 9 11 14 15 17 20 21 24 25 27 29 32 34 36 38 40 42 45 47 48 ]   sup=3
                              [1 3 5 7 9 11 14 15 17 20 21 24 25 27 29 32 34 36 38 40 42 45 47 48 50 52 54 56 58 60 62 65 66 68 70 ]   sup=2
                                [1 3 5 7 9 11 14 15 17 20 21 24 25 27 29 32 34 36 38 40 42 45 47 48 50 52 54 56 58 60 62 65 66 68 70 73 74 ]   sup=1
                                [1 3 5 7 9 11 14 15 17 20 21 24 25 27 29 32 34 36 38 40 42 45 47 48 50 52 54 56 58 60 62 65 66 68 70 72 74 ]   sup=1
                              [1 3 5 7 9 11 14 15 17 20 21 24 25 27 29 32 34 36 38 40 42 45 47 48 51 52 54 56 58 60 62 65 66 68 70 72 74 ]   sup=1
                            [1 3 5 7 9 11 14 15 17 20 21 24 25 27 29 32 34 36 38 40 43 ]   sup=6
                              [1 3 5 7 9 11 14 15 17 20 21 24 25 27 29 32 34 36 38 40 43 45 47 48 ]   sup=3
                                [1 3 5 7 9 11 14 15 17 20 21 24 25 27 29 32 34 36 38 40 43 45 47 48 51 52 54 56 58 60 62 65 66 68 70 73 74 ]   sup=1
                                [1 3 5 7 9 11 14 15 17 20 21 24 25 27 29 32 34 36 38 40 43 45 47 48 50 52 54 56 58 60 62 65 66 68 70 ]   sup=2
                                  [1 3 5 7 9 11 14 15 17 20 21 24 25 27 29 32 34 36 38 40 43 45 47 48 50 52 54 56 58 60 62 65 66 68 70 72 74 ]   sup=1
                                  [1 3 5 7 9 11 14 15 17 20 21 24 25 27 29 32 34 36 38 40 43 45 47 48 50 52 54 56 58 60 62 65 66 68 70 73 74 ]   sup=1
                              [1 3 5 7 9 11 14 15 17 20 21 24 25 27 29 32 34 36 38 40 43 44 47 48 ]   sup=3
                                [1 3 5 7 9 11 14 15 17 20 21 24 25 27 29 32 34 36 38 40 43 44 47 48 51 52 54 56 58 60 62 65 66 68 70 72 74 ]   sup=1
                                [1 3 5 7 9 11 14 15 17 20 21 24 25 27 29 32 34 36 38 40 43 44 47 48 50 52 54 56 58 60 62 65 66 68 ]   sup=2
                                  [1 3 5 7 9 11 14 15 17 20 21 24 25 27 29 32 34 36 38 40 43 44 47 48 50 52 54 56 58 60 62 65 66 68 71 72 74 ]   sup=1
                                  [1 3 5 7 9 11 14 15 17 20 21 24 25 27 29 32 34 36 38 40 43 44 47 48 50 52 54 56 58 60 62 65 66 68 70 72 74 ]   sup=1
                          [1 3 5 7 9 11 14 15 17 20 21 24 25 27 29 32 34 36 39 ]   sup=4
                            [1 3 5 7 9 11 14 15 17 20 21 24 25 27 29 32 34 36 39 41 43 44 47 48 51 52 54 56 58 60 62 65 66 68 71 72 74 ]   sup=1
                            [1 3 5 7 9 11 14 15 17 20 21 24 25 27 29 32 34 36 39 40 43 ]   sup=3
                              [1 3 5 7 9 11 14 15 17 20 21 24 25 27 29 32 34 36 39 40 43 44 47 48 ]   sup=2
                                [1 3 5 7 9 11 14 15 17 20 21 24 25 27 29 32 34 36 39 40 43 44 47 48 51 52 54 56 58 60 62 65 66 68 71 72 74 ]   sup=1
                                [1 3 5 7 9 11 14 15 17 20 21 24 25 27 29 32 34 36 39 40 43 44 47 48 50 52 54 56 58 60 62 65 66 68 70 72 74 ]   sup=1
                              [1 3 5 7 9 11 14 15 17 20 21 24 25 27 29 32 34 36 39 40 43 45 47 48 50 52 54 56 58 60 62 65 66 68 70 73 74 ]   sup=1
                    [1 3 5 7 9 11 14 15 17 20 21 23 ]   sup=41
                      [1 3 5 7 9 11 14 15 17 20 21 23 26 ]   sup=11
                        [1 3 5 7 9 11 14 15 17 20 21 23 26 27 29 31 34 36 38 40 42 ]   sup=9
                          [1 3 5 7 9 11 14 15 17 20 21 23 26 27 29 31 34 36 38 40 42 44 47 48 ]   sup=4
                            [1 3 5 7 9 11 14 15 17 20 21 23 26 27 29 31 34 36 38 40 42 44 47 48 51 52 55 56 58 60 62 64 66 68 70 72 75 ]   sup=1
                            [1 3 5 7 9 11 14 15 17 20 21 23 26 27 29 31 34 36 38 40 42 44 47 48 50 52 ]   sup=3
                              [1 3 5 7 9 11 14 15 17 20 21 23 26 27 29 31 34 36 38 40 42 44 47 48 50 52 55 56 58 60 62 64 66 68 70 72 ]   sup=2
                                [1 3 5 7 9 11 14 15 17 20 21 23 26 27 29 31 34 36 38 40 42 44 47 48 50 52 55 56 58 60 62 64 66 68 70 72 75 ]   sup=1
                                [1 3 5 7 9 11 14 15 17 20 21 23 26 27 29 31 34 36 38 40 42 44 47 48 50 52 55 56 58 60 62 64 66 68 70 72 74 ]   sup=1
                              [1 3 5 7 9 11 14 15 17 20 21 23 26 27 29 31 34 36 38 40 42 44 47 48 50 52 54 56 58 60 62 64 66 68 70 72 74 ]   sup=1
                          [1 3 5 7 9 11 14 15 17 20 21 23 26 27 29 31 34 36 38 40 42 45 47 48 50 52 ]   sup=5
                            [1 3 5 7 9 11 14 15 17 20 21 23 26 27 29 31 34 36 38 40 42 45 47 48 50 52 55 56 58 60 62 64 66 ]   sup=3
                              [1 3 5 7 9 11 14 15 17 20 21 23 26 27 29 31 34 36 38 40 42 45 47 48 50 52 55 56 58 60 62 64 66 69 70 72 ]   sup=2
                                [1 3 5 7 9 11 14 15 17 20 21 23 26 27 29 31 34 36 38 40 42 45 47 48 50 52 55 56 58 60 62 64 66 69 70 72 75 ]   sup=1
                                [1 3 5 7 9 11 14 15 17 20 21 23 26 27 29 31 34 36 38 40 42 45 47 48 50 52 55 56 58 60 62 64 66 69 70 72 74 ]   sup=1
                              [1 3 5 7 9 11 14 15 17 20 21 23 26 27 29 31 34 36 38 40 42 45 47 48 50 52 55 56 58 60 62 64 66 68 70 72 74 ]   sup=1
                            [1 3 5 7 9 11 14 15 17 20 21 23 26 27 29 31 34 36 38 40 42 45 47 48 50 52 54 56 58 60 62 64 66 ]   sup=2
                              [1 3 5 7 9 11 14 15 17 20 21 23 26 27 29 31 34 36 38 40 42 45 47 48 50 52 54 56 58 60 62 64 66 68 70 72 74 ]   sup=1
                              [1 3 5 7 9 11 14 15 17 20 21 23 26 27 29 31 34 36 38 40 42 45 47 48 50 52 54 56 58 60 62 64 66 69 70 72 75 ]   sup=1
                        [1 3 5 7 9 11 14 15 17 20 21 23 26 28 29 31 34 36 38 40 42 44 47 48 50 52 ]   sup=2
                          [1 3 5 7 9 11 14 15 17 20 21 23 26 28 29 31 34 36 38 40 42 44 47 48 50 52 55 56 58 60 62 64 66 68 70 72 74 ]   sup=1
                          [1 3 5 7 9 11 14 15 17 20 21 23 26 28 29 31 34 36 38 40 42 44 47 48 50 52 54 56 58 60 62 64 66 68 70 72 74 ]   sup=1
                      [1 3 5 7 9 11 14 15 17 20 21 23 25 ]   sup=30
                        [1 3 5 7 9 11 14 15 17 20 21 23 25 28 29 31 34 36 38 40 42 44 47 ]   sup=8
                          [1 3 5 7 9 11 14 15 17 20 21 23 25 28 29 31 34 36 38 40 42 44 47 48 ]   sup=6
                            [1 3 5 7 9 11 14 15 17 20 21 23 25 28 29 31 34 36 38 40 42 44 47 48 51 52 ]   sup=3
                              [1 3 5 7 9 11 14 15 17 20 21 23 25 28 29 31 34 36 38 40 42 44 47 48 51 52 55 56 58 60 62 64 66 68 70 72 ]   sup=2
                                [1 3 5 7 9 11 14 15 17 20 21 23 25 28 29 31 34 36 38 40 42 44 47 48 51 52 55 56 58 60 62 64 66 68 70 72 74 ]   sup=1
                                [1 3 5 7 9 11 14 15 17 20 21 23 25 28 29 31 34 36 38 40 42 44 47 48 51 52 55 56 58 60 62 64 66 68 70 72 75 ]   sup=1
                              [1 3 5 7 9 11 14 15 17 20 21 23 25 28 29 31 34 36 38 40 42 44 47 48 51 52 54 56 58 60 62 64 66 68 70 72 74 ]   sup=1
                            [1 3 5 7 9 11 14 15 17 20 21 23 25 28 29 31 34 36 38 40 42 44 47 48 50 52 ]   sup=3
                              [1 3 5 7 9 11 14 15 17 20 21 23 25 28 29 31 34 36 38 40 42 44 47 48 50 52 54 56 58 60 62 64 66 68 70 72 74 ]   sup=1
                              [1 3 5 7 9 11 14 15 17 20 21 23 25 28 29 31 34 36 38 40 42 44 47 48 50 52 55 56 58 60 62 64 66 68 70 72 ]   sup=2
                                [1 3 5 7 9 11 14 15 17 20 21 23 25 28 29 31 34 36 38 40 42 44 47 48 50 52 55 56 58 60 62 64 66 68 70 72 74 ]   sup=1
                                [1 3 5 7 9 11 14 15 17 20 21 23 25 28 29 31 34 36 38 40 42 44 47 48 50 52 55 56 58 60 62 64 66 68 70 72 75 ]   sup=1
                          [1 3 5 7 9 11 14 15 17 20 21 23 25 28 29 31 34 36 38 40 42 44 47 49 50 52 ]   sup=2
                            [1 3 5 7 9 11 14 15 17 20 21 23 25 28 29 31 34 36 38 40 42 44 47 49 50 52 54 56 58 60 62 64 66 68 70 72 74 ]   sup=1
                            [1 3 5 7 9 11 14 15 17 20 21 23 25 28 29 31 34 36 38 40 42 44 47 49 50 52 55 56 58 60 62 64 66 68 70 72 74 ]   sup=1
                        [1 3 5 7 9 11 14 15 17 20 21 23 25 27 29 31 34 36 ]   sup=22
                          [1 3 5 7 9 11 14 15 17 20 21 23 25 27 29 31 34 36 38 40 42 ]   sup=15
                            [1 3 5 7 9 11 14 15 17 20 21 23 25 27 29 31 34 36 38 40 42 44 47 48 ]   sup=8
                              [1 3 5 7 9 11 14 15 17 20 21 23 25 27 29 31 34 36 38 40 42 44 47 48 50 52 ]   sup=5
                                [1 3 5 7 9 11 14 15 17 20 21 23 25 27 29 31 34 36 38 40 42 44 47 48 50 52 54 56 58 60 62 64 66 68 70 72 74 ]   sup=1
                                [1 3 5 7 9 11 14 15 17 20 21 23 25 27 29 31 34 36 38 40 42 44 47 48 50 52 55 56 58 60 62 64 66 68 ]   sup=4
                                  [1 3 5 7 9 11 14 15 17 20 21 23 25 27 29 31 34 36 38 40 42 44 47 48 50 52 55 56 58 60 62 64 66 68 70 72 ]   sup=2
                                    [1 3 5 7 9 11 14 15 17 20 21 23 25 27 29 31 34 36 38 40 42 44 47 48 50 52 55 56 58 60 62 64 66 68 70 72 75 ]   sup=1
                                    [1 3 5 7 9 11 14 15 17 20 21 23 25 27 29 31 34 36 38 40 42 44 47 48 50 52 55 56 58 60 62 64 66 68 70 72 74 ]   sup=1
                                  [1 3 5 7 9 11 14 15 17 20 21 23 25 27 29 31 34 36 38 40 42 44 47 48 50 52 55 56 58 60 62 64 66 68 71 72 ]   sup=2
                                    [1 3 5 7 9 11 14 15 17 20 21 23 25 27 29 31 34 36 38 40 42 44 47 48 50 52 55 56 58 60 62 64 66 68 71 72 74 ]   sup=1
                                    [1 3 5 7 9 11 14 15 17 20 21 23 25 27 29 31 34 36 38 40 42 44 47 48 50 52 55 56 58 60 62 64 66 68 71 72 75 ]   sup=1
                              [1 3 5 7 9 11 14 15 17 20 21 23 25 27 29 31 34 36 38 40 42 44 47 48 51 52 ]   sup=3
                                [1 3 5 7 9 11 14 15 17 20 21 23 25 27 29 31 34 36 38 40 42 44 47 48 51 52 54 56 58 60 62 64 66 68 70 72 74 ]   sup=1
                                [1 3 5 7 9 11 14 15 17 20 21 23 25 27 29 31 34 36 38 40 42 44 47 48 51 52 55 56 58 60 62 64 66 68 70 72 ]   sup=2
                                  [1 3 5 7 9 11 14 15 17 20 21 23 25 27 29 31 34 36 38 40 42 44 47 48 51 52 55 56 58 60 62 64 66 68 70 72 74 ]   sup=1
                                  [1 3 5 7 9 11 14 15 17 20 21 23 25 27 29 31 34 36 38 40 42 44 47 48 51 52 55 56 58 60 62 64 66 68 70 72 75 ]   sup=1
                            [1 3 5 7 9 11 14 15 17 20 21 23 25 27 29 31 34 36 38 40 42 45 47 48 ]   sup=7
                              [1 3 5 7 9 11 14 15 17 20 21 23 25 27 29 31 34 36 38 40 42 45 47 48 51 52 ]   sup=2
                                [1 3 5 7 9 11 14 15 17 20 21 23 25 27 29 31 34 36 38 40 42 45 47 48 51 52 55 56 58 60 62 64 66 69 70 72 75 ]   sup=1
                                [1 3 5 7 9 11 14 15 17 20 21 23 25 27 29 31 34 36 38 40 42 45 47 48 51 52 54 56 58 60 62 64 66 69 70 72 75 ]   sup=1
                              [1 3 5 7 9 11 14 15 17 20 21 23 25 27 29 31 34 36 38 40 42 45 47 48 50 52 ]   sup=5
                                [1 3 5 7 9 11 14 15 17 20 21 23 25 27 29 31 34 36 38 40 42 45 47 48 50 52 55 56 58 60 62 64 66 ]   sup=3
                                  [1 3 5 7 9 11 14 15 17 20 21 23 25 27 29 31 34 36 38 40 42 45 47 48 50 52 55 56 58 60 62 64 66 68 70 72 74 ]   sup=1
                                  [1 3 5 7 9 11 14 15 17 20 21 23 25 27 29 31 34 36 38 40 42 45 47 48 50 52 55 56 58 60 62 64 66 69 70 72 ]   sup=2
                                    [1 3 5 7 9 11 14 15 17 20 21 23 25 27 29 31 34 36 38 40 42 45 47 48 50 52 55 56 58 60 62 64 66 69 70 72 74 ]   sup=1
                                    [1 3 5 7 9 11 14 15 17 20 21 23 25 27 29 31 34 36 38 40 42 45 47 48 50 52 55 56 58 60 62 64 66 69 70 72 75 ]   sup=1
                                [1 3 5 7 9 11 14 15 17 20 21 23 25 27 29 31 34 36 38 40 42 45 47 48 50 52 54 56 58 60 62 64 66 ]   sup=2
                                  [1 3 5 7 9 11 14 15 17 20 21 23 25 27 29 31 34 36 38 40 42 45 47 48 50 52 54 56 58 60 62 64 66 69 70 72 75 ]   sup=1
                                  [1 3 5 7 9 11 14 15 17 20 21 23 25 27 29 31 34 36 38 40 42 45 47 48 50 52 54 56 58 60 62 64 66 68 70 72 74 ]   sup=1
                          [1 3 5 7 9 11 14 15 17 20 21 23 25 27 29 31 34 36 39 40 42 ]   sup=7
                            [1 3 5 7 9 11 14 15 17 20 21 23 25 27 29 31 34 36 39 40 42 45 47 48 50 52 ]   sup=4
                              [1 3 5 7 9 11 14 15 17 20 21 23 25 27 29 31 34 36 39 40 42 45 47 48 50 52 54 56 58 60 62 64 66 69 70 72 75 ]   sup=1
                              [1 3 5 7 9 11 14 15 17 20 21 23 25 27 29 31 34 36 39 40 42 45 47 48 50 52 55 56 58 60 62 64 66 ]   sup=3
                                [1 3 5 7 9 11 14 15 17 20 21 23 25 27 29 31 34 36 39 40 42 45 47 48 50 52 55 56 58 60 62 64 66 69 70 72 ]   sup=2
                                  [1 3 5 7 9 11 14 15 17 20 21 23 25 27 29 31 34 36 39 40 42 45 47 48 50 52 55 56 58 60 62 64 66 69 70 72 75 ]   sup=1
                                  [1 3 5 7 9 11 14 15 17 20 21 23 25 27 29 31 34 36 39 40 42 45 47 48 50 52 55 56 58 60 62 64 66 69 70 72 74 ]   sup=1
                                [1 3 5 7 9 11 14 15 17 20 21 23 25 27 29 31 34 36 39 40 42 45 47 48 50 52 55 56 58 60 62 64 66 68 70 72 75 ]   sup=1
                            [1 3 5 7 9 11 14 15 17 20 21 23 25 27 29 31 34 36 39 40 42 44 47 48 ]   sup=3
                              [1 3 5 7 9 11 14 15 17 20 21 23 25 27 29 31 34 36 39 40 42 44 47 48 51 52 55 56 58 60 62 64 66 68 71 72 ]   sup=2
                                [1 3 5 7 9 11 14 15 17 20 21 23 25 27 29 31 34 36 39 40 42 44 47 48 51 52 55 56 58 60 62 64 66 68 71 72 75 ]   sup=1
                                [1 3 5 7 9 11 14 15 17 20 21 23 25 27 29 31 34 36 39 40 42 44 47 48 51 52 55 56 58 60 62 64 66 68 71 72 74 ]   sup=1
                              [1 3 5 7 9 11 14 15 17 20 21 23 25 27 29 31 34 36 39 40 42 44 47 48 50 52 55 56 58 60 62 64 66 68 70 72 74 ]   sup=1
                  [1 3 5 7 9 11 14 15 17 19 ]   sup=234
                    [1 3 5 7 9 11 14 15 17 19 21 ]   sup=185
                      [1 3 5 7 9 11 14 15 17 19 21 23 ]   sup=125
                        [1 3 5 7 9 11 14 15 17 19 21 23 25 ]   sup=95
                          [1 3 5 7 9 11 14 15 17 19 21 23 25 28 29 31 34 36 ]   sup=28
                            [1 3 5 7 9 11 14 15 17 19 21 23 25 28 29 31 34 36 39 40 42 44 46 48 51 52 54 56 58 60 62 64 66 68 71 72 75 ]   sup=1
                            [1 3 5 7 9 11 14 15 17 19 21 23 25 28 29 31 34 36 38 40 42 ]   sup=27
                              [1 3 5 7 9 11 14 15 17 19 21 23 25 28 29 31 34 36 38 40 42 45 46 48 ]   sup=8
                                [1 3 5 7 9 11 14 15 17 19 21 23 25 28 29 31 34 36 38 40 42 45 46 48 51 52 ]   sup=4
                                  [1 3 5 7 9 11 14 15 17 19 21 23 25 28 29 31 34 36 38 40 42 45 46 48 51 52 54 56 58 60 62 64 66 ]   sup=2
                                    [1 3 5 7 9 11 14 15 17 19 21 23 25 28 29 31 34 36 38 40 42 45 46 48 51 52 54 56 58 60 62 64 66 69 70 72 74 ]   sup=1
                                    [1 3 5 7 9 11 14 15 17 19 21 23 25 28 29 31 34 36 38 40 42 45 46 48 51 52 54 56 58 60 62 64 66 68 70 72 74 ]   sup=1
                                  [1 3 5 7 9 11 14 15 17 19 21 23 25 28 29 31 34 36 38 40 42 45 46 48 51 52 55 56 58 60 62 64 66 ]   sup=2
                                    [1 3 5 7 9 11 14 15 17 19 21 23 25 28 29 31 34 36 38 40 42 45 46 48 51 52 55 56 58 60 62 64 66 68 70 72 74 ]   sup=1
                                    [1 3 5 7 9 11 14 15 17 19 21 23 25 28 29 31 34 36 38 40 42 45 46 48 51 52 55 56 58 60 62 64 66 69 70 72 74 ]   sup=1
                                [1 3 5 7 9 11 14 15 17 19 21 23 25 28 29 31 34 36 38 40 42 45 46 48 50 52 ]   sup=4
                                  [1 3 5 7 9 11 14 15 17 19 21 23 25 28 29 31 34 36 38 40 42 45 46 48 50 52 55 56 58 60 62 64 66 ]   sup=2
                                    [1 3 5 7 9 11 14 15 17 19 21 23 25 28 29 31 34 36 38 40 42 45 46 48 50 52 55 56 58 60 62 64 66 69 70 72 74 ]   sup=1
                                    [1 3 5 7 9 11 14 15 17 19 21 23 25 28 29 31 34 36 38 40 42 45 46 48 50 52 55 56 58 60 62 64 66 68 70 72 74 ]   sup=1
                                  [1 3 5 7 9 11 14 15 17 19 21 23 25 28 29 31 34 36 38 40 42 45 46 48 50 52 54 56 58 60 62 64 66 ]   sup=2
                                    [1 3 5 7 9 11 14 15 17 19 21 23 25 28 29 31 34 36 38 40 42 45 46 48 50 52 54 56 58 60 62 64 66 69 70 72 74 ]   sup=1
                                    [1 3 5 7 9 11 14 15 17 19 21 23 25 28 29 31 34 36 38 40 42 45 46 48 50 52 54 56 58 60 62 64 66 68 70 72 74 ]   sup=1
                              [1 3 5 7 9 11 14 15 17 19 21 23 25 28 29 31 34 36 38 40 42 44 46 ]   sup=19
                                [1 3 5 7 9 11 14 15 17 19 21 23 25 28 29 31 34 36 38 40 42 44 46 48 ]   sup=15
                                  [1 3 5 7 9 11 14 15 17 19 21 23 25 28 29 31 34 36 38 40 42 44 46 48 50 52 ]   sup=8
                                    [1 3 5 7 9 11 14 15 17 19 21 23 25 28 29 31 34 36 38 40 42 44 46 48 50 52 54 56 58 60 62 64 66 ]   sup=5
                                      [1 3 5 7 9 11 14 15 17 19 21 23 25 28 29 31 34 36 38 40 42 44 46 48 50 52 54 56 58 60 62 64 66 69 71 72 74 ]   sup=1
                                      [1 3 5 7 9 11 14 15 17 19 21 23 25 28 29 31 34 36 38 40 42 44 46 48 50 52 54 56 58 60 62 64 66 68 ]   sup=4
                                        [1 3 5 7 9 11 14 15 17 19 21 23 25 28 29 31 34 36 38 40 42 44 46 48 50 52 54 56 58 60 62 64 66 68 70 72 ]   sup=2
                                          [1 3 5 7 9 11 14 15 17 19 21 23 25 28 29 31 34 36 38 40 42 44 46 48 50 52 54 56 58 60 62 64 66 68 70 72 74 ]   sup=1
                                          [1 3 5 7 9 11 14 15 17 19 21 23 25 28 29 31 34 36 38 40 42 44 46 48 50 52 54 56 58 60 62 64 66 68 70 72 75 ]   sup=1
                                        [1 3 5 7 9 11 14 15 17 19 21 23 25 28 29 31 34 36 38 40 42 44 46 48 50 52 54 56 58 60 62 64 66 68 71 72 ]   sup=2
                                          [1 3 5 7 9 11 14 15 17 19 21 23 25 28 29 31 34 36 38 40 42 44 46 48 50 52 54 56 58 60 62 64 66 68 71 72 74 ]   sup=1
                                          [1 3 5 7 9 11 14 15 17 19 21 23 25 28 29 31 34 36 38 40 42 44 46 48 50 52 54 56 58 60 62 64 66 68 71 72 75 ]   sup=1
                                    [1 3 5 7 9 11 14 15 17 19 21 23 25 28 29 31 34 36 38 40 42 44 46 48 50 52 55 56 58 60 62 64 66 68 ]   sup=3
                                      [1 3 5 7 9 11 14 15 17 19 21 23 25 28 29 31 34 36 38 40 42 44 46 48 50 52 55 56 58 60 62 64 66 68 71 72 74 ]   sup=1
                                      [1 3 5 7 9 11 14 15 17 19 21 23 25 28 29 31 34 36 38 40 42 44 46 48 50 52 55 56 58 60 62 64 66 68 70 72 ]   sup=2
                                        [1 3 5 7 9 11 14 15 17 19 21 23 25 28 29 31 34 36 38 40 42 44 46 48 50 52 55 56 58 60 62 64 66 68 70 72 74 ]   sup=1
                                        [1 3 5 7 9 11 14 15 17 19 21 23 25 28 29 31 34 36 38 40 42 44 46 48 50 52 55 56 58 60 62 64 66 68 70 72 75 ]   sup=1
                                  [1 3 5 7 9 11 14 15 17 19 21 23 25 28 29 31 34 36 38 40 42 44 46 48 51 52 ]   sup=7
                                    [1 3 5 7 9 11 14 15 17 19 21 23 25 28 29 31 34 36 38 40 42 44 46 48 51 52 54 56 58 60 62 64 66 ]   sup=4
                                      [1 3 5 7 9 11 14 15 17 19 21 23 25 28 29 31 34 36 38 40 42 44 46 48 51 52 54 56 58 60 62 64 66 68 ]   sup=3
                                        [1 3 5 7 9 11 14 15 17 19 21 23 25 28 29 31 34 36 38 40 42 44 46 48 51 52 54 56 58 60 62 64 66 68 71 72 74 ]   sup=1
                                        [1 3 5 7 9 11 14 15 17 19 21 23 25 28 29 31 34 36 38 40 42 44 46 48 51 52 54 56 58 60 62 64 66 68 70 72 ]   sup=2
                                          [1 3 5 7 9 11 14 15 17 19 21 23 25 28 29 31 34 36 38 40 42 44 46 48 51 52 54 56 58 60 62 64 66 68 70 72 75 ]   sup=1
                                          [1 3 5 7 9 11 14 15 17 19 21 23 25 28 29 31 34 36 38 40 42 44 46 48 51 52 54 56 58 60 62 64 66 68 70 72 74 ]   sup=1
                                      [1 3 5 7 9 11 14 15 17 19 21 23 25 28 29 31 34 36 38 40 42 44 46 48 51 52 54 56 58 60 62 64 66 69 71 72 74 ]   sup=1
                                    [1 3 5 7 9 11 14 15 17 19 21 23 25 28 29 31 34 36 38 40 42 44 46 48 51 52 55 56 58 60 62 64 66 68 ]   sup=3
                                      [1 3 5 7 9 11 14 15 17 19 21 23 25 28 29 31 34 36 38 40 42 44 46 48 51 52 55 56 58 60 62 64 66 68 71 72 74 ]   sup=1
                                      [1 3 5 7 9 11 14 15 17 19 21 23 25 28 29 31 34 36 38 40 42 44 46 48 51 52 55 56 58 60 62 64 66 68 70 72 ]   sup=2
                                        [1 3 5 7 9 11 14 15 17 19 21 23 25 28 29 31 34 36 38 40 42 44 46 48 51 52 55 56 58 60 62 64 66 68 70 72 74 ]   sup=1
                                        [1 3 5 7 9 11 14 15 17 19 21 23 25 28 29 31 34 36 38 40 42 44 46 48 51 52 55 56 58 60 62 64 66 68 70 72 75 ]   sup=1
                                [1 3 5 7 9 11 14 15 17 19 21 23 25 28 29 31 34 36 38 40 42 44 46 49 ]   sup=4
                                  [1 3 5 7 9 11 14 15 17 19 21 23 25 28 29 31 34 36 38 40 42 44 46 49 51 52 ]   sup=2
                                    [1 3 5 7 9 11 14 15 17 19 21 23 25 28 29 31 34 36 38 40 42 44 46 49 51 52 54 56 58 60 62 64 66 68 70 72 74 ]   sup=1
                                    [1 3 5 7 9 11 14 15 17 19 21 23 25 28 29 31 34 36 38 40 42 44 46 49 51 52 55 56 58 60 62 64 66 68 70 72 74 ]   sup=1
                                  [1 3 5 7 9 11 14 15 17 19 21 23 25 28 29 31 34 36 38 40 42 44 46 49 50 52 ]   sup=2
                                    [1 3 5 7 9 11 14 15 17 19 21 23 25 28 29 31 34 36 38 40 42 44 46 49 50 52 55 56 58 60 62 64 66 68 70 72 74 ]   sup=1
                                    [1 3 5 7 9 11 14 15 17 19 21 23 25 28 29 31 34 36 38 40 42 44 46 49 50 52 54 56 58 60 62 64 66 68 70 72 74 ]   sup=1
                          [1 3 5 7 9 11 14 15 17 19 21 23 25 27 29 31 34 36 ]   sup=67
                            [1 3 5 7 9 11 14 15 17 19 21 23 25 27 29 31 34 36 39 40 42 ]   sup=38
                              [1 3 5 7 9 11 14 15 17 19 21 23 25 27 29 31 34 36 39 40 42 44 46 48 ]   sup=23
                                [1 3 5 7 9 11 14 15 17 19 21 23 25 27 29 31 34 36 39 40 42 44 46 48 50 52 ]   sup=11
                                  [1 3 5 7 9 11 14 15 17 19 21 23 25 27 29 31 34 36 39 40 42 44 46 48 50 52 55 56 58 60 62 64 66 ]   sup=6
                                    [1 3 5 7 9 11 14 15 17 19 21 23 25 27 29 31 34 36 39 40 42 44 46 48 50 52 55 56 58 60 62 64 66 69 71 72 ]   sup=2
                                      [1 3 5 7 9 11 14 15 17 19 21 23 25 27 29 31 34 36 39 40 42 44 46 48 50 52 55 56 58 60 62 64 66 69 71 72 75 ]   sup=1
                                      [1 3 5 7 9 11 14 15 17 19 21 23 25 27 29 31 34 36 39 40 42 44 46 48 50 52 55 56 58 60 62 64 66 69 71 72 74 ]   sup=1
                                    [1 3 5 7 9 11 14 15 17 19 21 23 25 27 29 31 34 36 39 40 42 44 46 48 50 52 55 56 58 60 62 64 66 68 ]   sup=4
                                      [1 3 5 7 9 11 14 15 17 19 21 23 25 27 29 31 34 36 39 40 42 44 46 48 50 52 55 56 58 60 62 64 66 68 71 72 ]   sup=2
                                        [1 3 5 7 9 11 14 15 17 19 21 23 25 27 29 31 34 36 39 40 42 44 46 48 50 52 55 56 58 60 62 64 66 68 71 72 74 ]   sup=1
                                        [1 3 5 7 9 11 14 15 17 19 21 23 25 27 29 31 34 36 39 40 42 44 46 48 50 52 55 56 58 60 62 64 66 68 71 72 75 ]   sup=1
                                      [1 3 5 7 9 11 14 15 17 19 21 23 25 27 29 31 34 36 39 40 42 44 46 48 50 52 55 56 58 60 62 64 66 68 70 72 ]   sup=2
                                        [1 3 5 7 9 11 14 15 17 19 21 23 25 27 29 31 34 36 39 40 42 44 46 48 50 52 55 56 58 60 62 64 66 68 70 72 74 ]   sup=1
                                        [1 3 5 7 9 11 14 15 17 19 21 23 25 27 29 31 34 36 39 40 42 44 46 48 50 52 55 56 58 60 62 64 66 68 70 72 75 ]   sup=1
                                  [1 3 5 7 9 11 14 15 17 19 21 23 25 27 29 31 34 36 39 40 42 44 46 48 50 52 54 56 58 60 62 64 66 ]   sup=5
                                    [1 3 5 7 9 11 14 15 17 19 21 23 25 27 29 31 34 36 39 40 42 44 46 48 50 52 54 56 58 60 62 64 66 69 71 72 ]   sup=2
                                      [1 3 5 7 9 11 14 15 17 19 21 23 25 27 29 31 34 36 39 40 42 44 46 48 50 52 54 56 58 60 62 64 66 69 71 72 75 ]   sup=1
                                      [1 3 5 7 9 11 14 15 17 19 21 23 25 27 29 31 34 36 39 40 42 44 46 48 50 52 54 56 58 60 62 64 66 69 71 72 74 ]   sup=1
                                    [1 3 5 7 9 11 14 15 17 19 21 23 25 27 29 31 34 36 39 40 42 44 46 48 50 52 54 56 58 60 62 64 66 68 ]   sup=3
                                      [1 3 5 7 9 11 14 15 17 19 21 23 25 27 29 31 34 36 39 40 42 44 46 48 50 52 54 56 58 60 62 64 66 68 70 72 74 ]   sup=1
                                      [1 3 5 7 9 11 14 15 17 19 21 23 25 27 29 31 34 36 39 40 42 44 46 48 50 52 54 56 58 60 62 64 66 68 71 72 ]   sup=2
                                        [1 3 5 7 9 11 14 15 17 19 21 23 25 27 29 31 34 36 39 40 42 44 46 48 50 52 54 56 58 60 62 64 66 68 71 72 74 ]   sup=1
                                        [1 3 5 7 9 11 14 15 17 19 21 23 25 27 29 31 34 36 39 40 42 44 46 48 50 52 54 56 58 60 62 64 66 68 71 72 75 ]   sup=1
                                [1 3 5 7 9 11 14 15 17 19 21 23 25 27 29 31 34 36 39 40 42 44 46 48 51 52 ]   sup=12
                                  [1 3 5 7 9 11 14 15 17 19 21 23 25 27 29 31 34 36 39 40 42 44 46 48 51 52 54 56 58 60 62 64 66 ]   sup=6
                                    [1 3 5 7 9 11 14 15 17 19 21 23 25 27 29 31 34 36 39 40 42 44 46 48 51 52 54 56 58 60 62 64 66 69 71 72 ]   sup=2
                                      [1 3 5 7 9 11 14 15 17 19 21 23 25 27 29 31 34 36 39 40 42 44 46 48 51 52 54 56 58 60 62 64 66 69 71 72 74 ]   sup=1
                                      [1 3 5 7 9 11 14 15 17 19 21 23 25 27 29 31 34 36 39 40 42 44 46 48 51 52 54 56 58 60 62 64 66 69 71 72 75 ]   sup=1
                                    [1 3 5 7 9 11 14 15 17 19 21 23 25 27 29 31 34 36 39 40 42 44 46 48 51 52 54 56 58 60 62 64 66 68 ]   sup=4
                                      [1 3 5 7 9 11 14 15 17 19 21 23 25 27 29 31 34 36 39 40 42 44 46 48 51 52 54 56 58 60 62 64 66 68 70 72 ]   sup=2
                                        [1 3 5 7 9 11 14 15 17 19 21 23 25 27 29 31 34 36 39 40 42 44 46 48 51 52 54 56 58 60 62 64 66 68 70 72 75 ]   sup=1
                                        [1 3 5 7 9 11 14 15 17 19 21 23 25 27 29 31 34 36 39 40 42 44 46 48 51 52 54 56 58 60 62 64 66 68 70 72 74 ]   sup=1
                                      [1 3 5 7 9 11 14 15 17 19 21 23 25 27 29 31 34 36 39 40 42 44 46 48 51 52 54 56 58 60 62 64 66 68 71 72 ]   sup=2
                                        [1 3 5 7 9 11 14 15 17 19 21 23 25 27 29 31 34 36 39 40 42 44 46 48 51 52 54 56 58 60 62 64 66 68 71 72 75 ]   sup=1
                                        [1 3 5 7 9 11 14 15 17 19 21 23 25 27 29 31 34 36 39 40 42 44 46 48 51 52 54 56 58 60 62 64 66 68 71 72 74 ]   sup=1
                                  [1 3 5 7 9 11 14 15 17 19 21 23 25 27 29 31 34 36 39 40 42 44 46 48 51 52 55 56 58 60 62 64 66 ]   sup=6
                                    [1 3 5 7 9 11 14 15 17 19 21 23 25 27 29 31 34 36 39 40 42 44 46 48 51 52 55 56 58 60 62 64 66 69 71 72 ]   sup=2
                                      [1 3 5 7 9 11 14 15 17 19 21 23 25 27 29 31 34 36 39 40 42 44 46 48 51 52 55 56 58 60 62 64 66 69 71 72 74 ]   sup=1
                                      [1 3 5 7 9 11 14 15 17 19 21 23 25 27 29 31 34 36 39 40 42 44 46 48 51 52 55 56 58 60 62 64 66 69 71 72 75 ]   sup=1
                                    [1 3 5 7 9 11 14 15 17 19 21 23 25 27 29 31 34 36 39 40 42 44 46 48 51 52 55 56 58 60 62 64 66 68 ]   sup=4
                                      [1 3 5 7 9 11 14 15 17 19 21 23 25 27 29 31 34 36 39 40 42 44 46 48 51 52 55 56 58 60 62 64 66 68 70 72 ]   sup=2
                                        [1 3 5 7 9 11 14 15 17 19 21 23 25 27 29 31 34 36 39 40 42 44 46 48 51 52 55 56 58 60 62 64 66 68 70 72 74 ]   sup=1
                                        [1 3 5 7 9 11 14 15 17 19 21 23 25 27 29 31 34 36 39 40 42 44 46 48 51 52 55 56 58 60 62 64 66 68 70 72 75 ]   sup=1
                                      [1 3 5 7 9 11 14 15 17 19 21 23 25 27 29 31 34 36 39 40 42 44 46 48 51 52 55 56 58 60 62 64 66 68 71 72 ]   sup=2
                                        [1 3 5 7 9 11 14 15 17 19 21 23 25 27 29 31 34 36 39 40 42 44 46 48 51 52 55 56 58 60 62 64 66 68 71 72 74 ]   sup=1
                                        [1 3 5 7 9 11 14 15 17 19 21 23 25 27 29 31 34 36 39 40 42 44 46 48 51 52 55 56 58 60 62 64 66 68 71 72 75 ]   sup=1
                              [1 3 5 7 9 11 14 15 17 19 21 23 25 27 29 31 34 36 39 40 42 45 46 48 ]   sup=15
                                [1 3 5 7 9 11 14 15 17 19 21 23 25 27 29 31 34 36 39 40 42 45 46 48 51 52 ]   sup=6
                                  [1 3 5 7 9 11 14 15 17 19 21 23 25 27 29 31 34 36 39 40 42 45 46 48 51 52 54 56 58 60 ]   sup=3
                                    [1 3 5 7 9 11 14 15 17 19 21 23 25 27 29 31 34 36 39 40 42 45 46 48 51 52 54 56 58 60 62 64 66 ]   sup=2
                                      [1 3 5 7 9 11 14 15 17 19 21 23 25 27 29 31 34 36 39 40 42 45 46 48 51 52 54 56 58 60 62 64 66 69 71 72 75 ]   sup=1
                                      [1 3 5 7 9 11 14 15 17 19 21 23 25 27 29 31 34 36 39 40 42 45 46 48 51 52 54 56 58 60 62 64 66 68 71 72 74 ]   sup=1
                                    [1 3 5 7 9 11 14 15 17 19 21 23 25 27 29 31 34 36 39 40 42 45 46 48 51 52 54 56 58 60 63 64 66 69 71 72 75 ]   sup=1
                                  [1 3 5 7 9 11 14 15 17 19 21 23 25 27 29 31 34 36 39 40 42 45 46 48 51 52 55 56 58 60 62 64 66 ]   sup=3
                                    [1 3 5 7 9 11 14 15 17 19 21 23 25 27 29 31 34 36 39 40 42 45 46 48 51 52 55 56 58 60 62 64 66 69 71 72 ]   sup=2
                                      [1 3 5 7 9 11 14 15 17 19 21 23 25 27 29 31 34 36 39 40 42 45 46 48 51 52 55 56 58 60 62 64 66 69 71 72 74 ]   sup=1
                                      [1 3 5 7 9 11 14 15 17 19 21 23 25 27 29 31 34 36 39 40 42 45 46 48 51 52 55 56 58 60 62 64 66 69 71 72 75 ]   sup=1
                                    [1 3 5 7 9 11 14 15 17 19 21 23 25 27 29 31 34 36 39 40 42 45 46 48 51 52 55 56 58 60 62 64 66 68 71 72 74 ]   sup=1
                                [1 3 5 7 9 11 14 15 17 19 21 23 25 27 29 31 34 36 39 40 42 45 46 48 50 52 ]   sup=9
                                  [1 3 5 7 9 11 14 15 17 19 21 23 25 27 29 31 34 36 39 40 42 45 46 48 50 52 54 56 58 60 ]   sup=4
                                    [1 3 5 7 9 11 14 15 17 19 21 23 25 27 29 31 34 36 39 40 42 45 46 48 50 52 54 56 58 60 62 64 66 ]   sup=3
                                      [1 3 5 7 9 11 14 15 17 19 21 23 25 27 29 31 34 36 39 40 42 45 46 48 50 52 54 56 58 60 62 64 66 68 ]   sup=2
                                        [1 3 5 7 9 11 14 15 17 19 21 23 25 27 29 31 34 36 39 40 42 45 46 48 50 52 54 56 58 60 62 64 66 68 71 72 74 ]   sup=1
                                        [1 3 5 7 9 11 14 15 17 19 21 23 25 27 29 31 34 36 39 40 42 45 46 48 50 52 54 56 58 60 62 64 66 68 70 72 75 ]   sup=1
                                      [1 3 5 7 9 11 14 15 17 19 21 23 25 27 29 31 34 36 39 40 42 45 46 48 50 52 54 56 58 60 62 64 66 69 71 72 75 ]   sup=1
                                    [1 3 5 7 9 11 14 15 17 19 21 23 25 27 29 31 34 36 39 40 42 45 46 48 50 52 54 56 58 60 63 64 66 69 71 72 75 ]   sup=1
                                  [1 3 5 7 9 11 14 15 17 19 21 23 25 27 29 31 34 36 39 40 42 45 46 48 50 52 55 56 58 60 ]   sup=5
                                    [1 3 5 7 9 11 14 15 17 19 21 23 25 27 29 31 34 36 39 40 42 45 46 48 50 52 55 56 58 60 62 64 66 ]   sup=4
                                      [1 3 5 7 9 11 14 15 17 19 21 23 25 27 29 31 34 36 39 40 42 45 46 48 50 52 55 56 58 60 62 64 66 68 71 72 ]   sup=2
                                        [1 3 5 7 9 11 14 15 17 19 21 23 25 27 29 31 34 36 39 40 42 45 46 48 50 52 55 56 58 60 62 64 66 68 71 72 75 ]   sup=1
                                        [1 3 5 7 9 11 14 15 17 19 21 23 25 27 29 31 34 36 39 40 42 45 46 48 50 52 55 56 58 60 62 64 66 68 71 72 74 ]   sup=1
                                      [1 3 5 7 9 11 14 15 17 19 21 23 25 27 29 31 34 36 39 40 42 45 46 48 50 52 55 56 58 60 62 64 66 69 71 72 ]   sup=2
                                        [1 3 5 7 9 11 14 15 17 19 21 23 25 27 29 31 34 36 39 40 42 45 46 48 50 52 55 56 58 60 62 64 66 69 71 72 75 ]   sup=1
                                        [1 3 5 7 9 11 14 15 17 19 21 23 25 27 29 31 34 36 39 40 42 45 46 48 50 52 55 56 58 60 62 64 66 69 71 72 74 ]   sup=1
                                    [1 3 5 7 9 11 14 15 17 19 21 23 25 27 29 31 34 36 39 40 42 45 46 48 50 52 55 56 58 60 63 64 66 69 71 72 75 ]   sup=1
                            [1 3 5 7 9 11 14 15 17 19 21 23 25 27 29 31 34 36 38 40 42 ]   sup=29
                              [1 3 5 7 9 11 14 15 17 19 21 23 25 27 29 31 34 36 38 40 42 44 46 48 ]   sup=15
                                [1 3 5 7 9 11 14 15 17 19 21 23 25 27 29 31 34 36 38 40 42 44 46 48 50 52 ]   sup=9
                                  [1 3 5 7 9 11 14 15 17 19 21 23 25 27 29 31 34 36 38 40 42 44 46 48 50 52 54 56 58 60 62 64 66 ]   sup=5
                                    [1 3 5 7 9 11 14 15 17 19 21 23 25 27 29 31 34 36 38 40 42 44 46 48 50 52 54 56 58 60 62 64 66 68 ]   sup=4
                                      [1 3 5 7 9 11 14 15 17 19 21 23 25 27 29 31 34 36 38 40 42 44 46 48 50 52 54 56 58 60 62 64 66 68 70 72 ]   sup=2
                                        [1 3 5 7 9 11 14 15 17 19 21 23 25 27 29 31 34 36 38 40 42 44 46 48 50 52 54 56 58 60 62 64 66 68 70 72 74 ]   sup=1
                                        [1 3 5 7 9 11 14 15 17 19 21 23 25 27 29 31 34 36 38 40 42 44 46 48 50 52 54 56 58 60 62 64 66 68 70 72 75 ]   sup=1
                                      [1 3 5 7 9 11 14 15 17 19 21 23 25 27 29 31 34 36 38 40 42 44 46 48 50 52 54 56 58 60 62 64 66 68 71 72 ]   sup=2
                                        [1 3 5 7 9 11 14 15 17 19 21 23 25 27 29 31 34 36 38 40 42 44 46 48 50 52 54 56 58 60 62 64 66 68 71 72 75 ]   sup=1
                                        [1 3 5 7 9 11 14 15 17 19 21 23 25 27 29 31 34 36 38 40 42 44 46 48 50 52 54 56 58 60 62 64 66 68 71 72 74 ]   sup=1
                                    [1 3 5 7 9 11 14 15 17 19 21 23 25 27 29 31 34 36 38 40 42 44 46 48 50 52 54 56 58 60 62 64 66 69 71 72 74 ]   sup=1
                                  [1 3 5 7 9 11 14 15 17 19 21 23 25 27 29 31 34 36 38 40 42 44 46 48 50 52 55 56 58 60 62 64 66 68 ]   sup=4
                                    [1 3 5 7 9 11 14 15 17 19 21 23 25 27 29 31 34 36 38 40 42 44 46 48 50 52 55 56 58 60 62 64 66 68 71 72 ]   sup=2
                                      [1 3 5 7 9 11 14 15 17 19 21 23 25 27 29 31 34 36 38 40 42 44 46 48 50 52 55 56 58 60 62 64 66 68 71 72 75 ]   sup=1
                                      [1 3 5 7 9 11 14 15 17 19 21 23 25 27 29 31 34 36 38 40 42 44 46 48 50 52 55 56 58 60 62 64 66 68 71 72 74 ]   sup=1
                                    [1 3 5 7 9 11 14 15 17 19 21 23 25 27 29 31 34 36 38 40 42 44 46 48 50 52 55 56 58 60 62 64 66 68 70 72 ]   sup=2
                                      [1 3 5 7 9 11 14 15 17 19 21 23 25 27 29 31 34 36 38 40 42 44 46 48 50 52 55 56 58 60 62 64 66 68 70 72 74 ]   sup=1
                                      [1 3 5 7 9 11 14 15 17 19 21 23 25 27 29 31 34 36 38 40 42 44 46 48 50 52 55 56 58 60 62 64 66 68 70 72 75 ]   sup=1
                                [1 3 5 7 9 11 14 15 17 19 21 23 25 27 29 31 34 36 38 40 42 44 46 48 51 52 ]   sup=6
                                  [1 3 5 7 9 11 14 15 17 19 21 23 25 27 29 31 34 36 38 40 42 44 46 48 51 52 55 56 58 60 62 64 66 68 70 72 ]   sup=2
                                    [1 3 5 7 9 11 14 15 17 19 21 23 25 27 29 31 34 36 38 40 42 44 46 48 51 52 55 56 58 60 62 64 66 68 70 72 74 ]   sup=1
                                    [1 3 5 7 9 11 14 15 17 19 21 23 25 27 29 31 34 36 38 40 42 44 46 48 51 52 55 56 58 60 62 64 66 68 70 72 75 ]   sup=1
                                  [1 3 5 7 9 11 14 15 17 19 21 23 25 27 29 31 34 36 38 40 42 44 46 48 51 52 54 56 58 60 62 64 66 ]   sup=4
                                    [1 3 5 7 9 11 14 15 17 19 21 23 25 27 29 31 34 36 38 40 42 44 46 48 51 52 54 56 58 60 62 64 66 69 71 72 74 ]   sup=1
                                    [1 3 5 7 9 11 14 15 17 19 21 23 25 27 29 31 34 36 38 40 42 44 46 48 51 52 54 56 58 60 62 64 66 68 ]   sup=3
                                      [1 3 5 7 9 11 14 15 17 19 21 23 25 27 29 31 34 36 38 40 42 44 46 48 51 52 54 56 58 60 62 64 66 68 71 72 74 ]   sup=1
                                      [1 3 5 7 9 11 14 15 17 19 21 23 25 27 29 31 34 36 38 40 42 44 46 48 51 52 54 56 58 60 62 64 66 68 70 72 ]   sup=2
                                        [1 3 5 7 9 11 14 15 17 19 21 23 25 27 29 31 34 36 38 40 42 44 46 48 51 52 54 56 58 60 62 64 66 68 70 72 74 ]   sup=1
                                        [1 3 5 7 9 11 14 15 17 19 21 23 25 27 29 31 34 36 38 40 42 44 46 48 51 52 54 56 58 60 62 64 66 68 70 72 75 ]   sup=1
                              [1 3 5 7 9 11 14 15 17 19 21 23 25 27 29 31 34 36 38 40 42 45 46 48 ]   sup=14
                                [1 3 5 7 9 11 14 15 17 19 21 23 25 27 29 31 34 36 38 40 42 45 46 48 50 52 ]   sup=7
                                  [1 3 5 7 9 11 14 15 17 19 21 23 25 27 29 31 34 36 38 40 42 45 46 48 50 52 55 56 58 60 62 64 66 ]   sup=4
                                    [1 3 5 7 9 11 14 15 17 19 21 23 25 27 29 31 34 36 38 40 42 45 46 48 50 52 55 56 58 60 62 64 66 68 70 72 ]   sup=2
                                      [1 3 5 7 9 11 14 15 17 19 21 23 25 27 29 31 34 36 38 40 42 45 46 48 50 52 55 56 58 60 62 64 66 68 70 72 75 ]   sup=1
                                      [1 3 5 7 9 11 14 15 17 19 21 23 25 27 29 31 34 36 38 40 42 45 46 48 50 52 55 56 58 60 62 64 66 68 70 72 74 ]   sup=1
                                    [1 3 5 7 9 11 14 15 17 19 21 23 25 27 29 31 34 36 38 40 42 45 46 48 50 52 55 56 58 60 62 64 66 69 70 72 ]   sup=2
                                      [1 3 5 7 9 11 14 15 17 19 21 23 25 27 29 31 34 36 38 40 42 45 46 48 50 52 55 56 58 60 62 64 66 69 70 72 74 ]   sup=1
                                      [1 3 5 7 9 11 14 15 17 19 21 23 25 27 29 31 34 36 38 40 42 45 46 48 50 52 55 56 58 60 62 64 66 69 70 72 75 ]   sup=1
                                  [1 3 5 7 9 11 14 15 17 19 21 23 25 27 29 31 34 36 38 40 42 45 46 48 50 52 54 56 58 60 62 64 66 ]   sup=3
                                    [1 3 5 7 9 11 14 15 17 19 21 23 25 27 29 31 34 36 38 40 42 45 46 48 50 52 54 56 58 60 62 64 66 68 70 72 ]   sup=2
                                      [1 3 5 7 9 11 14 15 17 19 21 23 25 27 29 31 34 36 38 40 42 45 46 48 50 52 54 56 58 60 62 64 66 68 70 72 75 ]   sup=1
                                      [1 3 5 7 9 11 14 15 17 19 21 23 25 27 29 31 34 36 38 40 42 45 46 48 50 52 54 56 58 60 62 64 66 68 70 72 74 ]   sup=1
                                    [1 3 5 7 9 11 14 15 17 19 21 23 25 27 29 31 34 36 38 40 42 45 46 48 50 52 54 56 58 60 62 64 66 69 70 72 74 ]   sup=1
                                [1 3 5 7 9 11 14 15 17 19 21 23 25 27 29 31 34 36 38 40 42 45 46 48 51 52 ]   sup=7
                                  [1 3 5 7 9 11 14 15 17 19 21 23 25 27 29 31 34 36 38 40 42 45 46 48 51 52 54 56 58 60 62 64 66 ]   sup=3
                                    [1 3 5 7 9 11 14 15 17 19 21 23 25 27 29 31 34 36 38 40 42 45 46 48 51 52 54 56 58 60 62 64 66 68 70 72 ]   sup=2
                                      [1 3 5 7 9 11 14 15 17 19 21 23 25 27 29 31 34 36 38 40 42 45 46 48 51 52 54 56 58 60 62 64 66 68 70 72 75 ]   sup=1
                                      [1 3 5 7 9 11 14 15 17 19 21 23 25 27 29 31 34 36 38 40 42 45 46 48 51 52 54 56 58 60 62 64 66 68 70 72 74 ]   sup=1
                                    [1 3 5 7 9 11 14 15 17 19 21 23 25 27 29 31 34 36 38 40 42 45 46 48 51 52 54 56 58 60 62 64 66 69 70 72 74 ]   sup=1
                                  [1 3 5 7 9 11 14 15 17 19 21 23 25 27 29 31 34 36 38 40 42 45 46 48 51 52 55 56 58 60 62 64 66 ]   sup=4
                                    [1 3 5 7 9 11 14 15 17 19 21 23 25 27 29 31 34 36 38 40 42 45 46 48 51 52 55 56 58 60 62 64 66 68 70 72 ]   sup=2
                                      [1 3 5 7 9 11 14 15 17 19 21 23 25 27 29 31 34 36 38 40 42 45 46 48 51 52 55 56 58 60 62 64 66 68 70 72 75 ]   sup=1
                                      [1 3 5 7 9 11 14 15 17 19 21 23 25 27 29 31 34 36 38 40 42 45 46 48 51 52 55 56 58 60 62 64 66 68 70 72 74 ]   sup=1
                                    [1 3 5 7 9 11 14 15 17 19 21 23 25 27 29 31 34 36 38 40 42 45 46 48 51 52 55 56 58 60 62 64 66 69 70 72 ]   sup=2
                                      [1 3 5 7 9 11 14 15 17 19 21 23 25 27 29 31 34 36 38 40 42 45 46 48 51 52 55 56 58 60 62 64 66 69 70 72 74 ]   sup=1
                                      [1 3 5 7 9 11 14 15 17 19 21 23 25 27 29 31 34 36 38 40 42 45 46 48 51 52 55 56 58 60 62 64 66 69 70 72 75 ]   sup=1
                        [1 3 5 7 9 11 14 15 17 19 21 23 26 ]   sup=30
                          [1 3 5 7 9 11 14 15 17 19 21 23 26 27 29 31 34 36 ]   sup=19
                            [1 3 5 7 9 11 14 15 17 19 21 23 26 27 29 31 34 36 39 40 42 ]   sup=11
                              [1 3 5 7 9 11 14 15 17 19 21 23 26 27 29 31 34 36 39 40 42 44 46 48 ]   sup=6
                                [1 3 5 7 9 11 14 15 17 19 21 23 26 27 29 31 34 36 39 40 42 44 46 48 50 52 ]   sup=4
                                  [1 3 5 7 9 11 14 15 17 19 21 23 26 27 29 31 34 36 39 40 42 44 46 48 50 52 54 56 58 60 62 64 66 ]   sup=3
                                    [1 3 5 7 9 11 14 15 17 19 21 23 26 27 29 31 34 36 39 40 42 44 46 48 50 52 54 56 58 60 62 64 66 69 71 72 75 ]   sup=1
                                    [1 3 5 7 9 11 14 15 17 19 21 23 26 27 29 31 34 36 39 40 42 44 46 48 50 52 54 56 58 60 62 64 66 68 ]   sup=2
                                      [1 3 5 7 9 11 14 15 17 19 21 23 26 27 29 31 34 36 39 40 42 44 46 48 50 52 54 56 58 60 62 64 66 68 70 72 74 ]   sup=1
                                      [1 3 5 7 9 11 14 15 17 19 21 23 26 27 29 31 34 36 39 40 42 44 46 48 50 52 54 56 58 60 62 64 66 68 71 72 74 ]   sup=1
                                  [1 3 5 7 9 11 14 15 17 19 21 23 26 27 29 31 34 36 39 40 42 44 46 48 50 52 55 56 58 60 62 64 66 68 70 72 74 ]   sup=1
                                [1 3 5 7 9 11 14 15 17 19 21 23 26 27 29 31 34 36 39 40 42 44 46 48 51 52 54 56 58 60 62 64 66 68 71 72 ]   sup=2
                                  [1 3 5 7 9 11 14 15 17 19 21 23 26 27 29 31 34 36 39 40 42 44 46 48 51 52 54 56 58 60 62 64 66 68 71 72 74 ]   sup=1
                                  [1 3 5 7 9 11 14 15 17 19 21 23 26 27 29 31 34 36 39 40 42 44 46 48 51 52 54 56 58 60 62 64 66 68 71 72 75 ]   sup=1
                              [1 3 5 7 9 11 14 15 17 19 21 23 26 27 29 31 34 36 39 40 42 45 46 48 ]   sup=5
                                [1 3 5 7 9 11 14 15 17 19 21 23 26 27 29 31 34 36 39 40 42 45 46 48 50 52 ]   sup=4
                                  [1 3 5 7 9 11 14 15 17 19 21 23 26 27 29 31 34 36 39 40 42 45 46 48 50 52 55 56 58 60 ]   sup=2
                                    [1 3 5 7 9 11 14 15 17 19 21 23 26 27 29 31 34 36 39 40 42 45 46 48 50 52 55 56 58 60 62 64 66 68 71 72 74 ]   sup=1
                                    [1 3 5 7 9 11 14 15 17 19 21 23 26 27 29 31 34 36 39 40 42 45 46 48 50 52 55 56 58 60 63 64 66 69 71 72 75 ]   sup=1
                                  [1 3 5 7 9 11 14 15 17 19 21 23 26 27 29 31 34 36 39 40 42 45 46 48 50 52 54 56 58 60 ]   sup=2
                                    [1 3 5 7 9 11 14 15 17 19 21 23 26 27 29 31 34 36 39 40 42 45 46 48 50 52 54 56 58 60 63 64 66 69 71 72 75 ]   sup=1
                                    [1 3 5 7 9 11 14 15 17 19 21 23 26 27 29 31 34 36 39 40 42 45 46 48 50 52 54 56 58 60 62 64 66 68 71 72 74 ]   sup=1
                                [1 3 5 7 9 11 14 15 17 19 21 23 26 27 29 31 34 36 39 40 42 45 46 48 51 52 55 56 58 60 62 64 66 69 71 72 74 ]   sup=1
                            [1 3 5 7 9 11 14 15 17 19 21 23 26 27 29 31 34 36 38 40 42 ]   sup=8
                              [1 3 5 7 9 11 14 15 17 19 21 23 26 27 29 31 34 36 38 40 42 44 46 48 ]   sup=6
                                [1 3 5 7 9 11 14 15 17 19 21 23 26 27 29 31 34 36 38 40 42 44 46 48 50 52 ]   sup=4
                                  [1 3 5 7 9 11 14 15 17 19 21 23 26 27 29 31 34 36 38 40 42 44 46 48 50 52 55 56 58 60 62 64 66 68 70 72 ]   sup=2
                                    [1 3 5 7 9 11 14 15 17 19 21 23 26 27 29 31 34 36 38 40 42 44 46 48 50 52 55 56 58 60 62 64 66 68 70 72 74 ]   sup=1
                                    [1 3 5 7 9 11 14 15 17 19 21 23 26 27 29 31 34 36 38 40 42 44 46 48 50 52 55 56 58 60 62 64 66 68 70 72 75 ]   sup=1
                                  [1 3 5 7 9 11 14 15 17 19 21 23 26 27 29 31 34 36 38 40 42 44 46 48 50 52 54 56 58 60 62 64 66 68 70 72 ]   sup=2
                                    [1 3 5 7 9 11 14 15 17 19 21 23 26 27 29 31 34 36 38 40 42 44 46 48 50 52 54 56 58 60 62 64 66 68 70 72 74 ]   sup=1
                                    [1 3 5 7 9 11 14 15 17 19 21 23 26 27 29 31 34 36 38 40 42 44 46 48 50 52 54 56 58 60 62 64 66 68 70 72 75 ]   sup=1
                                [1 3 5 7 9 11 14 15 17 19 21 23 26 27 29 31 34 36 38 40 42 44 46 48 51 52 55 56 58 60 62 64 66 68 70 72 ]   sup=2
                                  [1 3 5 7 9 11 14 15 17 19 21 23 26 27 29 31 34 36 38 40 42 44 46 48 51 52 55 56 58 60 62 64 66 68 70 72 75 ]   sup=1
                                  [1 3 5 7 9 11 14 15 17 19 21 23 26 27 29 31 34 36 38 40 42 44 46 48 51 52 55 56 58 60 62 64 66 68 70 72 74 ]   sup=1
                              [1 3 5 7 9 11 14 15 17 19 21 23 26 27 29 31 34 36 38 40 42 45 46 48 50 52 ]   sup=2
                                [1 3 5 7 9 11 14 15 17 19 21 23 26 27 29 31 34 36 38 40 42 45 46 48 50 52 54 56 58 60 62 64 66 69 70 72 74 ]   sup=1
                                [1 3 5 7 9 11 14 15 17 19 21 23 26 27 29 31 34 36 38 40 42 45 46 48 50 52 55 56 58 60 62 64 66 69 70 72 74 ]   sup=1
                          [1 3 5 7 9 11 14 15 17 19 21 23 26 28 29 31 34 36 38 40 42 ]   sup=11
                            [1 3 5 7 9 11 14 15 17 19 21 23 26 28 29 31 34 36 38 40 42 45 46 48 ]   sup=5
                              [1 3 5 7 9 11 14 15 17 19 21 23 26 28 29 31 34 36 38 40 42 45 46 48 51 52 55 56 58 60 62 64 66 69 70 72 74 ]   sup=1
                              [1 3 5 7 9 11 14 15 17 19 21 23 26 28 29 31 34 36 38 40 42 45 46 48 50 52 ]   sup=4
                                [1 3 5 7 9 11 14 15 17 19 21 23 26 28 29 31 34 36 38 40 42 45 46 48 50 52 54 56 58 60 62 64 66 ]   sup=2
                                  [1 3 5 7 9 11 14 15 17 19 21 23 26 28 29 31 34 36 38 40 42 45 46 48 50 52 54 56 58 60 62 64 66 68 70 72 74 ]   sup=1
                                  [1 3 5 7 9 11 14 15 17 19 21 23 26 28 29 31 34 36 38 40 42 45 46 48 50 52 54 56 58 60 62 64 66 69 70 72 74 ]   sup=1
                                [1 3 5 7 9 11 14 15 17 19 21 23 26 28 29 31 34 36 38 40 42 45 46 48 50 52 55 56 58 60 62 64 66 ]   sup=2
                                  [1 3 5 7 9 11 14 15 17 19 21 23 26 28 29 31 34 36 38 40 42 45 46 48 50 52 55 56 58 60 62 64 66 68 70 72 74 ]   sup=1
                                  [1 3 5 7 9 11 14 15 17 19 21 23 26 28 29 31 34 36 38 40 42 45 46 48 50 52 55 56 58 60 62 64 66 69 70 72 74 ]   sup=1
                            [1 3 5 7 9 11 14 15 17 19 21 23 26 28 29 31 34 36 38 40 42 44 46 48 ]   sup=6
                              [1 3 5 7 9 11 14 15 17 19 21 23 26 28 29 31 34 36 38 40 42 44 46 48 51 52 ]   sup=3
                                [1 3 5 7 9 11 14 15 17 19 21 23 26 28 29 31 34 36 38 40 42 44 46 48 51 52 54 56 58 60 62 64 66 68 70 72 ]   sup=2
                                  [1 3 5 7 9 11 14 15 17 19 21 23 26 28 29 31 34 36 38 40 42 44 46 48 51 52 54 56 58 60 62 64 66 68 70 72 74 ]   sup=1
                                  [1 3 5 7 9 11 14 15 17 19 21 23 26 28 29 31 34 36 38 40 42 44 46 48 51 52 54 56 58 60 62 64 66 68 70 72 75 ]   sup=1
                                [1 3 5 7 9 11 14 15 17 19 21 23 26 28 29 31 34 36 38 40 42 44 46 48 51 52 55 56 58 60 62 64 66 68 70 72 74 ]   sup=1
                              [1 3 5 7 9 11 14 15 17 19 21 23 26 28 29 31 34 36 38 40 42 44 46 48 50 52 ]   sup=3
                                [1 3 5 7 9 11 14 15 17 19 21 23 26 28 29 31 34 36 38 40 42 44 46 48 50 52 54 56 58 60 62 64 66 68 70 72 ]   sup=2
                                  [1 3 5 7 9 11 14 15 17 19 21 23 26 28 29 31 34 36 38 40 42 44 46 48 50 52 54 56 58 60 62 64 66 68 70 72 74 ]   sup=1
                                  [1 3 5 7 9 11 14 15 17 19 21 23 26 28 29 31 34 36 38 40 42 44 46 48 50 52 54 56 58 60 62 64 66 68 70 72 75 ]   sup=1
                                [1 3 5 7 9 11 14 15 17 19 21 23 26 28 29 31 34 36 38 40 42 44 46 48 50 52 55 56 58 60 62 64 66 68 70 72 74 ]   sup=1
                      [1 3 5 7 9 11 14 15 17 19 21 24 25 ]   sup=60
                        [1 3 5 7 9 11 14 15 17 19 21 24 25 27 29 ]   sup=51
                          [1 3 5 7 9 11 14 15 17 19 21 24 25 27 29 31 34 36 ]   sup=21
                            [1 3 5 7 9 11 14 15 17 19 21 24 25 27 29 31 34 36 38 40 42 44 46 48 ]   sup=6
                              [1 3 5 7 9 11 14 15 17 19 21 24 25 27 29 31 34 36 38 40 42 44 46 48 50 52 54 56 58 60 62 65 66 68 ]   sup=4
                                [1 3 5 7 9 11 14 15 17 19 21 24 25 27 29 31 34 36 38 40 42 44 46 48 50 52 54 56 58 60 62 65 66 68 70 ]   sup=2
                                  [1 3 5 7 9 11 14 15 17 19 21 24 25 27 29 31 34 36 38 40 42 44 46 48 50 52 54 56 58 60 62 65 66 68 70 72 74 ]   sup=1
                                  [1 3 5 7 9 11 14 15 17 19 21 24 25 27 29 31 34 36 38 40 42 44 46 48 50 52 54 56 58 60 62 65 66 68 70 73 74 ]   sup=1
                                [1 3 5 7 9 11 14 15 17 19 21 24 25 27 29 31 34 36 38 40 42 44 46 48 50 52 54 56 58 60 62 65 66 68 71 ]   sup=2
                                  [1 3 5 7 9 11 14 15 17 19 21 24 25 27 29 31 34 36 38 40 42 44 46 48 50 52 54 56 58 60 62 65 66 68 71 73 74 ]   sup=1
                                  [1 3 5 7 9 11 14 15 17 19 21 24 25 27 29 31 34 36 38 40 42 44 46 48 50 52 54 56 58 60 62 65 66 68 71 72 74 ]   sup=1
                              [1 3 5 7 9 11 14 15 17 19 21 24 25 27 29 31 34 36 38 40 42 44 46 48 51 52 54 56 58 60 62 65 66 68 70 ]   sup=2
                                [1 3 5 7 9 11 14 15 17 19 21 24 25 27 29 31 34 36 38 40 42 44 46 48 51 52 54 56 58 60 62 65 66 68 70 72 74 ]   sup=1
                                [1 3 5 7 9 11 14 15 17 19 21 24 25 27 29 31 34 36 38 40 42 44 46 48 51 52 54 56 58 60 62 65 66 68 70 73 74 ]   sup=1
                            [1 3 5 7 9 11 14 15 17 19 21 24 25 27 29 31 34 36 39 ]   sup=15
                              [1 3 5 7 9 11 14 15 17 19 21 24 25 27 29 31 34 36 39 41 42 44 46 48 51 52 54 56 58 60 62 65 66 ]   sup=3
                                [1 3 5 7 9 11 14 15 17 19 21 24 25 27 29 31 34 36 39 41 42 44 46 48 51 52 54 56 58 60 62 65 66 68 71 ]   sup=2
                                  [1 3 5 7 9 11 14 15 17 19 21 24 25 27 29 31 34 36 39 41 42 44 46 48 51 52 54 56 58 60 62 65 66 68 71 72 74 ]   sup=1
                                  [1 3 5 7 9 11 14 15 17 19 21 24 25 27 29 31 34 36 39 41 42 44 46 48 51 52 54 56 58 60 62 65 66 68 71 73 74 ]   sup=1
                                [1 3 5 7 9 11 14 15 17 19 21 24 25 27 29 31 34 36 39 41 42 44 46 48 51 52 54 56 58 60 62 65 66 69 71 73 74 ]   sup=1
                              [1 3 5 7 9 11 14 15 17 19 21 24 25 27 29 31 34 36 39 40 ]   sup=12
                                [1 3 5 7 9 11 14 15 17 19 21 24 25 27 29 31 34 36 39 40 42 ]   sup=8
                                  [1 3 5 7 9 11 14 15 17 19 21 24 25 27 29 31 34 36 39 40 42 45 46 48 ]   sup=2
                                    [1 3 5 7 9 11 14 15 17 19 21 24 25 27 29 31 34 36 39 40 42 45 46 48 50 52 54 56 58 60 62 65 66 69 71 73 74 ]   sup=1
                                    [1 3 5 7 9 11 14 15 17 19 21 24 25 27 29 31 34 36 39 40 42 45 46 48 51 52 54 56 58 60 62 65 66 69 71 73 74 ]   sup=1
                                  [1 3 5 7 9 11 14 15 17 19 21 24 25 27 29 31 34 36 39 40 42 44 46 48 ]   sup=6
                                    [1 3 5 7 9 11 14 15 17 19 21 24 25 27 29 31 34 36 39 40 42 44 46 48 50 52 54 56 58 60 62 65 66 ]   sup=3
                                      [1 3 5 7 9 11 14 15 17 19 21 24 25 27 29 31 34 36 39 40 42 44 46 48 50 52 54 56 58 60 62 65 66 68 71 ]   sup=2
                                        [1 3 5 7 9 11 14 15 17 19 21 24 25 27 29 31 34 36 39 40 42 44 46 48 50 52 54 56 58 60 62 65 66 68 71 72 74 ]   sup=1
                                        [1 3 5 7 9 11 14 15 17 19 21 24 25 27 29 31 34 36 39 40 42 44 46 48 50 52 54 56 58 60 62 65 66 68 71 73 74 ]   sup=1
                                      [1 3 5 7 9 11 14 15 17 19 21 24 25 27 29 31 34 36 39 40 42 44 46 48 50 52 54 56 58 60 62 65 66 69 71 73 74 ]   sup=1
                                    [1 3 5 7 9 11 14 15 17 19 21 24 25 27 29 31 34 36 39 40 42 44 46 48 51 52 54 56 58 60 62 65 66 ]   sup=3
                                      [1 3 5 7 9 11 14 15 17 19 21 24 25 27 29 31 34 36 39 40 42 44 46 48 51 52 54 56 58 60 62 65 66 68 71 ]   sup=2
                                        [1 3 5 7 9 11 14 15 17 19 21 24 25 27 29 31 34 36 39 40 42 44 46 48 51 52 54 56 58 60 62 65 66 68 71 72 74 ]   sup=1
                                        [1 3 5 7 9 11 14 15 17 19 21 24 25 27 29 31 34 36 39 40 42 44 46 48 51 52 54 56 58 60 62 65 66 68 71 73 74 ]   sup=1
                                      [1 3 5 7 9 11 14 15 17 19 21 24 25 27 29 31 34 36 39 40 42 44 46 48 51 52 54 56 58 60 62 65 66 69 71 73 74 ]   sup=1
                                [1 3 5 7 9 11 14 15 17 19 21 24 25 27 29 31 34 36 39 40 43 ]   sup=4
                                  [1 3 5 7 9 11 14 15 17 19 21 24 25 27 29 31 34 36 39 40 43 45 46 48 ]   sup=2
                                    [1 3 5 7 9 11 14 15 17 19 21 24 25 27 29 31 34 36 39 40 43 45 46 48 50 52 54 56 58 60 62 65 66 69 71 73 74 ]   sup=1
                                    [1 3 5 7 9 11 14 15 17 19 21 24 25 27 29 31 34 36 39 40 43 45 46 48 51 52 54 56 58 60 62 65 66 69 71 73 74 ]   sup=1
                                  [1 3 5 7 9 11 14 15 17 19 21 24 25 27 29 31 34 36 39 40 43 44 46 48 ]   sup=2
                                    [1 3 5 7 9 11 14 15 17 19 21 24 25 27 29 31 34 36 39 40 43 44 46 48 50 52 54 56 58 60 62 65 66 68 71 73 74 ]   sup=1
                                    [1 3 5 7 9 11 14 15 17 19 21 24 25 27 29 31 34 36 39 40 43 44 46 48 51 52 54 56 58 60 62 65 66 68 71 73 74 ]   sup=1
                          [1 3 5 7 9 11 14 15 17 19 21 24 25 27 29 32 34 36 ]   sup=30
                            [1 3 5 7 9 11 14 15 17 19 21 24 25 27 29 32 34 36 38 40 ]   sup=12
                              [1 3 5 7 9 11 14 15 17 19 21 24 25 27 29 32 34 36 38 40 43 44 46 48 ]   sup=6
                                [1 3 5 7 9 11 14 15 17 19 21 24 25 27 29 32 34 36 38 40 43 44 46 48 51 52 54 56 58 60 62 65 66 68 70 ]   sup=2
                                  [1 3 5 7 9 11 14 15 17 19 21 24 25 27 29 32 34 36 38 40 43 44 46 48 51 52 54 56 58 60 62 65 66 68 70 73 74 ]   sup=1
                                  [1 3 5 7 9 11 14 15 17 19 21 24 25 27 29 32 34 36 38 40 43 44 46 48 51 52 54 56 58 60 62 65 66 68 70 72 74 ]   sup=1
                                [1 3 5 7 9 11 14 15 17 19 21 24 25 27 29 32 34 36 38 40 43 44 46 48 50 52 54 56 58 60 62 65 66 68 ]   sup=4
                                  [1 3 5 7 9 11 14 15 17 19 21 24 25 27 29 32 34 36 38 40 43 44 46 48 50 52 54 56 58 60 62 65 66 68 71 ]   sup=2
                                    [1 3 5 7 9 11 14 15 17 19 21 24 25 27 29 32 34 36 38 40 43 44 46 48 50 52 54 56 58 60 62 65 66 68 71 72 74 ]   sup=1
                                    [1 3 5 7 9 11 14 15 17 19 21 24 25 27 29 32 34 36 38 40 43 44 46 48 50 52 54 56 58 60 62 65 66 68 71 73 74 ]   sup=1
                                  [1 3 5 7 9 11 14 15 17 19 21 24 25 27 29 32 34 36 38 40 43 44 46 48 50 52 54 56 58 60 62 65 66 68 70 ]   sup=2
                                    [1 3 5 7 9 11 14 15 17 19 21 24 25 27 29 32 34 36 38 40 43 44 46 48 50 52 54 56 58 60 62 65 66 68 70 73 74 ]   sup=1
                                    [1 3 5 7 9 11 14 15 17 19 21 24 25 27 29 32 34 36 38 40 43 44 46 48 50 52 54 56 58 60 62 65 66 68 70 72 74 ]   sup=1
                              [1 3 5 7 9 11 14 15 17 19 21 24 25 27 29 32 34 36 38 40 42 44 46 48 ]   sup=6
                                [1 3 5 7 9 11 14 15 17 19 21 24 25 27 29 32 34 36 38 40 42 44 46 48 51 52 54 56 58 60 62 65 66 68 70 ]   sup=2
                                  [1 3 5 7 9 11 14 15 17 19 21 24 25 27 29 32 34 36 38 40 42 44 46 48 51 52 54 56 58 60 62 65 66 68 70 73 74 ]   sup=1
                                  [1 3 5 7 9 11 14 15 17 19 21 24 25 27 29 32 34 36 38 40 42 44 46 48 51 52 54 56 58 60 62 65 66 68 70 72 74 ]   sup=1
                                [1 3 5 7 9 11 14 15 17 19 21 24 25 27 29 32 34 36 38 40 42 44 46 48 50 52 54 56 58 60 62 65 66 68 ]   sup=4
                                  [1 3 5 7 9 11 14 15 17 19 21 24 25 27 29 32 34 36 38 40 42 44 46 48 50 52 54 56 58 60 62 65 66 68 71 ]   sup=2
                                    [1 3 5 7 9 11 14 15 17 19 21 24 25 27 29 32 34 36 38 40 42 44 46 48 50 52 54 56 58 60 62 65 66 68 71 72 74 ]   sup=1
                                    [1 3 5 7 9 11 14 15 17 19 21 24 25 27 29 32 34 36 38 40 42 44 46 48 50 52 54 56 58 60 62 65 66 68 71 73 74 ]   sup=1
                                  [1 3 5 7 9 11 14 15 17 19 21 24 25 27 29 32 34 36 38 40 42 44 46 48 50 52 54 56 58 60 62 65 66 68 70 ]   sup=2
                                    [1 3 5 7 9 11 14 15 17 19 21 24 25 27 29 32 34 36 38 40 42 44 46 48 50 52 54 56 58 60 62 65 66 68 70 73 74 ]   sup=1
                                    [1 3 5 7 9 11 14 15 17 19 21 24 25 27 29 32 34 36 38 40 42 44 46 48 50 52 54 56 58 60 62 65 66 68 70 72 74 ]   sup=1
                            [1 3 5 7 9 11 14 15 17 19 21 24 25 27 29 32 34 36 39 ]   sup=18
                              [1 3 5 7 9 11 14 15 17 19 21 24 25 27 29 32 34 36 39 40 ]   sup=14
                                [1 3 5 7 9 11 14 15 17 19 21 24 25 27 29 32 34 36 39 40 43 ]   sup=6
                                  [1 3 5 7 9 11 14 15 17 19 21 24 25 27 29 32 34 36 39 40 43 44 46 48 ]   sup=3
                                    [1 3 5 7 9 11 14 15 17 19 21 24 25 27 29 32 34 36 39 40 43 44 46 48 51 52 54 56 58 60 62 65 66 68 71 ]   sup=2
                                      [1 3 5 7 9 11 14 15 17 19 21 24 25 27 29 32 34 36 39 40 43 44 46 48 51 52 54 56 58 60 62 65 66 68 71 72 74 ]   sup=1
                                      [1 3 5 7 9 11 14 15 17 19 21 24 25 27 29 32 34 36 39 40 43 44 46 48 51 52 54 56 58 60 62 65 66 68 71 73 74 ]   sup=1
                                    [1 3 5 7 9 11 14 15 17 19 21 24 25 27 29 32 34 36 39 40 43 44 46 48 50 52 54 56 58 60 62 65 66 68 70 72 74 ]   sup=1
                                  [1 3 5 7 9 11 14 15 17 19 21 24 25 27 29 32 34 36 39 40 43 45 46 48 ]   sup=3
                                    [1 3 5 7 9 11 14 15 17 19 21 24 25 27 29 32 34 36 39 40 43 45 46 48 50 52 54 56 58 60 62 65 66 68 71 ]   sup=2
                                      [1 3 5 7 9 11 14 15 17 19 21 24 25 27 29 32 34 36 39 40 43 45 46 48 50 52 54 56 58 60 62 65 66 68 71 72 74 ]   sup=1
                                      [1 3 5 7 9 11 14 15 17 19 21 24 25 27 29 32 34 36 39 40 43 45 46 48 50 52 54 56 58 60 62 65 66 68 71 73 74 ]   sup=1
                                    [1 3 5 7 9 11 14 15 17 19 21 24 25 27 29 32 34 36 39 40 43 45 46 48 51 52 54 56 58 60 62 65 66 68 71 73 74 ]   sup=1
                                [1 3 5 7 9 11 14 15 17 19 21 24 25 27 29 32 34 36 39 40 42 ]   sup=8
                                  [1 3 5 7 9 11 14 15 17 19 21 24 25 27 29 32 34 36 39 40 42 45 46 48 ]   sup=4
                                    [1 3 5 7 9 11 14 15 17 19 21 24 25 27 29 32 34 36 39 40 42 45 46 48 50 52 54 56 58 60 62 65 66 68 71 ]   sup=2
                                      [1 3 5 7 9 11 14 15 17 19 21 24 25 27 29 32 34 36 39 40 42 45 46 48 50 52 54 56 58 60 62 65 66 68 71 72 74 ]   sup=1
                                      [1 3 5 7 9 11 14 15 17 19 21 24 25 27 29 32 34 36 39 40 42 45 46 48 50 52 54 56 58 60 62 65 66 68 71 73 74 ]   sup=1
                                    [1 3 5 7 9 11 14 15 17 19 21 24 25 27 29 32 34 36 39 40 42 45 46 48 51 52 54 56 58 60 62 65 66 68 71 ]   sup=2
                                      [1 3 5 7 9 11 14 15 17 19 21 24 25 27 29 32 34 36 39 40 42 45 46 48 51 52 54 56 58 60 62 65 66 68 71 72 74 ]   sup=1
                                      [1 3 5 7 9 11 14 15 17 19 21 24 25 27 29 32 34 36 39 40 42 45 46 48 51 52 54 56 58 60 62 65 66 68 71 73 74 ]   sup=1
                                  [1 3 5 7 9 11 14 15 17 19 21 24 25 27 29 32 34 36 39 40 42 44 46 48 ]   sup=4
                                    [1 3 5 7 9 11 14 15 17 19 21 24 25 27 29 32 34 36 39 40 42 44 46 48 51 52 54 56 58 60 62 65 66 68 71 ]   sup=2
                                      [1 3 5 7 9 11 14 15 17 19 21 24 25 27 29 32 34 36 39 40 42 44 46 48 51 52 54 56 58 60 62 65 66 68 71 72 74 ]   sup=1
                                      [1 3 5 7 9 11 14 15 17 19 21 24 25 27 29 32 34 36 39 40 42 44 46 48 51 52 54 56 58 60 62 65 66 68 71 73 74 ]   sup=1
                                    [1 3 5 7 9 11 14 15 17 19 21 24 25 27 29 32 34 36 39 40 42 44 46 48 50 52 54 56 58 60 62 65 66 68 71 ]   sup=2
                                      [1 3 5 7 9 11 14 15 17 19 21 24 25 27 29 32 34 36 39 40 42 44 46 48 50 52 54 56 58 60 62 65 66 68 71 72 74 ]   sup=1
                                      [1 3 5 7 9 11 14 15 17 19 21 24 25 27 29 32 34 36 39 40 42 44 46 48 50 52 54 56 58 60 62 65 66 68 71 73 74 ]   sup=1
                              [1 3 5 7 9 11 14 15 17 19 21 24 25 27 29 32 34 36 39 41 ]   sup=4
                                [1 3 5 7 9 11 14 15 17 19 21 24 25 27 29 32 34 36 39 41 43 44 46 48 51 52 54 56 58 60 62 65 66 68 71 ]   sup=2
                                  [1 3 5 7 9 11 14 15 17 19 21 24 25 27 29 32 34 36 39 41 43 44 46 48 51 52 54 56 58 60 62 65 66 68 71 72 74 ]   sup=1
                                  [1 3 5 7 9 11 14 15 17 19 21 24 25 27 29 32 34 36 39 41 43 44 46 48 51 52 54 56 58 60 62 65 66 68 71 73 74 ]   sup=1
                                [1 3 5 7 9 11 14 15 17 19 21 24 25 27 29 32 34 36 39 41 42 44 46 48 51 52 54 56 58 60 62 65 66 68 71 ]   sup=2
                                  [1 3 5 7 9 11 14 15 17 19 21 24 25 27 29 32 34 36 39 41 42 44 46 48 51 52 54 56 58 60 62 65 66 68 71 72 74 ]   sup=1
                                  [1 3 5 7 9 11 14 15 17 19 21 24 25 27 29 32 34 36 39 41 42 44 46 48 51 52 54 56 58 60 62 65 66 68 71 73 74 ]   sup=1
                        [1 3 5 7 9 11 14 15 17 19 21 24 25 28 29 ]   sup=9
                          [1 3 5 7 9 11 14 15 17 19 21 24 25 28 29 33 34 ]   sup=3
                            [1 3 5 7 9 11 14 15 17 19 21 24 25 28 29 33 34 37 38 40 42 44 46 49 50 52 54 56 58 60 62 64 66 68 70 72 74 ]   sup=1
                            [1 3 5 7 9 11 14 15 17 19 21 24 25 28 29 33 34 36 38 40 42 44 46 ]   sup=2
                              [1 3 5 7 9 11 14 15 17 19 21 24 25 28 29 33 34 36 38 40 42 44 46 48 50 52 54 56 58 60 62 64 66 68 70 72 74 ]   sup=1
                              [1 3 5 7 9 11 14 15 17 19 21 24 25 28 29 33 34 36 38 40 42 44 46 49 50 52 54 56 58 60 62 64 66 68 70 72 74 ]   sup=1
                          [1 3 5 7 9 11 14 15 17 19 21 24 25 28 29 31 34 ]   sup=6
                            [1 3 5 7 9 11 14 15 17 19 21 24 25 28 29 31 34 36 38 40 42 44 46 ]   sup=5
                              [1 3 5 7 9 11 14 15 17 19 21 24 25 28 29 31 34 36 38 40 42 44 46 48 ]   sup=4
                                [1 3 5 7 9 11 14 15 17 19 21 24 25 28 29 31 34 36 38 40 42 44 46 48 50 52 54 56 58 60 62 64 66 68 70 ]   sup=2
                                  [1 3 5 7 9 11 14 15 17 19 21 24 25 28 29 31 34 36 38 40 42 44 46 48 50 52 54 56 58 60 62 64 66 68 70 73 74 ]   sup=1
                                  [1 3 5 7 9 11 14 15 17 19 21 24 25 28 29 31 34 36 38 40 42 44 46 48 50 52 54 56 58 60 62 64 66 68 70 72 74 ]   sup=1
                                [1 3 5 7 9 11 14 15 17 19 21 24 25 28 29 31 34 36 38 40 42 44 46 48 51 52 54 56 58 60 62 64 66 68 70 ]   sup=2
                                  [1 3 5 7 9 11 14 15 17 19 21 24 25 28 29 31 34 36 38 40 42 44 46 48 51 52 54 56 58 60 62 64 66 68 70 73 74 ]   sup=1
                                  [1 3 5 7 9 11 14 15 17 19 21 24 25 28 29 31 34 36 38 40 42 44 46 48 51 52 54 56 58 60 62 64 66 68 70 72 74 ]   sup=1
                              [1 3 5 7 9 11 14 15 17 19 21 24 25 28 29 31 34 36 38 40 42 44 46 49 50 52 54 56 58 60 62 64 66 68 70 72 74 ]   sup=1
                            [1 3 5 7 9 11 14 15 17 19 21 24 25 28 29 31 34 37 38 40 42 44 46 49 50 52 54 56 58 60 62 64 66 68 70 72 74 ]   sup=1
                    [1 3 5 7 9 11 14 15 17 19 22 ]   sup=49
                      [1 3 5 7 9 11 14 15 17 19 22 24 25 ]   sup=16
                        [1 3 5 7 9 11 14 15 17 19 22 24 25 28 29 31 34 36 38 40 42 45 46 48 ]   sup=3
                          [1 3 5 7 9 11 14 15 17 19 22 24 25 28 29 31 34 36 38 40 42 45 46 48 51 52 54 56 58 60 62 64 66 68 70 72 74 ]   sup=1
                          [1 3 5 7 9 11 14 15 17 19 22 24 25 28 29 31 34 36 38 40 42 45 46 48 50 52 54 56 58 60 62 64 66 ]   sup=2
                            [1 3 5 7 9 11 14 15 17 19 22 24 25 28 29 31 34 36 38 40 42 45 46 48 50 52 54 56 58 60 62 64 66 68 70 72 74 ]   sup=1
                            [1 3 5 7 9 11 14 15 17 19 22 24 25 28 29 31 34 36 38 40 42 45 46 48 50 52 54 56 58 60 62 64 66 69 70 72 74 ]   sup=1
                        [1 3 5 7 9 11 14 15 17 19 22 24 25 27 29 ]   sup=13
                          [1 3 5 7 9 11 14 15 17 19 22 24 25 27 29 31 34 36 ]   sup=3
                            [1 3 5 7 9 11 14 15 17 19 22 24 25 27 29 31 34 36 39 40 43 45 46 48 ]   sup=2
                              [1 3 5 7 9 11 14 15 17 19 22 24 25 27 29 31 34 36 39 40 43 45 46 48 50 52 54 56 58 60 62 64 66 68 70 72 74 ]   sup=1
                              [1 3 5 7 9 11 14 15 17 19 22 24 25 27 29 31 34 36 39 40 43 45 46 48 51 52 54 56 58 60 62 64 66 68 70 72 74 ]   sup=1
                            [1 3 5 7 9 11 14 15 17 19 22 24 25 27 29 31 34 36 38 40 43 45 46 48 50 52 54 56 58 60 62 65 66 69 70 72 74 ]   sup=1
                          [1 3 5 7 9 11 14 15 17 19 22 24 25 27 29 32 34 36 ]   sup=10
                            [1 3 5 7 9 11 14 15 17 19 22 24 25 27 29 32 34 36 39 40 43 45 46 48 50 52 54 56 58 60 62 65 66 69 71 72 74 ]   sup=1
                            [1 3 5 7 9 11 14 15 17 19 22 24 25 27 29 32 34 36 38 40 ]   sup=9
                              [1 3 5 7 9 11 14 15 17 19 22 24 25 27 29 32 34 36 38 40 42 45 46 48 ]   sup=4
                                [1 3 5 7 9 11 14 15 17 19 22 24 25 27 29 32 34 36 38 40 42 45 46 48 51 52 54 56 58 60 62 65 66 69 70 ]   sup=2
                                  [1 3 5 7 9 11 14 15 17 19 22 24 25 27 29 32 34 36 38 40 42 45 46 48 51 52 54 56 58 60 62 65 66 69 70 73 74 ]   sup=1
                                  [1 3 5 7 9 11 14 15 17 19 22 24 25 27 29 32 34 36 38 40 42 45 46 48 51 52 54 56 58 60 62 65 66 69 70 72 74 ]   sup=1
                                [1 3 5 7 9 11 14 15 17 19 22 24 25 27 29 32 34 36 38 40 42 45 46 48 50 52 54 56 58 60 62 65 66 69 70 ]   sup=2
                                  [1 3 5 7 9 11 14 15 17 19 22 24 25 27 29 32 34 36 38 40 42 45 46 48 50 52 54 56 58 60 62 65 66 69 70 72 74 ]   sup=1
                                  [1 3 5 7 9 11 14 15 17 19 22 24 25 27 29 32 34 36 38 40 42 45 46 48 50 52 54 56 58 60 62 65 66 69 70 73 74 ]   sup=1
                              [1 3 5 7 9 11 14 15 17 19 22 24 25 27 29 32 34 36 38 40 43 45 46 48 ]   sup=5
                                [1 3 5 7 9 11 14 15 17 19 22 24 25 27 29 32 34 36 38 40 43 45 46 48 50 52 54 56 58 60 62 65 66 69 ]   sup=3
                                  [1 3 5 7 9 11 14 15 17 19 22 24 25 27 29 32 34 36 38 40 43 45 46 48 50 52 54 56 58 60 62 65 66 69 71 73 74 ]   sup=1
                                  [1 3 5 7 9 11 14 15 17 19 22 24 25 27 29 32 34 36 38 40 43 45 46 48 50 52 54 56 58 60 62 65 66 69 70 ]   sup=2
                                    [1 3 5 7 9 11 14 15 17 19 22 24 25 27 29 32 34 36 38 40 43 45 46 48 50 52 54 56 58 60 62 65 66 69 70 72 74 ]   sup=1
                                    [1 3 5 7 9 11 14 15 17 19 22 24 25 27 29 32 34 36 38 40 43 45 46 48 50 52 54 56 58 60 62 65 66 69 70 73 74 ]   sup=1
                                [1 3 5 7 9 11 14 15 17 19 22 24 25 27 29 32 34 36 38 40 43 45 46 48 51 52 54 56 58 60 62 65 66 69 ]   sup=2
                                  [1 3 5 7 9 11 14 15 17 19 22 24 25 27 29 32 34 36 38 40 43 45 46 48 51 52 54 56 58 60 62 65 66 69 71 73 74 ]   sup=1
                                  [1 3 5 7 9 11 14 15 17 19 22 24 25 27 29 32 34 36 38 40 43 45 46 48 51 52 54 56 58 60 62 65 66 69 70 73 74 ]   sup=1
                      [1 3 5 7 9 11 14 15 17 19 22 23 ]   sup=33
                        [1 3 5 7 9 11 14 15 17 19 22 23 25 ]   sup=27
                          [1 3 5 7 9 11 14 15 17 19 22 23 25 28 29 31 34 ]   sup=10
                            [1 3 5 7 9 11 14 15 17 19 22 23 25 28 29 31 34 36 38 40 42 45 46 ]   sup=9
                              [1 3 5 7 9 11 14 15 17 19 22 23 25 28 29 31 34 36 38 40 42 45 46 48 ]   sup=8
                                [1 3 5 7 9 11 14 15 17 19 22 23 25 28 29 31 34 36 38 40 42 45 46 48 50 52 ]   sup=4
                                  [1 3 5 7 9 11 14 15 17 19 22 23 25 28 29 31 34 36 38 40 42 45 46 48 50 52 55 56 58 60 62 64 66 ]   sup=3
                                    [1 3 5 7 9 11 14 15 17 19 22 23 25 28 29 31 34 36 38 40 42 45 46 48 50 52 55 56 58 60 62 64 66 68 70 72 ]   sup=2
                                      [1 3 5 7 9 11 14 15 17 19 22 23 25 28 29 31 34 36 38 40 42 45 46 48 50 52 55 56 58 60 62 64 66 68 70 72 75 ]   sup=1
                                      [1 3 5 7 9 11 14 15 17 19 22 23 25 28 29 31 34 36 38 40 42 45 46 48 50 52 55 56 58 60 62 64 66 68 70 72 74 ]   sup=1
                                    [1 3 5 7 9 11 14 15 17 19 22 23 25 28 29 31 34 36 38 40 42 45 46 48 50 52 55 56 58 60 62 64 66 69 70 72 75 ]   sup=1
                                  [1 3 5 7 9 11 14 15 17 19 22 23 25 28 29 31 34 36 38 40 42 45 46 48 50 52 54 56 58 60 62 64 66 68 70 72 74 ]   sup=1
                                [1 3 5 7 9 11 14 15 17 19 22 23 25 28 29 31 34 36 38 40 42 45 46 48 51 52 ]   sup=4
                                  [1 3 5 7 9 11 14 15 17 19 22 23 25 28 29 31 34 36 38 40 42 45 46 48 51 52 54 56 58 60 62 64 66 68 70 72 74 ]   sup=1
                                  [1 3 5 7 9 11 14 15 17 19 22 23 25 28 29 31 34 36 38 40 42 45 46 48 51 52 55 56 58 60 62 64 66 ]   sup=3
                                    [1 3 5 7 9 11 14 15 17 19 22 23 25 28 29 31 34 36 38 40 42 45 46 48 51 52 55 56 58 60 62 64 66 69 70 72 75 ]   sup=1
                                    [1 3 5 7 9 11 14 15 17 19 22 23 25 28 29 31 34 36 38 40 42 45 46 48 51 52 55 56 58 60 62 64 66 68 70 72 ]   sup=2
                                      [1 3 5 7 9 11 14 15 17 19 22 23 25 28 29 31 34 36 38 40 42 45 46 48 51 52 55 56 58 60 62 64 66 68 70 72 75 ]   sup=1
                                      [1 3 5 7 9 11 14 15 17 19 22 23 25 28 29 31 34 36 38 40 42 45 46 48 51 52 55 56 58 60 62 64 66 68 70 72 74 ]   sup=1
                              [1 3 5 7 9 11 14 15 17 19 22 23 25 28 29 31 34 36 38 40 42 45 46 49 50 52 54 56 58 60 62 64 66 68 70 72 74 ]   sup=1
                            [1 3 5 7 9 11 14 15 17 19 22 23 25 28 29 31 34 37 38 40 42 45 46 49 50 52 54 56 58 60 62 64 66 68 70 72 74 ]   sup=1
                          [1 3 5 7 9 11 14 15 17 19 22 23 25 27 29 31 34 36 ]   sup=17
                            [1 3 5 7 9 11 14 15 17 19 22 23 25 27 29 31 34 36 39 40 42 45 46 48 ]   sup=9
                              [1 3 5 7 9 11 14 15 17 19 22 23 25 27 29 31 34 36 39 40 42 45 46 48 50 52 ]   sup=4
                                [1 3 5 7 9 11 14 15 17 19 22 23 25 27 29 31 34 36 39 40 42 45 46 48 50 52 54 56 58 60 62 64 66 68 70 72 75 ]   sup=1
                                [1 3 5 7 9 11 14 15 17 19 22 23 25 27 29 31 34 36 39 40 42 45 46 48 50 52 55 56 58 60 62 64 66 ]   sup=3
                                  [1 3 5 7 9 11 14 15 17 19 22 23 25 27 29 31 34 36 39 40 42 45 46 48 50 52 55 56 58 60 62 64 66 68 ]   sup=2
                                    [1 3 5 7 9 11 14 15 17 19 22 23 25 27 29 31 34 36 39 40 42 45 46 48 50 52 55 56 58 60 62 64 66 68 70 72 75 ]   sup=1
                                    [1 3 5 7 9 11 14 15 17 19 22 23 25 27 29 31 34 36 39 40 42 45 46 48 50 52 55 56 58 60 62 64 66 68 71 72 75 ]   sup=1
                                  [1 3 5 7 9 11 14 15 17 19 22 23 25 27 29 31 34 36 39 40 42 45 46 48 50 52 55 56 58 60 62 64 66 69 70 72 75 ]   sup=1
                              [1 3 5 7 9 11 14 15 17 19 22 23 25 27 29 31 34 36 39 40 42 45 46 48 51 52 55 56 58 60 62 64 66 ]   sup=5
                                [1 3 5 7 9 11 14 15 17 19 22 23 25 27 29 31 34 36 39 40 42 45 46 48 51 52 55 56 58 60 62 64 66 69 ]   sup=2
                                  [1 3 5 7 9 11 14 15 17 19 22 23 25 27 29 31 34 36 39 40 42 45 46 48 51 52 55 56 58 60 62 64 66 69 71 72 75 ]   sup=1
                                  [1 3 5 7 9 11 14 15 17 19 22 23 25 27 29 31 34 36 39 40 42 45 46 48 51 52 55 56 58 60 62 64 66 69 70 72 75 ]   sup=1
                                [1 3 5 7 9 11 14 15 17 19 22 23 25 27 29 31 34 36 39 40 42 45 46 48 51 52 55 56 58 60 62 64 66 68 ]   sup=3
                                  [1 3 5 7 9 11 14 15 17 19 22 23 25 27 29 31 34 36 39 40 42 45 46 48 51 52 55 56 58 60 62 64 66 68 70 72 ]   sup=2
                                    [1 3 5 7 9 11 14 15 17 19 22 23 25 27 29 31 34 36 39 40 42 45 46 48 51 52 55 56 58 60 62 64 66 68 70 72 75 ]   sup=1
                                    [1 3 5 7 9 11 14 15 17 19 22 23 25 27 29 31 34 36 39 40 42 45 46 48 51 52 55 56 58 60 62 64 66 68 70 72 74 ]   sup=1
                                  [1 3 5 7 9 11 14 15 17 19 22 23 25 27 29 31 34 36 39 40 42 45 46 48 51 52 55 56 58 60 62 64 66 68 71 72 75 ]   sup=1
                            [1 3 5 7 9 11 14 15 17 19 22 23 25 27 29 31 34 36 38 40 42 45 46 48 ]   sup=8
                              [1 3 5 7 9 11 14 15 17 19 22 23 25 27 29 31 34 36 38 40 42 45 46 48 50 52 ]   sup=4
                                [1 3 5 7 9 11 14 15 17 19 22 23 25 27 29 31 34 36 38 40 42 45 46 48 50 52 54 56 58 60 62 64 66 68 70 72 ]   sup=2
                                  [1 3 5 7 9 11 14 15 17 19 22 23 25 27 29 31 34 36 38 40 42 45 46 48 50 52 54 56 58 60 62 64 66 68 70 72 75 ]   sup=1
                                  [1 3 5 7 9 11 14 15 17 19 22 23 25 27 29 31 34 36 38 40 42 45 46 48 50 52 54 56 58 60 62 64 66 68 70 72 74 ]   sup=1
                                [1 3 5 7 9 11 14 15 17 19 22 23 25 27 29 31 34 36 38 40 42 45 46 48 50 52 55 56 58 60 62 64 66 ]   sup=2
                                  [1 3 5 7 9 11 14 15 17 19 22 23 25 27 29 31 34 36 38 40 42 45 46 48 50 52 55 56 58 60 62 64 66 68 70 72 75 ]   sup=1
                                  [1 3 5 7 9 11 14 15 17 19 22 23 25 27 29 31 34 36 38 40 42 45 46 48 50 52 55 56 58 60 62 64 66 69 70 72 75 ]   sup=1
                              [1 3 5 7 9 11 14 15 17 19 22 23 25 27 29 31 34 36 38 40 42 45 46 48 51 52 ]   sup=4
                                [1 3 5 7 9 11 14 15 17 19 22 23 25 27 29 31 34 36 38 40 42 45 46 48 51 52 55 56 58 60 62 64 66 ]   sup=2
                                  [1 3 5 7 9 11 14 15 17 19 22 23 25 27 29 31 34 36 38 40 42 45 46 48 51 52 55 56 58 60 62 64 66 69 70 72 75 ]   sup=1
                                  [1 3 5 7 9 11 14 15 17 19 22 23 25 27 29 31 34 36 38 40 42 45 46 48 51 52 55 56 58 60 62 64 66 68 70 72 75 ]   sup=1
                                [1 3 5 7 9 11 14 15 17 19 22 23 25 27 29 31 34 36 38 40 42 45 46 48 51 52 54 56 58 60 62 64 66 68 70 72 ]   sup=2
                                  [1 3 5 7 9 11 14 15 17 19 22 23 25 27 29 31 34 36 38 40 42 45 46 48 51 52 54 56 58 60 62 64 66 68 70 72 74 ]   sup=1
                                  [1 3 5 7 9 11 14 15 17 19 22 23 25 27 29 31 34 36 38 40 42 45 46 48 51 52 54 56 58 60 62 64 66 68 70 72 75 ]   sup=1
                        [1 3 5 7 9 11 14 15 17 19 22 23 26 ]   sup=6
                          [1 3 5 7 9 11 14 15 17 19 22 23 26 28 29 31 34 36 38 40 42 45 46 48 50 52 ]   sup=3
                            [1 3 5 7 9 11 14 15 17 19 22 23 26 28 29 31 34 36 38 40 42 45 46 48 50 52 54 56 58 60 62 64 66 68 70 72 74 ]   sup=1
                            [1 3 5 7 9 11 14 15 17 19 22 23 26 28 29 31 34 36 38 40 42 45 46 48 50 52 55 56 58 60 62 64 66 ]   sup=2
                              [1 3 5 7 9 11 14 15 17 19 22 23 26 28 29 31 34 36 38 40 42 45 46 48 50 52 55 56 58 60 62 64 66 69 70 72 75 ]   sup=1
                              [1 3 5 7 9 11 14 15 17 19 22 23 26 28 29 31 34 36 38 40 42 45 46 48 50 52 55 56 58 60 62 64 66 68 70 72 74 ]   sup=1
                          [1 3 5 7 9 11 14 15 17 19 22 23 26 27 29 31 34 36 38 40 42 45 46 48 ]   sup=3
                            [1 3 5 7 9 11 14 15 17 19 22 23 26 27 29 31 34 36 38 40 42 45 46 48 50 52 ]   sup=2
                              [1 3 5 7 9 11 14 15 17 19 22 23 26 27 29 31 34 36 38 40 42 45 46 48 50 52 54 56 58 60 62 64 66 68 70 72 75 ]   sup=1
                              [1 3 5 7 9 11 14 15 17 19 22 23 26 27 29 31 34 36 38 40 42 45 46 48 50 52 55 56 58 60 62 64 66 68 70 72 75 ]   sup=1
                            [1 3 5 7 9 11 14 15 17 19 22 23 26 27 29 31 34 36 38 40 42 45 46 48 51 52 55 56 58 60 62 64 66 69 70 72 75 ]   sup=1
      [1 3 6 ]   sup=106
        [1 3 6 8 9 11 14 15 17 19 21 23 25 ]   sup=3
          [1 3 6 8 9 11 14 15 17 19 21 23 25 27 29 31 34 36 38 40 42 44 46 48 51 52 55 56 58 60 62 64 66 68 71 72 ]   sup=2
            [1 3 6 8 9 11 14 15 17 19 21 23 25 27 29 31 34 36 38 40 42 44 46 48 51 52 55 56 58 60 62 64 66 68 71 72 74 ]   sup=1
            [1 3 6 8 9 11 14 15 17 19 21 23 25 27 29 31 34 36 38 40 42 44 46 48 51 52 55 56 58 60 62 64 66 68 71 72 75 ]   sup=1
          [1 3 6 8 9 11 14 15 17 19 21 23 25 28 29 31 34 36 38 40 42 44 46 48 51 52 54 56 58 60 62 64 66 68 71 72 75 ]   sup=1
        [1 3 6 7 ]   sup=103
          [1 3 6 7 10 ]   sup=18
            [1 3 6 7 10 11 ]   sup=12
              [1 3 6 7 10 11 13 15 17 20 21 23 25 27 29 32 ]   sup=2
                [1 3 6 7 10 11 13 15 17 20 21 23 25 27 29 32 35 36 39 40 43 45 47 48 50 52 54 56 58 60 62 65 67 68 71 73 74 ]   sup=1
                [1 3 6 7 10 11 13 15 17 20 21 23 25 27 29 32 34 36 39 40 43 45 47 48 50 52 54 56 58 60 62 65 67 68 71 73 74 ]   sup=1
              [1 3 6 7 10 11 14 15 17 ]   sup=10
                [1 3 6 7 10 11 14 15 17 19 ]   sup=6
                  [1 3 6 7 10 11 14 15 17 19 21 23 25 ]   sup=5
                    [1 3 6 7 10 11 14 15 17 19 21 23 25 28 29 31 34 36 38 40 42 44 46 48 50 52 54 56 58 60 62 64 66 68 71 72 75 ]   sup=1
                    [1 3 6 7 10 11 14 15 17 19 21 23 25 27 29 31 34 36 38 40 42 44 46 48 ]   sup=4
                      [1 3 6 7 10 11 14 15 17 19 21 23 25 27 29 31 34 36 38 40 42 44 46 48 51 52 55 56 58 60 62 64 66 68 71 72 ]   sup=2
                        [1 3 6 7 10 11 14 15 17 19 21 23 25 27 29 31 34 36 38 40 42 44 46 48 51 52 55 56 58 60 62 64 66 68 71 72 75 ]   sup=1
                        [1 3 6 7 10 11 14 15 17 19 21 23 25 27 29 31 34 36 38 40 42 44 46 48 51 52 55 56 58 60 62 64 66 68 71 72 74 ]   sup=1
                      [1 3 6 7 10 11 14 15 17 19 21 23 25 27 29 31 34 36 38 40 42 44 46 48 50 52 55 56 58 60 62 64 66 68 71 72 ]   sup=2
                        [1 3 6 7 10 11 14 15 17 19 21 23 25 27 29 31 34 36 38 40 42 44 46 48 50 52 55 56 58 60 62 64 66 68 71 72 75 ]   sup=1
                        [1 3 6 7 10 11 14 15 17 19 21 23 25 27 29 31 34 36 38 40 42 44 46 48 50 52 55 56 58 60 62 64 66 68 71 72 74 ]   sup=1
                  [1 3 6 7 10 11 14 15 17 19 22 24 25 27 29 32 34 36 39 40 43 45 46 48 51 52 54 56 58 60 62 65 66 69 71 72 74 ]   sup=1
                [1 3 6 7 10 11 14 15 17 20 21 24 25 27 29 ]   sup=4
                  [1 3 6 7 10 11 14 15 17 20 21 24 25 27 29 31 ]   sup=2
                    [1 3 6 7 10 11 14 15 17 20 21 24 25 27 29 31 34 36 39 40 43 45 47 48 50 52 54 57 58 60 63 65 66 69 71 73 74 ]   sup=1
                    [1 3 6 7 10 11 14 15 17 20 21 24 25 27 29 31 35 36 39 40 43 45 47 48 50 52 54 57 58 60 63 65 66 69 71 73 74 ]   sup=1
                  [1 3 6 7 10 11 14 15 17 20 21 24 25 27 29 32 ]   sup=2
                    [1 3 6 7 10 11 14 15 17 20 21 24 25 27 29 32 34 36 39 40 43 45 47 48 50 52 54 56 58 60 62 65 66 68 71 72 74 ]   sup=1
                    [1 3 6 7 10 11 14 15 17 20 21 24 25 27 29 32 35 36 39 40 43 45 47 48 50 52 54 56 58 60 62 65 66 68 71 72 74 ]   sup=1
            [1 3 6 7 10 12 ]   sup=6
              [1 3 6 7 10 12 13 15 17 20 21 24 25 27 29 32 34 36 39 40 43 45 47 48 50 52 54 56 58 60 62 65 66 68 71 72 74 ]   sup=1
              [1 3 6 7 10 12 14 15 17 20 21 23 25 27 29 31 ]   sup=5
                [1 3 6 7 10 12 14 15 17 20 21 23 25 27 29 31 34 36 39 40 42 45 47 48 50 52 55 56 58 60 ]   sup=3
                  [1 3 6 7 10 12 14 15 17 20 21 23 25 27 29 31 34 36 39 40 42 45 47 48 50 52 55 56 58 60 63 64 66 69 71 72 75 ]   sup=1
                  [1 3 6 7 10 12 14 15 17 20 21 23 25 27 29 31 34 36 39 40 42 45 47 48 50 52 55 56 58 60 62 64 66 ]   sup=2
                    [1 3 6 7 10 12 14 15 17 20 21 23 25 27 29 31 34 36 39 40 42 45 47 48 50 52 55 56 58 60 62 64 66 69 71 72 75 ]   sup=1
                    [1 3 6 7 10 12 14 15 17 20 21 23 25 27 29 31 34 36 39 40 42 45 47 48 50 52 55 56 58 60 62 64 66 68 71 72 74 ]   sup=1
                [1 3 6 7 10 12 14 15 17 20 21 23 25 27 29 31 35 36 39 40 42 45 47 48 50 52 55 56 58 60 62 64 66 ]   sup=2
                  [1 3 6 7 10 12 14 15 17 20 21 23 25 27 29 31 35 36 39 40 42 45 47 48 50 52 55 56 58 60 62 64 66 69 71 72 75 ]   sup=1
                  [1 3 6 7 10 12 14 15 17 20 21 23 25 27 29 31 35 36 39 40 42 45 47 48 50 52 55 56 58 60 62 64 66 68 71 72 74 ]   sup=1
          [1 3 6 7 9 ]   sup=85
            [1 3 6 7 9 12 13 15 17 20 21 ]   sup=14
              [1 3 6 7 9 12 13 15 17 20 21 23 25 27 29 ]   sup=8
                [1 3 6 7 9 12 13 15 17 20 21 23 25 27 29 32 ]   sup=4
                  [1 3 6 7 9 12 13 15 17 20 21 23 25 27 29 32 34 36 39 40 43 45 47 48 ]   sup=2
                    [1 3 6 7 9 12 13 15 17 20 21 23 25 27 29 32 34 36 39 40 43 45 47 48 50 52 54 56 58 60 62 65 67 68 71 73 74 ]   sup=1
                    [1 3 6 7 9 12 13 15 17 20 21 23 25 27 29 32 34 36 39 40 43 45 47 48 51 52 54 56 58 60 62 65 67 68 71 73 74 ]   sup=1
                  [1 3 6 7 9 12 13 15 17 20 21 23 25 27 29 32 35 36 39 40 43 45 47 48 ]   sup=2
                    [1 3 6 7 9 12 13 15 17 20 21 23 25 27 29 32 35 36 39 40 43 45 47 48 50 52 54 56 58 60 62 65 67 68 71 73 74 ]   sup=1
                    [1 3 6 7 9 12 13 15 17 20 21 23 25 27 29 32 35 36 39 40 43 45 47 48 51 52 54 56 58 60 62 65 67 68 71 73 74 ]   sup=1
                [1 3 6 7 9 12 13 15 17 20 21 23 25 27 29 31 ]   sup=4
                  [1 3 6 7 9 12 13 15 17 20 21 23 25 27 29 31 35 36 39 40 42 45 47 48 51 52 55 56 58 60 62 64 66 69 71 72 75 ]   sup=1
                  [1 3 6 7 9 12 13 15 17 20 21 23 25 27 29 31 34 36 39 40 42 45 47 48 50 52 55 56 58 60 ]   sup=3
                    [1 3 6 7 9 12 13 15 17 20 21 23 25 27 29 31 34 36 39 40 42 45 47 48 50 52 55 56 58 60 62 64 66 ]   sup=2
                      [1 3 6 7 9 12 13 15 17 20 21 23 25 27 29 31 34 36 39 40 42 45 47 48 50 52 55 56 58 60 62 64 66 69 71 72 75 ]   sup=1
                      [1 3 6 7 9 12 13 15 17 20 21 23 25 27 29 31 34 36 39 40 42 45 47 48 50 52 55 56 58 60 62 64 66 68 71 72 74 ]   sup=1
                    [1 3 6 7 9 12 13 15 17 20 21 23 25 27 29 31 34 36 39 40 42 45 47 48 50 52 55 56 58 60 63 64 66 69 71 72 75 ]   sup=1
              [1 3 6 7 9 12 13 15 17 20 21 24 25 27 29 ]   sup=6
                [1 3 6 7 9 12 13 15 17 20 21 24 25 27 29 32 34 36 39 40 43 45 47 48 ]   sup=2
                  [1 3 6 7 9 12 13 15 17 20 21 24 25 27 29 32 34 36 39 40 43 45 47 48 50 52 54 56 58 60 62 65 66 68 71 72 74 ]   sup=1
                  [1 3 6 7 9 12 13 15 17 20 21 24 25 27 29 32 34 36 39 40 43 45 47 48 51 52 54 56 58 60 62 65 66 68 71 72 74 ]   sup=1
                [1 3 6 7 9 12 13 15 17 20 21 24 25 27 29 31 ]   sup=4
                  [1 3 6 7 9 12 13 15 17 20 21 24 25 27 29 31 34 36 39 40 43 45 47 48 ]   sup=2
                    [1 3 6 7 9 12 13 15 17 20 21 24 25 27 29 31 34 36 39 40 43 45 47 48 51 52 54 57 58 60 63 65 66 69 71 73 74 ]   sup=1
                    [1 3 6 7 9 12 13 15 17 20 21 24 25 27 29 31 34 36 39 40 43 45 47 48 50 52 54 56 58 60 63 65 66 69 71 73 74 ]   sup=1
                  [1 3 6 7 9 12 13 15 17 20 21 24 25 27 29 31 35 36 39 40 43 45 47 48 ]   sup=2
                    [1 3 6 7 9 12 13 15 17 20 21 24 25 27 29 31 35 36 39 40 43 45 47 48 50 52 54 56 58 60 63 65 66 69 71 73 74 ]   sup=1
                    [1 3 6 7 9 12 13 15 17 20 21 24 25 27 29 31 35 36 39 40 43 45 47 48 51 52 54 57 58 60 63 65 66 69 71 73 74 ]   sup=1
            [1 3 6 7 9 11 ]   sup=71
              [1 3 6 7 9 11 14 15 17 ]   sup=27
                [1 3 6 7 9 11 14 15 17 20 21 ]   sup=8
                  [1 3 6 7 9 11 14 15 17 20 21 24 25 27 29 ]   sup=3
                    [1 3 6 7 9 11 14 15 17 20 21 24 25 27 29 32 ]   sup=2
                      [1 3 6 7 9 11 14 15 17 20 21 24 25 27 29 32 34 36 39 40 43 45 47 48 50 52 54 56 58 60 62 65 66 68 71 72 74 ]   sup=1
                      [1 3 6 7 9 11 14 15 17 20 21 24 25 27 29 32 35 36 39 40 43 45 47 48 50 52 54 56 58 60 62 65 66 68 71 72 74 ]   sup=1
                    [1 3 6 7 9 11 14 15 17 20 21 24 25 27 29 31 34 36 39 40 43 45 47 48 50 52 54 56 58 60 63 65 66 69 71 73 74 ]   sup=1
                  [1 3 6 7 9 11 14 15 17 20 21 23 25 27 29 31 ]   sup=5
                    [1 3 6 7 9 11 14 15 17 20 21 23 25 27 29 31 35 36 39 40 42 45 47 48 50 52 55 56 58 60 ]   sup=2
                      [1 3 6 7 9 11 14 15 17 20 21 23 25 27 29 31 35 36 39 40 42 45 47 48 50 52 55 56 58 60 63 64 66 69 71 72 75 ]   sup=1
                      [1 3 6 7 9 11 14 15 17 20 21 23 25 27 29 31 35 36 39 40 42 45 47 48 50 52 55 56 58 60 62 64 66 68 71 72 74 ]   sup=1
                    [1 3 6 7 9 11 14 15 17 20 21 23 25 27 29 31 34 36 39 40 42 45 47 48 50 52 55 56 58 60 ]   sup=3
                      [1 3 6 7 9 11 14 15 17 20 21 23 25 27 29 31 34 36 39 40 42 45 47 48 50 52 55 56 58 60 63 64 66 69 71 72 75 ]   sup=1
                      [1 3 6 7 9 11 14 15 17 20 21 23 25 27 29 31 34 36 39 40 42 45 47 48 50 52 55 56 58 60 62 64 66 ]   sup=2
                        [1 3 6 7 9 11 14 15 17 20 21 23 25 27 29 31 34 36 39 40 42 45 47 48 50 52 55 56 58 60 62 64 66 68 71 72 74 ]   sup=1
                        [1 3 6 7 9 11 14 15 17 20 21 23 25 27 29 31 34 36 39 40 42 45 47 48 50 52 55 56 58 60 62 64 66 69 71 72 75 ]   sup=1
                [1 3 6 7 9 11 14 15 17 19 ]   sup=19
                  [1 3 6 7 9 11 14 15 17 19 22 ]   sup=5
                    [1 3 6 7 9 11 14 15 17 19 22 24 25 27 29 32 34 36 39 40 43 45 46 48 50 52 54 56 58 60 62 65 66 69 ]   sup=2
                      [1 3 6 7 9 11 14 15 17 19 22 24 25 27 29 32 34 36 39 40 43 45 46 48 50 52 54 56 58 60 62 65 66 69 70 73 74 ]   sup=1
                      [1 3 6 7 9 11 14 15 17 19 22 24 25 27 29 32 34 36 39 40 43 45 46 48 50 52 54 56 58 60 62 65 66 69 71 72 74 ]   sup=1
                    [1 3 6 7 9 11 14 15 17 19 22 23 25 27 29 31 34 36 39 40 42 45 46 48 ]   sup=3
                      [1 3 6 7 9 11 14 15 17 19 22 23 25 27 29 31 34 36 39 40 42 45 46 48 51 52 55 56 58 60 62 64 66 69 70 72 75 ]   sup=1
                      [1 3 6 7 9 11 14 15 17 19 22 23 25 27 29 31 34 36 39 40 42 45 46 48 50 52 55 56 58 60 62 64 66 69 ]   sup=2
                        [1 3 6 7 9 11 14 15 17 19 22 23 25 27 29 31 34 36 39 40 42 45 46 48 50 52 55 56 58 60 62 64 66 69 71 72 75 ]   sup=1
                        [1 3 6 7 9 11 14 15 17 19 22 23 25 27 29 31 34 36 39 40 42 45 46 48 50 52 55 56 58 60 62 64 66 69 70 72 75 ]   sup=1
                  [1 3 6 7 9 11 14 15 17 19 21 ]   sup=14
                    [1 3 6 7 9 11 14 15 17 19 21 23 25 ]   sup=8
                      [1 3 6 7 9 11 14 15 17 19 21 23 25 28 29 31 34 36 ]   sup=2
                        [1 3 6 7 9 11 14 15 17 19 21 23 25 28 29 31 34 36 38 40 42 44 46 48 50 52 54 56 58 60 62 64 66 68 71 72 75 ]   sup=1
                        [1 3 6 7 9 11 14 15 17 19 21 23 25 28 29 31 34 36 39 40 42 44 46 48 51 52 54 56 58 60 62 64 66 68 71 72 75 ]   sup=1
                      [1 3 6 7 9 11 14 15 17 19 21 23 25 27 29 31 ]   sup=6
                        [1 3 6 7 9 11 14 15 17 19 21 23 25 27 29 31 34 36 ]   sup=5
                          [1 3 6 7 9 11 14 15 17 19 21 23 25 27 29 31 34 36 39 40 42 ]   sup=4
                            [1 3 6 7 9 11 14 15 17 19 21 23 25 27 29 31 34 36 39 40 42 45 46 48 ]   sup=2
                              [1 3 6 7 9 11 14 15 17 19 21 23 25 27 29 31 34 36 39 40 42 45 46 48 50 52 55 56 58 60 62 64 66 69 70 72 75 ]   sup=1
                              [1 3 6 7 9 11 14 15 17 19 21 23 25 27 29 31 34 36 39 40 42 45 46 48 51 52 55 56 58 60 62 64 66 69 71 72 74 ]   sup=1
                            [1 3 6 7 9 11 14 15 17 19 21 23 25 27 29 31 34 36 39 40 42 44 46 48 ]   sup=2
                              [1 3 6 7 9 11 14 15 17 19 21 23 25 27 29 31 34 36 39 40 42 44 46 48 51 52 54 56 58 60 62 64 66 68 71 72 75 ]   sup=1
                              [1 3 6 7 9 11 14 15 17 19 21 23 25 27 29 31 34 36 39 40 42 44 46 48 50 52 55 56 58 60 62 64 66 69 70 72 75 ]   sup=1
                          [1 3 6 7 9 11 14 15 17 19 21 23 25 27 29 31 34 36 38 40 42 44 46 48 51 52 55 56 58 60 62 64 66 68 71 72 74 ]   sup=1
                        [1 3 6 7 9 11 14 15 17 19 21 23 25 27 29 31 35 36 38 40 42 45 46 48 50 52 55 56 58 60 62 64 66 69 70 72 75 ]   sup=1
                    [1 3 6 7 9 11 14 15 17 19 21 24 25 27 29 ]   sup=6
                      [1 3 6 7 9 11 14 15 17 19 21 24 25 27 29 32 ]   sup=5
                        [1 3 6 7 9 11 14 15 17 19 21 24 25 27 29 32 35 36 38 40 43 44 46 48 50 52 54 56 58 60 62 65 66 68 70 73 74 ]   sup=1
                        [1 3 6 7 9 11 14 15 17 19 21 24 25 27 29 32 34 36 ]   sup=4
                          [1 3 6 7 9 11 14 15 17 19 21 24 25 27 29 32 34 36 38 40 43 44 46 48 50 52 54 56 58 60 62 65 66 68 71 73 74 ]   sup=1
                          [1 3 6 7 9 11 14 15 17 19 21 24 25 27 29 32 34 36 39 ]   sup=3
                            [1 3 6 7 9 11 14 15 17 19 21 24 25 27 29 32 34 36 39 41 43 44 46 48 51 52 54 56 58 60 62 65 66 68 71 73 74 ]   sup=1
                            [1 3 6 7 9 11 14 15 17 19 21 24 25 27 29 32 34 36 39 40 43 44 46 48 ]   sup=2
                              [1 3 6 7 9 11 14 15 17 19 21 24 25 27 29 32 34 36 39 40 43 44 46 48 51 52 54 56 58 60 62 65 66 68 71 73 74 ]   sup=1
                              [1 3 6 7 9 11 14 15 17 19 21 24 25 27 29 32 34 36 39 40 43 44 46 48 50 52 54 56 58 60 62 65 66 68 70 73 74 ]   sup=1
                      [1 3 6 7 9 11 14 15 17 19 21 24 25 27 29 31 34 36 39 40 42 44 46 48 50 52 54 56 58 60 62 65 66 69 70 73 74 ]   sup=1
              [1 3 6 7 9 11 13 15 17 ]   sup=44
                [1 3 6 7 9 11 13 15 17 20 21 ]   sup=20
                  [1 3 6 7 9 11 13 15 17 20 21 24 25 27 29 ]   sup=7
                    [1 3 6 7 9 11 13 15 17 20 21 24 25 27 29 31 ]   sup=3
                      [1 3 6 7 9 11 13 15 17 20 21 24 25 27 29 31 35 36 39 40 43 45 47 48 ]   sup=2
                        [1 3 6 7 9 11 13 15 17 20 21 24 25 27 29 31 35 36 39 40 43 45 47 48 51 52 54 57 58 60 63 65 66 69 71 73 74 ]   sup=1
                        [1 3 6 7 9 11 13 15 17 20 21 24 25 27 29 31 35 36 39 40 43 45 47 48 50 52 54 57 58 60 63 65 66 69 71 73 74 ]   sup=1
                      [1 3 6 7 9 11 13 15 17 20 21 24 25 27 29 31 34 36 39 40 43 45 47 48 50 52 54 57 58 60 63 65 66 69 71 73 74 ]   sup=1
                    [1 3 6 7 9 11 13 15 17 20 21 24 25 27 29 32 ]   sup=4
                      [1 3 6 7 9 11 13 15 17 20 21 24 25 27 29 32 34 36 39 40 43 45 47 48 ]   sup=2
                        [1 3 6 7 9 11 13 15 17 20 21 24 25 27 29 32 34 36 39 40 43 45 47 48 51 52 54 56 58 60 62 65 66 68 71 72 74 ]   sup=1
                        [1 3 6 7 9 11 13 15 17 20 21 24 25 27 29 32 34 36 39 40 43 45 47 48 50 52 54 56 58 60 62 65 66 68 71 72 74 ]   sup=1
                      [1 3 6 7 9 11 13 15 17 20 21 24 25 27 29 32 35 36 39 40 43 45 47 48 ]   sup=2
                        [1 3 6 7 9 11 13 15 17 20 21 24 25 27 29 32 35 36 39 40 43 45 47 48 51 52 54 56 58 60 62 65 66 68 71 72 74 ]   sup=1
                        [1 3 6 7 9 11 13 15 17 20 21 24 25 27 29 32 35 36 39 40 43 45 47 48 50 52 54 56 58 60 62 65 66 68 71 72 74 ]   sup=1
                  [1 3 6 7 9 11 13 15 17 20 21 23 ]   sup=13
                    [1 3 6 7 9 11 13 15 17 20 21 23 26 27 29 31 ]   sup=3
                      [1 3 6 7 9 11 13 15 17 20 21 23 26 27 29 31 34 36 39 40 42 45 47 48 50 52 55 56 58 60 62 64 66 68 71 72 74 ]   sup=1
                      [1 3 6 7 9 11 13 15 17 20 21 23 26 27 29 31 35 36 39 40 42 45 47 48 50 52 55 56 58 60 ]   sup=2
                        [1 3 6 7 9 11 13 15 17 20 21 23 26 27 29 31 35 36 39 40 42 45 47 48 50 52 55 56 58 60 62 64 66 69 71 72 75 ]   sup=1
                        [1 3 6 7 9 11 13 15 17 20 21 23 26 27 29 31 35 36 39 40 42 45 47 48 50 52 55 56 58 60 63 64 66 69 71 72 75 ]   sup=1
                    [1 3 6 7 9 11 13 15 17 20 21 23 25 27 29 ]   sup=10
                      [1 3 6 7 9 11 13 15 17 20 21 23 25 27 29 32 ]   sup=3
                        [1 3 6 7 9 11 13 15 17 20 21 23 25 27 29 32 34 36 39 40 43 45 47 48 50 52 54 56 58 60 62 65 67 68 71 73 74 ]   sup=1
                        [1 3 6 7 9 11 13 15 17 20 21 23 25 27 29 32 35 36 39 40 43 45 47 48 ]   sup=2
                          [1 3 6 7 9 11 13 15 17 20 21 23 25 27 29 32 35 36 39 40 43 45 47 48 50 52 54 56 58 60 62 65 67 68 71 73 74 ]   sup=1
                          [1 3 6 7 9 11 13 15 17 20 21 23 25 27 29 32 35 36 39 40 43 45 47 48 51 52 54 56 58 60 62 65 67 68 71 73 74 ]   sup=1
                      [1 3 6 7 9 11 13 15 17 20 21 23 25 27 29 31 ]   sup=7
                        [1 3 6 7 9 11 13 15 17 20 21 23 25 27 29 31 35 36 39 40 42 45 47 48 51 52 55 56 58 60 63 64 66 69 71 72 75 ]   sup=1
                        [1 3 6 7 9 11 13 15 17 20 21 23 25 27 29 31 34 36 39 40 42 45 47 48 ]   sup=6
                          [1 3 6 7 9 11 13 15 17 20 21 23 25 27 29 31 34 36 39 40 42 45 47 48 51 52 55 56 58 60 ]   sup=3
                            [1 3 6 7 9 11 13 15 17 20 21 23 25 27 29 31 34 36 39 40 42 45 47 48 51 52 55 56 58 60 63 64 66 69 71 72 75 ]   sup=1
                            [1 3 6 7 9 11 13 15 17 20 21 23 25 27 29 31 34 36 39 40 42 45 47 48 51 52 55 56 58 60 62 64 66 ]   sup=2
                              [1 3 6 7 9 11 13 15 17 20 21 23 25 27 29 31 34 36 39 40 42 45 47 48 51 52 55 56 58 60 62 64 66 68 71 72 74 ]   sup=1
                              [1 3 6 7 9 11 13 15 17 20 21 23 25 27 29 31 34 36 39 40 42 45 47 48 51 52 55 56 58 60 62 64 66 69 71 72 75 ]   sup=1
                          [1 3 6 7 9 11 13 15 17 20 21 23 25 27 29 31 34 36 39 40 42 45 47 48 50 52 55 56 58 60 ]   sup=3
                            [1 3 6 7 9 11 13 15 17 20 21 23 25 27 29 31 34 36 39 40 42 45 47 48 50 52 55 56 58 60 63 64 66 69 71 72 75 ]   sup=1
                            [1 3 6 7 9 11 13 15 17 20 21 23 25 27 29 31 34 36 39 40 42 45 47 48 50 52 55 56 58 60 62 64 66 ]   sup=2
                              [1 3 6 7 9 11 13 15 17 20 21 23 25 27 29 31 34 36 39 40 42 45 47 48 50 52 55 56 58 60 62 64 66 68 71 72 74 ]   sup=1
                              [1 3 6 7 9 11 13 15 17 20 21 23 25 27 29 31 34 36 39 40 42 45 47 48 50 52 55 56 58 60 62 64 66 69 71 72 75 ]   sup=1
                [1 3 6 7 9 11 13 15 17 19 ]   sup=24
                  [1 3 6 7 9 11 13 15 17 19 22 ]   sup=10
                    [1 3 6 7 9 11 13 15 17 19 22 23 ]   sup=5
                      [1 3 6 7 9 11 13 15 17 19 22 23 25 27 29 31 34 36 39 40 42 45 46 48 ]   sup=3
                        [1 3 6 7 9 11 13 15 17 19 22 23 25 27 29 31 34 36 39 40 42 45 46 48 50 52 55 56 58 60 62 64 66 69 ]   sup=2
                          [1 3 6 7 9 11 13 15 17 19 22 23 25 27 29 31 34 36 39 40 42 45 46 48 50 52 55 56 58 60 62 64 66 69 70 72 75 ]   sup=1
                          [1 3 6 7 9 11 13 15 17 19 22 23 25 27 29 31 34 36 39 40 42 45 46 48 50 52 55 56 58 60 62 64 66 69 71 72 75 ]   sup=1
                        [1 3 6 7 9 11 13 15 17 19 22 23 25 27 29 31 34 36 39 40 42 45 46 48 51 52 55 56 58 60 62 64 66 69 71 72 75 ]   sup=1
                      [1 3 6 7 9 11 13 15 17 19 22 23 26 27 29 31 34 36 39 40 42 45 46 48 51 52 55 56 58 60 62 64 66 69 ]   sup=2
                        [1 3 6 7 9 11 13 15 17 19 22 23 26 27 29 31 34 36 39 40 42 45 46 48 51 52 55 56 58 60 62 64 66 69 71 72 75 ]   sup=1
                        [1 3 6 7 9 11 13 15 17 19 22 23 26 27 29 31 34 36 39 40 42 45 46 48 51 52 55 56 58 60 62 64 66 69 70 72 75 ]   sup=1
                    [1 3 6 7 9 11 13 15 17 19 22 24 25 27 29 32 ]   sup=5
                      [1 3 6 7 9 11 13 15 17 19 22 24 25 27 29 32 34 36 39 40 43 45 46 48 ]   sup=4
                        [1 3 6 7 9 11 13 15 17 19 22 24 25 27 29 32 34 36 39 40 43 45 46 48 51 52 54 56 58 60 62 65 66 69 ]   sup=2
                          [1 3 6 7 9 11 13 15 17 19 22 24 25 27 29 32 34 36 39 40 43 45 46 48 51 52 54 56 58 60 62 65 66 69 70 73 74 ]   sup=1
                          [1 3 6 7 9 11 13 15 17 19 22 24 25 27 29 32 34 36 39 40 43 45 46 48 51 52 54 56 58 60 62 65 66 69 71 72 74 ]   sup=1
                        [1 3 6 7 9 11 13 15 17 19 22 24 25 27 29 32 34 36 39 40 43 45 46 48 50 52 54 56 58 60 62 65 66 69 ]   sup=2
                          [1 3 6 7 9 11 13 15 17 19 22 24 25 27 29 32 34 36 39 40 43 45 46 48 50 52 54 56 58 60 62 65 66 69 70 73 74 ]   sup=1
                          [1 3 6 7 9 11 13 15 17 19 22 24 25 27 29 32 34 36 39 40 43 45 46 48 50 52 54 56 58 60 62 65 66 69 71 72 74 ]   sup=1
                      [1 3 6 7 9 11 13 15 17 19 22 24 25 27 29 32 35 36 39 40 43 45 46 48 50 52 54 56 58 60 62 65 66 69 70 73 74 ]   sup=1
                  [1 3 6 7 9 11 13 15 17 19 21 ]   sup=14
                    [1 3 6 7 9 11 13 15 17 19 21 23 25 ]   sup=7
                      [1 3 6 7 9 11 13 15 17 19 21 23 25 28 29 31 34 36 39 40 42 44 46 48 50 52 54 56 58 60 62 64 66 68 71 72 75 ]   sup=1
                      [1 3 6 7 9 11 13 15 17 19 21 23 25 27 29 31 34 36 39 40 42 ]   sup=6
                        [1 3 6 7 9 11 13 15 17 19 21 23 25 27 29 31 34 36 39 40 42 45 46 48 50 52 55 56 58 60 62 64 66 69 70 72 75 ]   sup=1
                        [1 3 6 7 9 11 13 15 17 19 21 23 25 27 29 31 34 36 39 40 42 44 46 48 50 52 ]   sup=5
                          [1 3 6 7 9 11 13 15 17 19 21 23 25 27 29 31 34 36 39 40 42 44 46 48 50 52 54 56 58 60 62 ]   sup=3
                            [1 3 6 7 9 11 13 15 17 19 21 23 25 27 29 31 34 36 39 40 42 44 46 48 50 52 54 56 58 60 62 64 66 68 71 72 75 ]   sup=1
                            [1 3 6 7 9 11 13 15 17 19 21 23 25 27 29 31 34 36 39 40 42 44 46 48 50 52 54 56 58 60 62 65 67 68 ]   sup=2
                              [1 3 6 7 9 11 13 15 17 19 21 23 25 27 29 31 34 36 39 40 42 44 46 48 50 52 54 56 58 60 62 65 67 68 70 73 74 ]   sup=1
                              [1 3 6 7 9 11 13 15 17 19 21 23 25 27 29 31 34 36 39 40 42 44 46 48 50 52 54 56 58 60 62 65 67 68 71 73 74 ]   sup=1
                          [1 3 6 7 9 11 13 15 17 19 21 23 25 27 29 31 34 36 39 40 42 44 46 48 50 52 55 56 58 60 62 64 66 69 71 72 ]   sup=2
                            [1 3 6 7 9 11 13 15 17 19 21 23 25 27 29 31 34 36 39 40 42 44 46 48 50 52 55 56 58 60 62 64 66 69 71 72 74 ]   sup=1
                            [1 3 6 7 9 11 13 15 17 19 21 23 25 27 29 31 34 36 39 40 42 44 46 48 50 52 55 56 58 60 62 64 66 69 71 72 75 ]   sup=1
                    [1 3 6 7 9 11 13 15 17 19 21 24 25 27 29 ]   sup=7
                      [1 3 6 7 9 11 13 15 17 19 21 24 25 27 29 31 34 36 39 40 42 44 46 48 50 52 54 56 58 60 62 65 66 69 ]   sup=2
                        [1 3 6 7 9 11 13 15 17 19 21 24 25 27 29 31 34 36 39 40 42 44 46 48 50 52 54 56 58 60 62 65 66 69 70 73 74 ]   sup=1
                        [1 3 6 7 9 11 13 15 17 19 21 24 25 27 29 31 34 36 39 40 42 44 46 48 50 52 54 56 58 60 62 65 66 69 71 73 74 ]   sup=1
                      [1 3 6 7 9 11 13 15 17 19 21 24 25 27 29 32 ]   sup=5
                        [1 3 6 7 9 11 13 15 17 19 21 24 25 27 29 32 35 36 ]   sup=2
                          [1 3 6 7 9 11 13 15 17 19 21 24 25 27 29 32 35 36 38 40 43 44 46 48 50 52 54 56 58 60 62 65 66 68 70 73 74 ]   sup=1
                          [1 3 6 7 9 11 13 15 17 19 21 24 25 27 29 32 35 36 39 40 43 44 46 48 51 52 54 56 58 60 62 65 66 68 70 73 74 ]   sup=1
                        [1 3 6 7 9 11 13 15 17 19 21 24 25 27 29 32 34 36 39 ]   sup=3
                          [1 3 6 7 9 11 13 15 17 19 21 24 25 27 29 32 34 36 39 41 43 44 46 48 51 52 54 56 58 60 63 65 66 68 71 73 74 ]   sup=1
                          [1 3 6 7 9 11 13 15 17 19 21 24 25 27 29 32 34 36 39 40 43 44 46 48 50 52 54 56 58 60 62 65 66 68 ]   sup=2
                            [1 3 6 7 9 11 13 15 17 19 21 24 25 27 29 32 34 36 39 40 43 44 46 48 50 52 54 56 58 60 62 65 66 68 70 73 74 ]   sup=1
                            [1 3 6 7 9 11 13 15 17 19 21 24 25 27 29 32 34 36 39 40 43 44 46 48 50 52 54 56 58 60 62 65 66 68 71 73 74 ]   sup=1
    [1 4 ]   sup=187
      [1 4 5 ]   sup=174
        [1 4 5 7 ]   sup=168
          [1 4 5 7 10 ]   sup=13
            [1 4 5 7 10 12 13 15 17 19 21 24 25 ]   sup=4
              [1 4 5 7 10 12 13 15 17 19 21 24 25 27 29 33 34 36 39 40 42 44 46 48 51 52 54 56 58 60 62 64 66 68 71 73 74 ]   sup=1
              [1 4 5 7 10 12 13 15 17 19 21 24 25 28 29 ]   sup=3
                [1 4 5 7 10 12 13 15 17 19 21 24 25 28 29 33 34 36 ]   sup=2
                  [1 4 5 7 10 12 13 15 17 19 21 24 25 28 29 33 34 36 39 40 42 44 46 48 51 52 54 56 58 60 62 64 66 68 71 73 74 ]   sup=1
                  [1 4 5 7 10 12 13 15 17 19 21 24 25 28 29 33 34 36 38 40 42 44 46 48 50 52 54 56 58 60 62 64 66 68 71 73 74 ]   sup=1
                [1 4 5 7 10 12 13 15 17 19 21 24 25 28 29 31 34 36 38 40 42 44 46 48 50 52 54 56 58 60 62 64 66 68 71 73 74 ]   sup=1
            [1 4 5 7 10 11 14 ]   sup=9
              [1 4 5 7 10 11 14 16 18 20 21 24 25 ]   sup=3
                [1 4 5 7 10 11 14 16 18 20 21 24 25 28 29 33 34 36 38 40 42 44 46 48 51 52 54 56 58 60 62 64 66 68 71 72 74 ]   sup=1
                [1 4 5 7 10 11 14 16 18 20 21 24 25 27 29 ]   sup=2
                  [1 4 5 7 10 11 14 16 18 20 21 24 25 27 29 31 34 36 38 40 43 44 46 48 51 52 54 56 58 60 62 64 66 68 71 72 74 ]   sup=1
                  [1 4 5 7 10 11 14 16 18 20 21 24 25 27 29 33 34 36 38 40 43 44 46 48 51 52 54 56 58 60 62 64 66 68 71 72 74 ]   sup=1
              [1 4 5 7 10 11 14 15 17 19 21 24 25 ]   sup=6
                [1 4 5 7 10 11 14 15 17 19 21 24 25 28 29 33 34 36 38 40 42 44 46 48 ]   sup=2
                  [1 4 5 7 10 11 14 15 17 19 21 24 25 28 29 33 34 36 38 40 42 44 46 48 50 52 54 56 58 60 62 64 66 68 71 72 74 ]   sup=1
                  [1 4 5 7 10 11 14 15 17 19 21 24 25 28 29 33 34 36 38 40 42 44 46 48 51 52 54 56 58 60 62 64 66 68 71 72 74 ]   sup=1
                [1 4 5 7 10 11 14 15 17 19 21 24 25 27 29 32 34 36 39 40 42 45 46 48 ]   sup=4
                  [1 4 5 7 10 11 14 15 17 19 21 24 25 27 29 32 34 36 39 40 42 45 46 48 50 52 54 ]   sup=2
                    [1 4 5 7 10 11 14 15 17 19 21 24 25 27 29 32 34 36 39 40 42 45 46 48 50 52 54 57 58 60 62 65 66 69 71 72 74 ]   sup=1
                    [1 4 5 7 10 11 14 15 17 19 21 24 25 27 29 32 34 36 39 40 42 45 46 48 50 52 54 56 58 60 62 65 66 69 71 73 74 ]   sup=1
                  [1 4 5 7 10 11 14 15 17 19 21 24 25 27 29 32 34 36 39 40 42 45 46 48 51 52 54 ]   sup=2
                    [1 4 5 7 10 11 14 15 17 19 21 24 25 27 29 32 34 36 39 40 42 45 46 48 51 52 54 57 58 60 62 65 66 69 71 72 74 ]   sup=1
                    [1 4 5 7 10 11 14 15 17 19 21 24 25 27 29 32 34 36 39 40 42 45 46 48 51 52 54 56 58 60 62 65 66 69 71 73 74 ]   sup=1
          [1 4 5 7 9 ]   sup=155
            [1 4 5 7 9 12 ]   sup=66
              [1 4 5 7 9 12 14 ]   sup=53
                [1 4 5 7 9 12 14 15 17 ]   sup=19
                  [1 4 5 7 9 12 14 15 17 20 21 24 25 ]   sup=9
                    [1 4 5 7 9 12 14 15 17 20 21 24 25 28 29 33 34 36 38 40 42 44 47 48 ]   sup=2
                      [1 4 5 7 9 12 14 15 17 20 21 24 25 28 29 33 34 36 38 40 42 44 47 48 51 52 54 56 58 60 62 64 66 68 70 72 74 ]   sup=1
                      [1 4 5 7 9 12 14 15 17 20 21 24 25 28 29 33 34 36 38 40 42 44 47 48 50 52 54 56 58 60 62 64 66 68 70 72 74 ]   sup=1
                    [1 4 5 7 9 12 14 15 17 20 21 24 25 27 29 ]   sup=7
                      [1 4 5 7 9 12 14 15 17 20 21 24 25 27 29 33 34 36 38 40 42 44 47 48 ]   sup=2
                        [1 4 5 7 9 12 14 15 17 20 21 24 25 27 29 33 34 36 38 40 42 44 47 48 51 52 54 56 58 60 62 64 66 68 70 72 74 ]   sup=1
                        [1 4 5 7 9 12 14 15 17 20 21 24 25 27 29 33 34 36 38 40 42 44 47 48 50 52 54 56 58 60 62 64 66 68 70 72 74 ]   sup=1
                      [1 4 5 7 9 12 14 15 17 20 21 24 25 27 29 32 34 36 38 40 42 45 47 48 50 52 54 56 58 60 62 65 66 68 70 ]   sup=2
                        [1 4 5 7 9 12 14 15 17 20 21 24 25 27 29 32 34 36 38 40 42 45 47 48 50 52 54 56 58 60 62 65 66 68 70 73 74 ]   sup=1
                        [1 4 5 7 9 12 14 15 17 20 21 24 25 27 29 32 34 36 38 40 42 45 47 48 50 52 54 56 58 60 62 65 66 68 70 72 74 ]   sup=1
                      [1 4 5 7 9 12 14 15 17 20 21 24 25 27 29 31 34 36 38 40 42 ]   sup=3
                        [1 4 5 7 9 12 14 15 17 20 21 24 25 27 29 31 34 36 38 40 42 45 47 48 50 52 54 56 58 60 62 65 66 69 70 73 74 ]   sup=1
                        [1 4 5 7 9 12 14 15 17 20 21 24 25 27 29 31 34 36 38 40 42 44 47 48 50 52 54 56 58 60 62 ]   sup=2
                          [1 4 5 7 9 12 14 15 17 20 21 24 25 27 29 31 34 36 38 40 42 44 47 48 50 52 54 56 58 60 62 65 66 68 70 73 74 ]   sup=1
                          [1 4 5 7 9 12 14 15 17 20 21 24 25 27 29 31 34 36 38 40 42 44 47 48 50 52 54 56 58 60 62 64 66 68 70 72 74 ]   sup=1
                  [1 4 5 7 9 12 14 15 17 19 21 24 25 ]   sup=10
                    [1 4 5 7 9 12 14 15 17 19 21 24 25 27 29 ]   sup=8
                      [1 4 5 7 9 12 14 15 17 19 21 24 25 27 29 33 34 36 ]   sup=2
                        [1 4 5 7 9 12 14 15 17 19 21 24 25 27 29 33 34 36 38 40 42 44 46 48 50 52 54 56 58 60 62 64 66 68 71 72 74 ]   sup=1
                        [1 4 5 7 9 12 14 15 17 19 21 24 25 27 29 33 34 36 39 40 42 44 46 48 51 52 54 56 58 60 62 64 66 68 71 72 74 ]   sup=1
                      [1 4 5 7 9 12 14 15 17 19 21 24 25 27 29 31 34 36 ]   sup=4
                        [1 4 5 7 9 12 14 15 17 19 21 24 25 27 29 31 34 36 38 40 42 44 46 48 50 52 54 56 58 60 62 64 66 68 71 72 74 ]   sup=1
                        [1 4 5 7 9 12 14 15 17 19 21 24 25 27 29 31 34 36 39 40 42 ]   sup=3
                          [1 4 5 7 9 12 14 15 17 19 21 24 25 27 29 31 34 36 39 40 42 45 46 48 50 52 54 56 58 60 62 65 66 69 71 73 74 ]   sup=1
                          [1 4 5 7 9 12 14 15 17 19 21 24 25 27 29 31 34 36 39 40 42 44 46 48 50 52 54 56 58 60 62 ]   sup=2
                            [1 4 5 7 9 12 14 15 17 19 21 24 25 27 29 31 34 36 39 40 42 44 46 48 50 52 54 56 58 60 62 64 66 68 71 72 74 ]   sup=1
                            [1 4 5 7 9 12 14 15 17 19 21 24 25 27 29 31 34 36 39 40 42 44 46 48 50 52 54 56 58 60 62 65 66 68 71 73 74 ]   sup=1
                      [1 4 5 7 9 12 14 15 17 19 21 24 25 27 29 32 34 36 39 40 42 45 46 48 50 52 54 56 58 60 62 65 66 68 71 ]   sup=2
                        [1 4 5 7 9 12 14 15 17 19 21 24 25 27 29 32 34 36 39 40 42 45 46 48 50 52 54 56 58 60 62 65 66 68 71 73 74 ]   sup=1
                        [1 4 5 7 9 12 14 15 17 19 21 24 25 27 29 32 34 36 39 40 42 45 46 48 50 52 54 56 58 60 62 65 66 68 71 72 74 ]   sup=1
                    [1 4 5 7 9 12 14 15 17 19 21 24 25 28 29 33 34 36 ]   sup=2
                      [1 4 5 7 9 12 14 15 17 19 21 24 25 28 29 33 34 36 39 40 42 44 46 48 51 52 54 56 58 60 62 64 66 68 71 72 74 ]   sup=1
                      [1 4 5 7 9 12 14 15 17 19 21 24 25 28 29 33 34 36 38 40 42 44 46 48 50 52 54 56 58 60 62 64 66 68 71 72 74 ]   sup=1
                [1 4 5 7 9 12 14 16 ]   sup=34
                  [1 4 5 7 9 12 14 16 17 ]   sup=13
                    [1 4 5 7 9 12 14 16 17 20 21 24 25 ]   sup=10
                      [1 4 5 7 9 12 14 16 17 20 21 24 25 28 29 ]   sup=4
                        [1 4 5 7 9 12 14 16 17 20 21 24 25 28 29 33 34 36 38 40 42 44 47 48 ]   sup=2
                          [1 4 5 7 9 12 14 16 17 20 21 24 25 28 29 33 34 36 38 40 42 44 47 48 51 52 54 56 58 60 62 64 66 68 70 72 74 ]   sup=1
                          [1 4 5 7 9 12 14 16 17 20 21 24 25 28 29 33 34 36 38 40 42 44 47 48 50 52 54 56 58 60 62 64 66 68 70 72 74 ]   sup=1
                        [1 4 5 7 9 12 14 16 17 20 21 24 25 28 29 31 34 36 38 40 42 44 47 48 50 52 54 56 58 60 62 64 66 68 70 ]   sup=2
                          [1 4 5 7 9 12 14 16 17 20 21 24 25 28 29 31 34 36 38 40 42 44 47 48 50 52 54 56 58 60 62 64 66 68 70 73 74 ]   sup=1
                          [1 4 5 7 9 12 14 16 17 20 21 24 25 28 29 31 34 36 38 40 42 44 47 48 50 52 54 56 58 60 62 64 66 68 70 72 74 ]   sup=1
                      [1 4 5 7 9 12 14 16 17 20 21 24 25 27 29 ]   sup=6
                        [1 4 5 7 9 12 14 16 17 20 21 24 25 27 29 32 34 36 38 40 42 44 47 48 50 52 54 56 58 60 62 64 66 68 70 ]   sup=2
                          [1 4 5 7 9 12 14 16 17 20 21 24 25 27 29 32 34 36 38 40 42 44 47 48 50 52 54 56 58 60 62 64 66 68 70 72 74 ]   sup=1
                          [1 4 5 7 9 12 14 16 17 20 21 24 25 27 29 32 34 36 38 40 42 44 47 48 50 52 54 56 58 60 62 64 66 68 70 73 74 ]   sup=1
                        [1 4 5 7 9 12 14 16 17 20 21 24 25 27 29 31 34 36 38 40 42 44 47 48 50 52 54 56 58 60 62 64 66 68 70 ]   sup=2
                          [1 4 5 7 9 12 14 16 17 20 21 24 25 27 29 31 34 36 38 40 42 44 47 48 50 52 54 56 58 60 62 64 66 68 70 73 74 ]   sup=1
                          [1 4 5 7 9 12 14 16 17 20 21 24 25 27 29 31 34 36 38 40 42 44 47 48 50 52 54 56 58 60 62 64 66 68 70 72 74 ]   sup=1
                        [1 4 5 7 9 12 14 16 17 20 21 24 25 27 29 33 34 36 38 40 42 44 47 48 ]   sup=2
                          [1 4 5 7 9 12 14 16 17 20 21 24 25 27 29 33 34 36 38 40 42 44 47 48 51 52 54 56 58 60 62 64 66 68 70 72 74 ]   sup=1
                          [1 4 5 7 9 12 14 16 17 20 21 24 25 27 29 33 34 36 38 40 42 44 47 48 50 52 54 56 58 60 62 64 66 68 70 72 74 ]   sup=1
                    [1 4 5 7 9 12 14 16 17 19 21 24 25 ]   sup=3
                      [1 4 5 7 9 12 14 16 17 19 21 24 25 27 29 ]   sup=2
                        [1 4 5 7 9 12 14 16 17 19 21 24 25 27 29 32 34 36 38 40 42 44 46 48 51 52 54 56 58 60 62 64 66 68 70 72 74 ]   sup=1
                        [1 4 5 7 9 12 14 16 17 19 21 24 25 27 29 31 34 36 38 40 42 44 46 48 51 52 54 56 58 60 62 64 66 68 70 72 74 ]   sup=1
                      [1 4 5 7 9 12 14 16 17 19 21 24 25 28 29 31 34 36 38 40 42 44 46 48 51 52 54 56 58 60 62 64 66 68 70 72 74 ]   sup=1
                  [1 4 5 7 9 12 14 16 18 20 21 24 25 ]   sup=21
                    [1 4 5 7 9 12 14 16 18 20 21 24 25 28 29 ]   sup=8
                      [1 4 5 7 9 12 14 16 18 20 21 24 25 28 29 33 34 36 ]   sup=4
                        [1 4 5 7 9 12 14 16 18 20 21 24 25 28 29 33 34 36 39 40 42 44 46 48 51 52 54 56 58 60 62 64 66 68 71 72 74 ]   sup=1
                        [1 4 5 7 9 12 14 16 18 20 21 24 25 28 29 33 34 36 38 40 42 44 46 48 ]   sup=3
                          [1 4 5 7 9 12 14 16 18 20 21 24 25 28 29 33 34 36 38 40 42 44 46 48 51 52 54 56 58 60 62 64 66 68 70 72 74 ]   sup=1
                          [1 4 5 7 9 12 14 16 18 20 21 24 25 28 29 33 34 36 38 40 42 44 46 48 50 52 54 56 58 60 62 64 66 68 ]   sup=2
                            [1 4 5 7 9 12 14 16 18 20 21 24 25 28 29 33 34 36 38 40 42 44 46 48 50 52 54 56 58 60 62 64 66 68 70 72 74 ]   sup=1
                            [1 4 5 7 9 12 14 16 18 20 21 24 25 28 29 33 34 36 38 40 42 44 46 48 50 52 54 56 58 60 62 64 66 68 71 72 74 ]   sup=1
                      [1 4 5 7 9 12 14 16 18 20 21 24 25 28 29 31 34 36 38 40 42 44 46 48 50 52 54 56 58 60 62 64 66 68 ]   sup=4
                        [1 4 5 7 9 12 14 16 18 20 21 24 25 28 29 31 34 36 38 40 42 44 46 48 50 52 54 56 58 60 62 64 66 68 70 ]   sup=2
                          [1 4 5 7 9 12 14 16 18 20 21 24 25 28 29 31 34 36 38 40 42 44 46 48 50 52 54 56 58 60 62 64 66 68 70 72 74 ]   sup=1
                          [1 4 5 7 9 12 14 16 18 20 21 24 25 28 29 31 34 36 38 40 42 44 46 48 50 52 54 56 58 60 62 64 66 68 70 73 74 ]   sup=1
                        [1 4 5 7 9 12 14 16 18 20 21 24 25 28 29 31 34 36 38 40 42 44 46 48 50 52 54 56 58 60 62 64 66 68 71 ]   sup=2
                          [1 4 5 7 9 12 14 16 18 20 21 24 25 28 29 31 34 36 38 40 42 44 46 48 50 52 54 56 58 60 62 64 66 68 71 72 74 ]   sup=1
                          [1 4 5 7 9 12 14 16 18 20 21 24 25 28 29 31 34 36 38 40 42 44 46 48 50 52 54 56 58 60 62 64 66 68 71 73 74 ]   sup=1
                    [1 4 5 7 9 12 14 16 18 20 21 24 25 27 29 ]   sup=13
                      [1 4 5 7 9 12 14 16 18 20 21 24 25 27 29 31 34 36 ]   sup=5
                        [1 4 5 7 9 12 14 16 18 20 21 24 25 27 29 31 34 36 39 40 42 44 46 48 50 52 54 56 58 60 62 64 66 68 71 ]   sup=2
                          [1 4 5 7 9 12 14 16 18 20 21 24 25 27 29 31 34 36 39 40 42 44 46 48 50 52 54 56 58 60 62 64 66 68 71 73 74 ]   sup=1
                          [1 4 5 7 9 12 14 16 18 20 21 24 25 27 29 31 34 36 39 40 42 44 46 48 50 52 54 56 58 60 62 64 66 68 71 72 74 ]   sup=1
                        [1 4 5 7 9 12 14 16 18 20 21 24 25 27 29 31 34 36 38 40 42 44 46 48 50 52 54 56 58 60 62 64 66 68 ]   sup=3
                          [1 4 5 7 9 12 14 16 18 20 21 24 25 27 29 31 34 36 38 40 42 44 46 48 50 52 54 56 58 60 62 64 66 68 70 ]   sup=2
                            [1 4 5 7 9 12 14 16 18 20 21 24 25 27 29 31 34 36 38 40 42 44 46 48 50 52 54 56 58 60 62 64 66 68 70 72 74 ]   sup=1
                            [1 4 5 7 9 12 14 16 18 20 21 24 25 27 29 31 34 36 38 40 42 44 46 48 50 52 54 56 58 60 62 64 66 68 70 73 74 ]   sup=1
                          [1 4 5 7 9 12 14 16 18 20 21 24 25 27 29 31 34 36 38 40 42 44 46 48 50 52 54 56 58 60 62 64 66 68 71 72 74 ]   sup=1
                      [1 4 5 7 9 12 14 16 18 20 21 24 25 27 29 32 34 36 ]   sup=4
                        [1 4 5 7 9 12 14 16 18 20 21 24 25 27 29 32 34 36 39 40 42 44 46 48 50 52 54 56 58 60 62 64 66 68 71 ]   sup=2
                          [1 4 5 7 9 12 14 16 18 20 21 24 25 27 29 32 34 36 39 40 42 44 46 48 50 52 54 56 58 60 62 64 66 68 71 72 74 ]   sup=1
                          [1 4 5 7 9 12 14 16 18 20 21 24 25 27 29 32 34 36 39 40 42 44 46 48 50 52 54 56 58 60 62 64 66 68 71 73 74 ]   sup=1
                        [1 4 5 7 9 12 14 16 18 20 21 24 25 27 29 32 34 36 38 40 42 44 46 48 50 52 54 56 58 60 62 64 66 68 70 ]   sup=2
                          [1 4 5 7 9 12 14 16 18 20 21 24 25 27 29 32 34 36 38 40 42 44 46 48 50 52 54 56 58 60 62 64 66 68 70 73 74 ]   sup=1
                          [1 4 5 7 9 12 14 16 18 20 21 24 25 27 29 32 34 36 38 40 42 44 46 48 50 52 54 56 58 60 62 64 66 68 70 72 74 ]   sup=1
                      [1 4 5 7 9 12 14 16 18 20 21 24 25 27 29 33 34 36 ]   sup=4
                        [1 4 5 7 9 12 14 16 18 20 21 24 25 27 29 33 34 36 38 40 42 44 46 48 ]   sup=3
                          [1 4 5 7 9 12 14 16 18 20 21 24 25 27 29 33 34 36 38 40 42 44 46 48 51 52 54 56 58 60 62 64 66 68 70 72 74 ]   sup=1
                          [1 4 5 7 9 12 14 16 18 20 21 24 25 27 29 33 34 36 38 40 42 44 46 48 50 52 54 56 58 60 62 64 66 68 ]   sup=2
                            [1 4 5 7 9 12 14 16 18 20 21 24 25 27 29 33 34 36 38 40 42 44 46 48 50 52 54 56 58 60 62 64 66 68 71 72 74 ]   sup=1
                            [1 4 5 7 9 12 14 16 18 20 21 24 25 27 29 33 34 36 38 40 42 44 46 48 50 52 54 56 58 60 62 64 66 68 70 72 74 ]   sup=1
                        [1 4 5 7 9 12 14 16 18 20 21 24 25 27 29 33 34 36 39 40 42 44 46 48 51 52 54 56 58 60 62 64 66 68 71 72 74 ]   sup=1
              [1 4 5 7 9 12 13 ]   sup=13
                [1 4 5 7 9 12 13 16 ]   sup=4
                  [1 4 5 7 9 12 13 16 17 19 21 24 25 ]   sup=2
                    [1 4 5 7 9 12 13 16 17 19 21 24 25 27 29 31 34 36 38 40 43 44 46 48 51 52 54 56 58 60 62 64 66 68 70 72 74 ]   sup=1
                    [1 4 5 7 9 12 13 16 17 19 21 24 25 28 29 31 34 36 38 40 42 44 46 48 51 52 54 56 58 60 62 64 66 68 70 72 74 ]   sup=1
                  [1 4 5 7 9 12 13 16 18 20 21 24 25 ]   sup=2
                    [1 4 5 7 9 12 13 16 18 20 21 24 25 28 29 33 34 36 38 40 42 44 46 48 50 52 54 56 58 60 62 64 66 68 70 72 74 ]   sup=1
                    [1 4 5 7 9 12 13 16 18 20 21 24 25 27 29 33 34 36 38 40 42 44 46 48 50 52 54 56 58 60 62 64 66 68 70 72 74 ]   sup=1
                [1 4 5 7 9 12 13 15 17 20 21 24 25 ]   sup=9
                  [1 4 5 7 9 12 13 15 17 20 21 24 25 27 29 33 34 36 ]   sup=3
                    [1 4 5 7 9 12 13 15 17 20 21 24 25 27 29 33 34 36 39 40 42 44 47 48 51 52 54 56 58 60 ]   sup=2
                      [1 4 5 7 9 12 13 15 17 20 21 24 25 27 29 33 34 36 39 40 42 44 47 48 51 52 54 56 58 60 62 64 66 68 71 73 74 ]   sup=1
                      [1 4 5 7 9 12 13 15 17 20 21 24 25 27 29 33 34 36 39 40 42 44 47 48 51 52 54 56 58 60 63 64 66 68 71 73 74 ]   sup=1
                    [1 4 5 7 9 12 13 15 17 20 21 24 25 27 29 33 34 36 38 40 42 44 47 48 51 52 54 56 58 60 62 64 66 68 70 73 74 ]   sup=1
                  [1 4 5 7 9 12 13 15 17 20 21 24 25 28 29 ]   sup=6
                    [1 4 5 7 9 12 13 15 17 20 21 24 25 28 29 31 34 36 38 40 42 44 47 48 50 52 54 56 58 60 62 64 66 68 ]   sup=2
                      [1 4 5 7 9 12 13 15 17 20 21 24 25 28 29 31 34 36 38 40 42 44 47 48 50 52 54 56 58 60 62 64 66 68 71 73 74 ]   sup=1
                      [1 4 5 7 9 12 13 15 17 20 21 24 25 28 29 31 34 36 38 40 42 44 47 48 50 52 54 56 58 60 62 64 66 68 70 73 74 ]   sup=1
                    [1 4 5 7 9 12 13 15 17 20 21 24 25 28 29 33 34 36 ]   sup=4
                      [1 4 5 7 9 12 13 15 17 20 21 24 25 28 29 33 34 36 38 40 42 44 47 48 ]   sup=3
                        [1 4 5 7 9 12 13 15 17 20 21 24 25 28 29 33 34 36 38 40 42 44 47 48 51 52 54 56 58 60 62 64 66 68 70 73 74 ]   sup=1
                        [1 4 5 7 9 12 13 15 17 20 21 24 25 28 29 33 34 36 38 40 42 44 47 48 50 52 54 56 58 60 62 64 66 68 ]   sup=2
                          [1 4 5 7 9 12 13 15 17 20 21 24 25 28 29 33 34 36 38 40 42 44 47 48 50 52 54 56 58 60 62 64 66 68 70 73 74 ]   sup=1
                          [1 4 5 7 9 12 13 15 17 20 21 24 25 28 29 33 34 36 38 40 42 44 47 48 50 52 54 56 58 60 62 64 66 68 71 73 74 ]   sup=1
                      [1 4 5 7 9 12 13 15 17 20 21 24 25 28 29 33 34 36 39 40 42 44 47 48 51 52 54 56 58 60 62 64 66 68 71 73 74 ]   sup=1
            [1 4 5 7 9 11 ]   sup=89
              [1 4 5 7 9 11 13 ]   sup=52
                [1 4 5 7 9 11 13 15 17 19 21 24 ]   sup=45
                  [1 4 5 7 9 11 13 15 17 19 21 24 26 27 29 31 34 36 38 40 ]   sup=2
                    [1 4 5 7 9 11 13 15 17 19 21 24 26 27 29 31 34 36 38 40 42 44 46 48 51 52 54 56 58 60 62 65 66 68 70 73 74 ]   sup=1
                    [1 4 5 7 9 11 13 15 17 19 21 24 26 27 29 31 34 36 38 40 43 44 46 48 51 52 54 56 58 60 63 65 66 68 70 73 74 ]   sup=1
                  [1 4 5 7 9 11 13 15 17 19 21 24 25 ]   sup=43
                    [1 4 5 7 9 11 13 15 17 19 21 24 25 28 29 ]   sup=9
                      [1 4 5 7 9 11 13 15 17 19 21 24 25 28 29 33 34 36 38 40 42 44 46 48 ]   sup=4
                        [1 4 5 7 9 11 13 15 17 19 21 24 25 28 29 33 34 36 38 40 42 44 46 48 50 52 54 56 58 60 62 64 66 68 70 ]   sup=2
                          [1 4 5 7 9 11 13 15 17 19 21 24 25 28 29 33 34 36 38 40 42 44 46 48 50 52 54 56 58 60 62 64 66 68 70 72 74 ]   sup=1
                          [1 4 5 7 9 11 13 15 17 19 21 24 25 28 29 33 34 36 38 40 42 44 46 48 50 52 54 56 58 60 62 64 66 68 70 73 74 ]   sup=1
                        [1 4 5 7 9 11 13 15 17 19 21 24 25 28 29 33 34 36 38 40 42 44 46 48 51 52 54 56 58 60 ]   sup=2
                          [1 4 5 7 9 11 13 15 17 19 21 24 25 28 29 33 34 36 38 40 42 44 46 48 51 52 54 56 58 60 63 64 66 68 70 72 74 ]   sup=1
                          [1 4 5 7 9 11 13 15 17 19 21 24 25 28 29 33 34 36 38 40 42 44 46 48 51 52 54 56 58 60 62 64 66 68 70 73 74 ]   sup=1
                      [1 4 5 7 9 11 13 15 17 19 21 24 25 28 29 31 34 36 38 40 42 44 46 48 ]   sup=5
                        [1 4 5 7 9 11 13 15 17 19 21 24 25 28 29 31 34 36 38 40 42 44 46 48 51 52 54 56 58 60 ]   sup=3
                          [1 4 5 7 9 11 13 15 17 19 21 24 25 28 29 31 34 36 38 40 42 44 46 48 51 52 54 56 58 60 62 64 66 68 70 ]   sup=2
                            [1 4 5 7 9 11 13 15 17 19 21 24 25 28 29 31 34 36 38 40 42 44 46 48 51 52 54 56 58 60 62 64 66 68 70 73 74 ]   sup=1
                            [1 4 5 7 9 11 13 15 17 19 21 24 25 28 29 31 34 36 38 40 42 44 46 48 51 52 54 56 58 60 62 64 66 68 70 72 74 ]   sup=1
                          [1 4 5 7 9 11 13 15 17 19 21 24 25 28 29 31 34 36 38 40 42 44 46 48 51 52 54 56 58 60 63 64 66 68 70 72 74 ]   sup=1
                        [1 4 5 7 9 11 13 15 17 19 21 24 25 28 29 31 34 36 38 40 42 44 46 48 50 52 54 56 58 60 62 64 66 68 70 ]   sup=2
                          [1 4 5 7 9 11 13 15 17 19 21 24 25 28 29 31 34 36 38 40 42 44 46 48 50 52 54 56 58 60 62 64 66 68 70 72 74 ]   sup=1
                          [1 4 5 7 9 11 13 15 17 19 21 24 25 28 29 31 34 36 38 40 42 44 46 48 50 52 54 56 58 60 62 64 66 68 70 73 74 ]   sup=1
                    [1 4 5 7 9 11 13 15 17 19 21 24 25 27 29 ]   sup=34
                      [1 4 5 7 9 11 13 15 17 19 21 24 25 27 29 31 34 36 38 40 ]   sup=18
                        [1 4 5 7 9 11 13 15 17 19 21 24 25 27 29 31 34 36 38 40 42 44 46 48 ]   sup=10
                          [1 4 5 7 9 11 13 15 17 19 21 24 25 27 29 31 34 36 38 40 42 44 46 48 51 ]   sup=8
                            [1 4 5 7 9 11 13 15 17 19 21 24 25 27 29 31 34 36 38 40 42 44 46 48 51 52 54 56 58 60 ]   sup=7
                              [1 4 5 7 9 11 13 15 17 19 21 24 25 27 29 31 34 36 38 40 42 44 46 48 51 52 54 56 58 60 62 ]   sup=4
                                [1 4 5 7 9 11 13 15 17 19 21 24 25 27 29 31 34 36 38 40 42 44 46 48 51 52 54 56 58 60 62 65 66 68 70 ]   sup=2
                                  [1 4 5 7 9 11 13 15 17 19 21 24 25 27 29 31 34 36 38 40 42 44 46 48 51 52 54 56 58 60 62 65 66 68 70 72 74 ]   sup=1
                                  [1 4 5 7 9 11 13 15 17 19 21 24 25 27 29 31 34 36 38 40 42 44 46 48 51 52 54 56 58 60 62 65 66 68 70 73 74 ]   sup=1
                                [1 4 5 7 9 11 13 15 17 19 21 24 25 27 29 31 34 36 38 40 42 44 46 48 51 52 54 56 58 60 62 64 66 68 70 ]   sup=2
                                  [1 4 5 7 9 11 13 15 17 19 21 24 25 27 29 31 34 36 38 40 42 44 46 48 51 52 54 56 58 60 62 64 66 68 70 73 74 ]   sup=1
                                  [1 4 5 7 9 11 13 15 17 19 21 24 25 27 29 31 34 36 38 40 42 44 46 48 51 52 54 56 58 60 62 64 66 68 70 72 74 ]   sup=1
                              [1 4 5 7 9 11 13 15 17 19 21 24 25 27 29 31 34 36 38 40 42 44 46 48 51 52 54 56 58 60 63 ]   sup=3
                                [1 4 5 7 9 11 13 15 17 19 21 24 25 27 29 31 34 36 38 40 42 44 46 48 51 52 54 56 58 60 63 65 66 68 70 ]   sup=2
                                  [1 4 5 7 9 11 13 15 17 19 21 24 25 27 29 31 34 36 38 40 42 44 46 48 51 52 54 56 58 60 63 65 66 68 70 73 74 ]   sup=1
                                  [1 4 5 7 9 11 13 15 17 19 21 24 25 27 29 31 34 36 38 40 42 44 46 48 51 52 54 56 58 60 63 65 66 68 70 72 74 ]   sup=1
                                [1 4 5 7 9 11 13 15 17 19 21 24 25 27 29 31 34 36 38 40 42 44 46 48 51 52 54 56 58 60 63 64 66 68 70 72 74 ]   sup=1
                            [1 4 5 7 9 11 13 15 17 19 21 24 25 27 29 31 34 36 38 40 42 44 46 48 51 53 54 56 58 60 62 65 66 68 70 73 74 ]   sup=1
                          [1 4 5 7 9 11 13 15 17 19 21 24 25 27 29 31 34 36 38 40 42 44 46 48 50 52 54 56 58 60 62 65 66 68 70 ]   sup=2
                            [1 4 5 7 9 11 13 15 17 19 21 24 25 27 29 31 34 36 38 40 42 44 46 48 50 52 54 56 58 60 62 65 66 68 70 73 74 ]   sup=1
                            [1 4 5 7 9 11 13 15 17 19 21 24 25 27 29 31 34 36 38 40 42 44 46 48 50 52 54 56 58 60 62 65 66 68 70 72 74 ]   sup=1
                        [1 4 5 7 9 11 13 15 17 19 21 24 25 27 29 31 34 36 38 40 43 44 46 48 ]   sup=8
                          [1 4 5 7 9 11 13 15 17 19 21 24 25 27 29 31 34 36 38 40 43 44 46 48 51 52 54 ]   sup=5
                            [1 4 5 7 9 11 13 15 17 19 21 24 25 27 29 31 34 36 38 40 43 44 46 48 51 52 54 57 58 60 62 65 66 68 70 73 74 ]   sup=1
                            [1 4 5 7 9 11 13 15 17 19 21 24 25 27 29 31 34 36 38 40 43 44 46 48 51 52 54 56 58 60 ]   sup=4
                              [1 4 5 7 9 11 13 15 17 19 21 24 25 27 29 31 34 36 38 40 43 44 46 48 51 52 54 56 58 60 63 ]   sup=2
                                [1 4 5 7 9 11 13 15 17 19 21 24 25 27 29 31 34 36 38 40 43 44 46 48 51 52 54 56 58 60 63 64 66 68 70 73 74 ]   sup=1
                                [1 4 5 7 9 11 13 15 17 19 21 24 25 27 29 31 34 36 38 40 43 44 46 48 51 52 54 56 58 60 63 65 66 68 70 73 74 ]   sup=1
                              [1 4 5 7 9 11 13 15 17 19 21 24 25 27 29 31 34 36 38 40 43 44 46 48 51 52 54 56 58 60 62 ]   sup=2
                                [1 4 5 7 9 11 13 15 17 19 21 24 25 27 29 31 34 36 38 40 43 44 46 48 51 52 54 56 58 60 62 65 66 68 70 73 74 ]   sup=1
                                [1 4 5 7 9 11 13 15 17 19 21 24 25 27 29 31 34 36 38 40 43 44 46 48 51 52 54 56 58 60 62 64 66 68 70 73 74 ]   sup=1
                          [1 4 5 7 9 11 13 15 17 19 21 24 25 27 29 31 34 36 38 40 43 44 46 48 50 ]   sup=3
                            [1 4 5 7 9 11 13 15 17 19 21 24 25 27 29 31 34 36 38 40 43 44 46 48 50 52 54 ]   sup=2
                              [1 4 5 7 9 11 13 15 17 19 21 24 25 27 29 31 34 36 38 40 43 44 46 48 50 52 54 56 58 60 62 65 66 68 70 73 74 ]   sup=1
                              [1 4 5 7 9 11 13 15 17 19 21 24 25 27 29 31 34 36 38 40 43 44 46 48 50 52 54 57 58 60 62 65 66 68 70 73 74 ]   sup=1
                            [1 4 5 7 9 11 13 15 17 19 21 24 25 27 29 31 34 36 38 40 43 44 46 48 50 53 54 57 58 60 62 65 66 68 70 73 74 ]   sup=1
                      [1 4 5 7 9 11 13 15 17 19 21 24 25 27 29 32 34 36 38 40 42 44 46 48 ]   sup=10
                        [1 4 5 7 9 11 13 15 17 19 21 24 25 27 29 32 34 36 38 40 42 44 46 48 51 52 54 56 58 60 ]   sup=8
                          [1 4 5 7 9 11 13 15 17 19 21 24 25 27 29 32 34 36 38 40 42 44 46 48 51 52 54 56 58 60 62 ]   sup=4
                            [1 4 5 7 9 11 13 15 17 19 21 24 25 27 29 32 34 36 38 40 42 44 46 48 51 52 54 56 58 60 62 64 66 68 70 ]   sup=2
                              [1 4 5 7 9 11 13 15 17 19 21 24 25 27 29 32 34 36 38 40 42 44 46 48 51 52 54 56 58 60 62 64 66 68 70 72 74 ]   sup=1
                              [1 4 5 7 9 11 13 15 17 19 21 24 25 27 29 32 34 36 38 40 42 44 46 48 51 52 54 56 58 60 62 64 66 68 70 73 74 ]   sup=1
                            [1 4 5 7 9 11 13 15 17 19 21 24 25 27 29 32 34 36 38 40 42 44 46 48 51 52 54 56 58 60 62 65 66 68 70 ]   sup=2
                              [1 4 5 7 9 11 13 15 17 19 21 24 25 27 29 32 34 36 38 40 42 44 46 48 51 52 54 56 58 60 62 65 66 68 70 72 74 ]   sup=1
                              [1 4 5 7 9 11 13 15 17 19 21 24 25 27 29 32 34 36 38 40 42 44 46 48 51 52 54 56 58 60 62 65 66 68 70 73 74 ]   sup=1
                          [1 4 5 7 9 11 13 15 17 19 21 24 25 27 29 32 34 36 38 40 42 44 46 48 51 52 54 56 58 60 63 ]   sup=4
                            [1 4 5 7 9 11 13 15 17 19 21 24 25 27 29 32 34 36 38 40 42 44 46 48 51 52 54 56 58 60 63 64 66 68 70 ]   sup=2
                              [1 4 5 7 9 11 13 15 17 19 21 24 25 27 29 32 34 36 38 40 42 44 46 48 51 52 54 56 58 60 63 64 66 68 70 72 74 ]   sup=1
                              [1 4 5 7 9 11 13 15 17 19 21 24 25 27 29 32 34 36 38 40 42 44 46 48 51 52 54 56 58 60 63 64 66 68 70 73 74 ]   sup=1
                            [1 4 5 7 9 11 13 15 17 19 21 24 25 27 29 32 34 36 38 40 42 44 46 48 51 52 54 56 58 60 63 65 66 68 70 ]   sup=2
                              [1 4 5 7 9 11 13 15 17 19 21 24 25 27 29 32 34 36 38 40 42 44 46 48 51 52 54 56 58 60 63 65 66 68 70 72 74 ]   sup=1
                              [1 4 5 7 9 11 13 15 17 19 21 24 25 27 29 32 34 36 38 40 42 44 46 48 51 52 54 56 58 60 63 65 66 68 70 73 74 ]   sup=1
                        [1 4 5 7 9 11 13 15 17 19 21 24 25 27 29 32 34 36 38 40 42 44 46 48 50 52 54 56 58 60 62 65 66 68 70 ]   sup=2
                          [1 4 5 7 9 11 13 15 17 19 21 24 25 27 29 32 34 36 38 40 42 44 46 48 50 52 54 56 58 60 62 65 66 68 70 73 74 ]   sup=1
                          [1 4 5 7 9 11 13 15 17 19 21 24 25 27 29 32 34 36 38 40 42 44 46 48 50 52 54 56 58 60 62 65 66 68 70 72 74 ]   sup=1
                      [1 4 5 7 9 11 13 15 17 19 21 24 25 27 29 33 34 ]   sup=6
                        [1 4 5 7 9 11 13 15 17 19 21 24 25 27 29 33 34 36 38 40 42 44 46 48 ]   sup=5
                          [1 4 5 7 9 11 13 15 17 19 21 24 25 27 29 33 34 36 38 40 42 44 46 48 51 52 54 56 58 60 ]   sup=3
                            [1 4 5 7 9 11 13 15 17 19 21 24 25 27 29 33 34 36 38 40 42 44 46 48 51 52 54 56 58 60 62 64 66 68 70 73 74 ]   sup=1
                            [1 4 5 7 9 11 13 15 17 19 21 24 25 27 29 33 34 36 38 40 42 44 46 48 51 52 54 56 58 60 63 64 66 68 70 ]   sup=2
                              [1 4 5 7 9 11 13 15 17 19 21 24 25 27 29 33 34 36 38 40 42 44 46 48 51 52 54 56 58 60 63 64 66 68 70 73 74 ]   sup=1
                              [1 4 5 7 9 11 13 15 17 19 21 24 25 27 29 33 34 36 38 40 42 44 46 48 51 52 54 56 58 60 63 64 66 68 70 72 74 ]   sup=1
                          [1 4 5 7 9 11 13 15 17 19 21 24 25 27 29 33 34 36 38 40 42 44 46 48 50 52 54 56 58 60 62 64 66 68 70 ]   sup=2
                            [1 4 5 7 9 11 13 15 17 19 21 24 25 27 29 33 34 36 38 40 42 44 46 48 50 52 54 56 58 60 62 64 66 68 70 73 74 ]   sup=1
                            [1 4 5 7 9 11 13 15 17 19 21 24 25 27 29 33 34 36 38 40 42 44 46 48 50 52 54 56 58 60 62 64 66 68 70 72 74 ]   sup=1
                        [1 4 5 7 9 11 13 15 17 19 21 24 25 27 29 33 34 37 38 40 42 44 46 49 50 52 54 56 58 60 62 64 66 68 70 72 74 ]   sup=1
                [1 4 5 7 9 11 13 16 ]   sup=7
                  [1 4 5 7 9 11 13 16 18 20 21 24 ]   sup=4
                    [1 4 5 7 9 11 13 16 18 20 21 24 25 ]   sup=3
                      [1 4 5 7 9 11 13 16 18 20 21 24 25 27 29 ]   sup=2
                        [1 4 5 7 9 11 13 16 18 20 21 24 25 27 29 32 34 36 38 40 42 44 46 48 51 52 54 56 58 60 62 64 66 68 70 72 74 ]   sup=1
                        [1 4 5 7 9 11 13 16 18 20 21 24 25 27 29 31 34 36 38 40 43 44 46 48 51 52 54 56 58 60 62 64 66 68 70 72 74 ]   sup=1
                      [1 4 5 7 9 11 13 16 18 20 21 24 25 28 29 31 34 36 38 40 42 44 46 48 51 52 54 56 58 60 62 64 66 68 70 72 74 ]   sup=1
                    [1 4 5 7 9 11 13 16 18 20 21 24 26 27 29 31 34 36 38 40 43 44 46 48 51 52 54 57 58 60 62 65 66 68 70 73 74 ]   sup=1
                  [1 4 5 7 9 11 13 16 17 19 21 24 25 ]   sup=3
                    [1 4 5 7 9 11 13 16 17 19 21 24 25 28 29 33 34 36 38 40 42 44 46 48 50 52 54 56 58 60 62 64 66 68 70 72 74 ]   sup=1
                    [1 4 5 7 9 11 13 16 17 19 21 24 25 27 29 ]   sup=2
                      [1 4 5 7 9 11 13 16 17 19 21 24 25 27 29 32 34 36 38 40 42 44 46 48 51 52 54 56 58 60 62 64 66 68 70 72 74 ]   sup=1
                      [1 4 5 7 9 11 13 16 17 19 21 24 25 27 29 33 34 36 38 40 42 44 46 48 50 52 54 56 58 60 62 64 66 68 70 72 74 ]   sup=1
              [1 4 5 7 9 11 14 ]   sup=37
                [1 4 5 7 9 11 14 15 17 19 21 24 25 ]   sup=21
                  [1 4 5 7 9 11 14 15 17 19 21 24 25 27 29 ]   sup=15
                    [1 4 5 7 9 11 14 15 17 19 21 24 25 27 29 32 34 36 38 40 42 44 46 48 ]   sup=4
                      [1 4 5 7 9 11 14 15 17 19 21 24 25 27 29 32 34 36 38 40 42 44 46 48 50 52 54 56 58 60 62 65 66 68 70 ]   sup=2
                        [1 4 5 7 9 11 14 15 17 19 21 24 25 27 29 32 34 36 38 40 42 44 46 48 50 52 54 56 58 60 62 65 66 68 70 72 74 ]   sup=1
                        [1 4 5 7 9 11 14 15 17 19 21 24 25 27 29 32 34 36 38 40 42 44 46 48 50 52 54 56 58 60 62 65 66 68 70 73 74 ]   sup=1
                      [1 4 5 7 9 11 14 15 17 19 21 24 25 27 29 32 34 36 38 40 42 44 46 48 51 52 54 56 58 60 62 65 66 68 70 ]   sup=2
                        [1 4 5 7 9 11 14 15 17 19 21 24 25 27 29 32 34 36 38 40 42 44 46 48 51 52 54 56 58 60 62 65 66 68 70 73 74 ]   sup=1
                        [1 4 5 7 9 11 14 15 17 19 21 24 25 27 29 32 34 36 38 40 42 44 46 48 51 52 54 56 58 60 62 65 66 68 70 72 74 ]   sup=1
                    [1 4 5 7 9 11 14 15 17 19 21 24 25 27 29 33 34 ]   sup=4
                      [1 4 5 7 9 11 14 15 17 19 21 24 25 27 29 33 34 36 38 40 42 44 46 ]   sup=3
                        [1 4 5 7 9 11 14 15 17 19 21 24 25 27 29 33 34 36 38 40 42 44 46 49 51 52 54 56 58 60 62 64 66 68 70 72 74 ]   sup=1
                        [1 4 5 7 9 11 14 15 17 19 21 24 25 27 29 33 34 36 38 40 42 44 46 48 ]   sup=2
                          [1 4 5 7 9 11 14 15 17 19 21 24 25 27 29 33 34 36 38 40 42 44 46 48 50 52 54 56 58 60 62 65 66 68 70 72 74 ]   sup=1
                          [1 4 5 7 9 11 14 15 17 19 21 24 25 27 29 33 34 36 38 40 42 44 46 48 51 52 54 56 58 60 62 64 66 68 70 72 74 ]   sup=1
                      [1 4 5 7 9 11 14 15 17 19 21 24 25 27 29 33 34 37 38 40 42 44 46 49 51 52 54 56 58 60 62 64 66 68 70 72 74 ]   sup=1
                    [1 4 5 7 9 11 14 15 17 19 21 24 25 27 29 31 34 ]   sup=7
                      [1 4 5 7 9 11 14 15 17 19 21 24 25 27 29 31 34 36 38 40 ]   sup=6
                        [1 4 5 7 9 11 14 15 17 19 21 24 25 27 29 31 34 36 38 40 42 44 46 ]   sup=5
                          [1 4 5 7 9 11 14 15 17 19 21 24 25 27 29 31 34 36 38 40 42 44 46 49 50 52 54 56 58 60 62 65 66 68 70 72 74 ]   sup=1
                          [1 4 5 7 9 11 14 15 17 19 21 24 25 27 29 31 34 36 38 40 42 44 46 48 ]   sup=4
                            [1 4 5 7 9 11 14 15 17 19 21 24 25 27 29 31 34 36 38 40 42 44 46 48 51 52 54 56 58 60 62 65 66 68 70 ]   sup=2
                              [1 4 5 7 9 11 14 15 17 19 21 24 25 27 29 31 34 36 38 40 42 44 46 48 51 52 54 56 58 60 62 65 66 68 70 72 74 ]   sup=1
                              [1 4 5 7 9 11 14 15 17 19 21 24 25 27 29 31 34 36 38 40 42 44 46 48 51 52 54 56 58 60 62 65 66 68 70 73 74 ]   sup=1
                            [1 4 5 7 9 11 14 15 17 19 21 24 25 27 29 31 34 36 38 40 42 44 46 48 50 52 54 56 58 60 62 65 66 68 70 ]   sup=2
                              [1 4 5 7 9 11 14 15 17 19 21 24 25 27 29 31 34 36 38 40 42 44 46 48 50 52 54 56 58 60 62 65 66 68 70 73 74 ]   sup=1
                              [1 4 5 7 9 11 14 15 17 19 21 24 25 27 29 31 34 36 38 40 42 44 46 48 50 52 54 56 58 60 62 65 66 68 70 72 74 ]   sup=1
                        [1 4 5 7 9 11 14 15 17 19 21 24 25 27 29 31 34 36 38 40 43 44 46 48 51 52 54 56 58 60 62 65 66 68 70 73 74 ]   sup=1
                      [1 4 5 7 9 11 14 15 17 19 21 24 25 27 29 31 34 37 38 40 42 44 46 49 50 52 54 56 58 60 62 65 66 68 70 72 74 ]   sup=1
                  [1 4 5 7 9 11 14 15 17 19 21 24 25 28 29 ]   sup=6
                    [1 4 5 7 9 11 14 15 17 19 21 24 25 28 29 31 34 36 38 40 42 44 46 48 ]   sup=4
                      [1 4 5 7 9 11 14 15 17 19 21 24 25 28 29 31 34 36 38 40 42 44 46 48 51 52 54 56 58 60 62 64 66 68 70 ]   sup=2
                        [1 4 5 7 9 11 14 15 17 19 21 24 25 28 29 31 34 36 38 40 42 44 46 48 51 52 54 56 58 60 62 64 66 68 70 73 74 ]   sup=1
                        [1 4 5 7 9 11 14 15 17 19 21 24 25 28 29 31 34 36 38 40 42 44 46 48 51 52 54 56 58 60 62 64 66 68 70 72 74 ]   sup=1
                      [1 4 5 7 9 11 14 15 17 19 21 24 25 28 29 31 34 36 38 40 42 44 46 48 50 52 54 56 58 60 62 64 66 68 70 ]   sup=2
                        [1 4 5 7 9 11 14 15 17 19 21 24 25 28 29 31 34 36 38 40 42 44 46 48 50 52 54 56 58 60 62 64 66 68 70 73 74 ]   sup=1
                        [1 4 5 7 9 11 14 15 17 19 21 24 25 28 29 31 34 36 38 40 42 44 46 48 50 52 54 56 58 60 62 64 66 68 70 72 74 ]   sup=1
                    [1 4 5 7 9 11 14 15 17 19 21 24 25 28 29 33 34 36 38 40 42 44 46 48 ]   sup=2
                      [1 4 5 7 9 11 14 15 17 19 21 24 25 28 29 33 34 36 38 40 42 44 46 48 51 52 54 56 58 60 62 64 66 68 70 72 74 ]   sup=1
                      [1 4 5 7 9 11 14 15 17 19 21 24 25 28 29 33 34 36 38 40 42 44 46 48 50 52 54 56 58 60 62 64 66 68 70 72 74 ]   sup=1
                [1 4 5 7 9 11 14 16 17 19 21 24 ]   sup=16
                  [1 4 5 7 9 11 14 16 17 19 21 24 25 ]   sup=14
                    [1 4 5 7 9 11 14 16 17 19 21 24 25 27 29 ]   sup=9
                      [1 4 5 7 9 11 14 16 17 19 21 24 25 27 29 33 34 36 38 40 42 44 46 48 ]   sup=2
                        [1 4 5 7 9 11 14 16 17 19 21 24 25 27 29 33 34 36 38 40 42 44 46 48 51 52 54 56 58 60 62 64 66 68 70 72 74 ]   sup=1
                        [1 4 5 7 9 11 14 16 17 19 21 24 25 27 29 33 34 36 38 40 42 44 46 48 50 52 54 56 58 60 62 64 66 68 70 72 74 ]   sup=1
                      [1 4 5 7 9 11 14 16 17 19 21 24 25 27 29 31 34 36 38 40 42 44 46 48 ]   sup=3
                        [1 4 5 7 9 11 14 16 17 19 21 24 25 27 29 31 34 36 38 40 42 44 46 48 50 52 54 56 58 60 62 64 66 68 70 ]   sup=2
                          [1 4 5 7 9 11 14 16 17 19 21 24 25 27 29 31 34 36 38 40 42 44 46 48 50 52 54 56 58 60 62 64 66 68 70 72 74 ]   sup=1
                          [1 4 5 7 9 11 14 16 17 19 21 24 25 27 29 31 34 36 38 40 42 44 46 48 50 52 54 56 58 60 62 64 66 68 70 73 74 ]   sup=1
                        [1 4 5 7 9 11 14 16 17 19 21 24 25 27 29 31 34 36 38 40 42 44 46 48 51 52 54 56 58 60 62 64 66 68 70 72 74 ]   sup=1
                      [1 4 5 7 9 11 14 16 17 19 21 24 25 27 29 32 34 36 38 40 42 44 46 48 ]   sup=4
                        [1 4 5 7 9 11 14 16 17 19 21 24 25 27 29 32 34 36 38 40 42 44 46 48 50 52 54 56 58 60 62 64 66 68 70 ]   sup=2
                          [1 4 5 7 9 11 14 16 17 19 21 24 25 27 29 32 34 36 38 40 42 44 46 48 50 52 54 56 58 60 62 64 66 68 70 73 74 ]   sup=1
                          [1 4 5 7 9 11 14 16 17 19 21 24 25 27 29 32 34 36 38 40 42 44 46 48 50 52 54 56 58 60 62 64 66 68 70 72 74 ]   sup=1
                        [1 4 5 7 9 11 14 16 17 19 21 24 25 27 29 32 34 36 38 40 42 44 46 48 51 52 54 56 58 60 62 64 66 68 70 ]   sup=2
                          [1 4 5 7 9 11 14 16 17 19 21 24 25 27 29 32 34 36 38 40 42 44 46 48 51 52 54 56 58 60 62 64 66 68 70 73 74 ]   sup=1
                          [1 4 5 7 9 11 14 16 17 19 21 24 25 27 29 32 34 36 38 40 42 44 46 48 51 52 54 56 58 60 62 64 66 68 70 72 74 ]   sup=1
                    [1 4 5 7 9 11 14 16 17 19 21 24 25 28 29 ]   sup=5
                      [1 4 5 7 9 11 14 16 17 19 21 24 25 28 29 31 34 36 38 40 42 44 46 48 ]   sup=3
                        [1 4 5 7 9 11 14 16 17 19 21 24 25 28 29 31 34 36 38 40 42 44 46 48 51 52 54 56 58 60 62 64 66 68 70 72 74 ]   sup=1
                        [1 4 5 7 9 11 14 16 17 19 21 24 25 28 29 31 34 36 38 40 42 44 46 48 50 52 54 56 58 60 62 64 66 68 70 ]   sup=2
                          [1 4 5 7 9 11 14 16 17 19 21 24 25 28 29 31 34 36 38 40 42 44 46 48 50 52 54 56 58 60 62 64 66 68 70 73 74 ]   sup=1
                          [1 4 5 7 9 11 14 16 17 19 21 24 25 28 29 31 34 36 38 40 42 44 46 48 50 52 54 56 58 60 62 64 66 68 70 72 74 ]   sup=1
                      [1 4 5 7 9 11 14 16 17 19 21 24 25 28 29 33 34 36 38 40 42 44 46 48 ]   sup=2
                        [1 4 5 7 9 11 14 16 17 19 21 24 25 28 29 33 34 36 38 40 42 44 46 48 50 52 54 56 58 60 62 64 66 68 70 72 74 ]   sup=1
                        [1 4 5 7 9 11 14 16 17 19 21 24 25 28 29 33 34 36 38 40 42 44 46 48 51 52 54 56 58 60 62 64 66 68 70 72 74 ]   sup=1
                  [1 4 5 7 9 11 14 16 17 19 21 24 26 27 29 31 34 36 38 40 43 44 46 48 51 52 54 56 58 60 62 ]   sup=2
                    [1 4 5 7 9 11 14 16 17 19 21 24 26 27 29 31 34 36 38 40 43 44 46 48 51 52 54 56 58 60 62 65 66 68 70 73 74 ]   sup=1
                    [1 4 5 7 9 11 14 16 17 19 21 24 26 27 29 31 34 36 38 40 43 44 46 48 51 52 54 56 58 60 62 64 66 68 70 73 74 ]   sup=1
        [1 4 5 8 9 ]   sup=6
          [1 4 5 8 9 12 14 16 17 19 21 24 25 28 29 33 34 36 38 40 42 44 46 48 51 52 54 56 58 60 62 64 66 68 71 72 74 ]   sup=1
          [1 4 5 8 9 11 ]   sup=5
            [1 4 5 8 9 11 14 ]   sup=4
              [1 4 5 8 9 11 14 15 17 19 21 24 25 ]   sup=3
                [1 4 5 8 9 11 14 15 17 19 21 24 25 28 29 33 34 36 38 40 42 44 46 48 51 52 54 56 58 60 62 64 66 68 71 72 74 ]   sup=1
                [1 4 5 8 9 11 14 15 17 19 21 24 25 27 29 32 34 36 39 40 42 45 46 48 51 52 54 ]   sup=2
                  [1 4 5 8 9 11 14 15 17 19 21 24 25 27 29 32 34 36 39 40 42 45 46 48 51 52 54 56 58 60 62 65 66 69 71 73 74 ]   sup=1
                  [1 4 5 8 9 11 14 15 17 19 21 24 25 27 29 32 34 36 39 40 42 45 46 48 51 52 54 57 58 60 62 65 66 69 71 72 74 ]   sup=1
              [1 